utc_time,TOF_Alt,Magx,Magy,Magz,Mag_heading,accelx,accely,accelz,angle roll,pitch,yaw,ldr
2014-09-24T01:30:00Z,2500.107,3.2454,2.2978,0.1888,35.299,0.0367,0.07591,0.01884,0.0524,-3.0232,149.9144,0.68019
2014-09-24T01:30:01Z,2499.621,3.4605,2.2865,0.1307,33.454,-0.00088,0.09949,0.03307,-0.0164,-2.9846,150.1499,0.68598
2014-09-24T01:30:02Z,2500.213,2.8855,2.2599,0.1345,38.068,-0.02911,0.04328,0.00529,0.0314,-2.877,149.8942,0.6827
2014-09-24T01:30:03Z,2500.231,3.3095,2.1946,0.13,33.549,0.01165,0.04635,0.05092,0.1056,-2.9706,150.0605,0.6824
2014-09-24T01:30:04Z,2499.157,3.0999,2.1104,0.1391,34.246,-0.00198,0.05476,-0.03112,0.135,-2.9549,149.9709,0.68536
2014-09-24T01:30:05Z,2499.311,3.207,2.0709,0.0601,32.852,-0.00068,0.06725,0.0195,0.1069,-2.9325,150.0709,0.68413
2014-09-24T01:30:06Z,2499.726,2.8352,2.3905,0.1607,40.136,0.01557,0.06239,-0.02265,0.1551,-2.8548,150.1788,0.7001
2014-09-24T01:30:07Z,2499.475,3.2999,2.3163,0.1508,35.066,0.02158,0.07506,0.0298,0.1762,-2.9781,149.9221,0.69115
2014-09-24T01:30:08Z,2499.475,3.1945,2.1018,0.111,33.343,0.00581,0.0318,0.01913,0.1608,-3.0523,150.0897,0.68637
2014-09-24T01:30:09Z,2499.067,3.0682,2.2166,0.2024,35.845,0.00402,0.06984,0.04932,0.1408,-3.0601,149.976,0.67707
2014-09-24T01:30:10Z,2499.549,3.167,2.1693,0.2109,34.41,0.05774,0.04134,0.01725,0.2695,-2.8719,150.1054,0.69122
2014-09-24T01:30:11Z,2499.38,2.9525,2.0495,0.1313,34.767,0.03678,0.05629,-0.00486,0.2544,-2.8997,150.0024,0.68945
2014-09-24T01:30:12Z,2498.988,2.9779,2.2501,0.1726,37.075,0.02821,0.10255,-0.00657,0.0855,-2.9305,150.1761,0.69041
2014-09-24T01:30:13Z,2499.209,2.9919,2.1652,0.403,35.893,0.01127,0.02487,-7e-05,0.2068,-2.9494,150.1307,0.70411
2014-09-24T01:30:14Z,2498.819,2.7809,2.0893,0.3993,36.917,-0.01654,0.05281,-0.00611,0.2552,-2.8806,150.2613,0.69845
2014-09-24T01:30:15Z,2498.187,3.186,2.0153,0.0819,32.316,0.03739,0.0279,0.04081,0.2984,-2.8708,150.3228,0.6856
2014-09-24T01:30:16Z,2498.441,3.2319,2.0065,0.0959,31.834,0.01343,0.06356,0.0395,0.4316,-2.8417,150.2143,0.70524
2014-09-24T01:30:17Z,2497.794,2.9458,2.1904,0.0816,36.633,-0.004,0.08591,-0.02933,0.6122,-2.9613,150.3159,0.68886
2014-09-24T01:30:18Z,2498.246,3.0994,2.2371,0.2932,35.821,0.00496,0.06391,0.00952,0.18,-3.0063,150.3781,0.70828
2014-09-24T01:30:19Z,2497.722,3.005,2.1234,0.1478,35.246,-0.0125,0.05671,0.0106,0.4217,-2.9307,150.161,0.70015
2014-09-24T01:30:20Z,2497.469,3.0912,2.3568,0.2117,37.322,0.03869,0.0928,-0.01002,0.4235,-2.9583,150.41,0.70584
2014-09-24T01:30:21Z,2497.082,2.9453,2.254,0.3875,37.427,0.02994,0.06781,0.02094,0.4241,-2.9549,150.2761,0.70614
2014-09-24T01:30:22Z,2497.528,2.903,2.3541,0.1868,39.039,0.01801,0.07999,0.04698,0.5025,-2.7097,150.1952,0.70634
2014-09-24T01:30:23Z,2496.818,3.1913,2.2452,0.2586,35.128,0.01301,0.07733,0.03323,0.4915,-3.0091,150.3362,0.71038
2014-09-24T01:30:24Z,2496.488,3.0212,2.1591,0.2401,35.552,-0.00233,-0.0125,0.04508,0.471,-2.7827,150.3124,0.71052
2014-09-24T01:30:25Z,2496.273,3.3312,2.2988,0.1294,34.609,-0.03796,0.05744,-0.00609,0.5226,-2.7403,150.1922,0.72598
2014-09-24T01:30:26Z,2496.334,3.0315,2.0964,0.2942,34.665,-0.01943,0.03235,0.01326,0.5851,-2.7264,150.2361,0.71396
2014-09-24T01:30:27Z,2496.02,2.8829,2.3713,0.1034,39.438,-0.00207,0.03851,-0.00632,0.5977,-2.7757,150.5232,0.71528
2014-09-24T01:30:28Z,2495.775,3.2031,2.1543,0.3224,33.924,-0.00523,0.09605,0.01928,0.5961,-2.6849,150.4006,0.70875
2014-09-24T01:30:29Z,2495.512,3.1108,2.4371,0.1298,38.076,0.02493,0.04976,0.022,0.5544,-2.6404,150.5342,0.71858
2014-09-24T01:30:30Z,2495.836,3.1215,2.2524,0.1408,35.814,0.03859,0.10638,0.03823,0.8467,-2.7998,150.3577,0.70845
2014-09-24T01:30:31Z,2494.663,3.1896,2.4681,0.0799,37.733,0.01569,0.02381,0.04755,0.6699,-2.7323,150.3324,0.72692
2014-09-24T01:30:32Z,2494.337,2.9103,2.1449,0.0964,36.39,0.05472,0.03185,0.0324,0.722,-2.6586,150.2575,0.70692
2014-09-24T01:30:33Z,2493.937,2.9865,2.2163,0.1463,36.579,0.00052,0.07793,-0.00585,0.6402,-2.8222,150.5359,0.7131
2014-09-24T01:30:34Z,2494.137,2.9763,2.3791,-0.0542,38.636,0.0173,0.05027,-0.01768,0.7158,-2.7654,150.4934,0.70787
2014-09-24T01:30:35Z,2494.01,2.8054,2.5018,0.1657,41.727,0.02,0.06642,0.02959,0.7348,-2.7885,150.4249,0.72529
2014-09-24T01:30:36Z,2493.261,2.9573,2.5813,0.1384,41.116,0.04918,0.05585,0.05457,0.5869,-2.6941,150.3996,0.71956
2014-09-24T01:30:37Z,2492.688,3.1949,2.3424,0.2683,36.247,0.02511,0.05502,0.01691,0.7021,-2.8754,150.6048,0.72944
2014-09-24T01:30:38Z,2492.368,3.0272,2.6164,0.2317,40.836,0.02639,0.0509,-0.02019,0.72,-2.6013,150.4876,0.71714
2014-09-24T01:30:39Z,2492.552,2.7862,2.3012,0.1187,39.554,-0.01773,0.06292,0.07058,0.7501,-2.6661,150.5019,0.73017
2014-09-24T01:30:40Z,2492.247,2.7519,2.514,0.1437,42.413,0.00173,0.07439,0.03117,0.7319,-2.6542,150.4717,0.73152
2014-09-24T01:30:41Z,2491.834,3.2323,2.2125,0.1662,34.391,0.05221,0.09862,0.02368,0.8401,-2.8831,150.5042,0.72952
2014-09-24T01:30:42Z,2491.061,2.9669,2.4219,0.3384,39.225,-0.02648,0.05312,-0.00933,0.9675,-2.7698,150.6132,0.729
2014-09-24T01:30:43Z,2491.02,2.8801,2.0118,0.1076,34.935,0.05956,0.04825,0.02074,0.8851,-2.56,150.4297,0.73076
2014-09-24T01:30:44Z,2490.619,2.9334,2.1994,0.118,36.863,0.03905,0.04494,0.03797,0.799,-2.686,150.5926,0.72328
2014-09-24T01:30:45Z,2490.287,2.75,2.4422,0.0772,41.607,0.00845,0.09465,0.03384,0.8299,-2.8024,150.6933,0.72284
2014-09-24T01:30:46Z,2490.143,3.182,2.1797,0.042,34.411,0.00692,0.07507,0.00473,0.9009,-2.6394,150.6025,0.73666
2014-09-24T01:30:47Z,2489.538,2.9071,2.4454,0.221,40.07,0.0757,0.01025,0.02077,0.8364,-2.5954,150.7295,0.7302
2014-09-24T01:30:48Z,2489.313,3.1682,2.5217,0.2107,38.518,0.06416,0.00905,0.00726,0.9924,-2.5999,150.7713,0.73761
2014-09-24T01:30:49Z,2488.71,2.9684,2.3154,0.3188,37.955,0.02646,0.03677,0.06473,1.0947,-2.6471,150.7408,0.7472
2014-09-24T01:30:50Z,2488.392,3.1722,2.2498,0.2947,35.345,0.03338,0.06318,0.04596,0.9586,-2.5369,150.6099,0.73193
2014-09-24T01:30:51Z,2488.111,2.9933,2.3285,0.4304,37.879,0.01443,0.05648,0.01094,1.0289,-2.6765,150.6732,0.73157
2014-09-24T01:30:52Z,2486.973,3.0811,2.2602,0.1835,36.263,0.03452,0.07008,-0.0047,1.0066,-2.5698,150.7244,0.73453
2014-09-24T01:30:53Z,2486.96,3.0576,2.394,0.1649,38.06,0.01487,0.05272,0.03192,1.0084,-2.5949,150.656,0.73818
2014-09-24T01:30:54Z,2486.489,3.0406,2.4292,0.061,38.622,0.03032,0.09193,0.01311,1.0918,-2.6091,150.6658,0.7435
2014-09-24T01:30:55Z,2486.008,2.9966,2.3727,0.2608,38.372,0.0781,0.07619,0.01543,1.0412,-2.6214,150.6729,0.73907
2014-09-24T01:30:56Z,2485.707,2.9066,2.6742,0.2031,42.616,0.03102,0.05871,-0.00203,1.0472,-2.6113,150.9967,0.75661
2014-09-24T01:30:57Z,2485.892,3.2251,2.319,0.2564,35.718,0.00776,0.08529,0.00153,0.9997,-2.5739,150.7283,0.74402
2014-09-24T01:30:58Z,2484.627,2.8002,2.6413,0.0776,43.327,0.00036,0.01532,0.03134,1.1518,-2.5926,150.8754,0.74755
2014-09-24T01:30:59Z,2484.825,2.9332,2.2802,0.2267,37.861,0.03825,0.0543,0.02106,1.2491,-2.5033,150.6947,0.74164
2014-09-24T01:31:00Z,2483.447,2.9334,2.4531,0.2123,39.904,0.0166,0.05974,0.0906,1.2374,-2.5976,150.9649,0.75064
2014-09-24T01:31:01Z,2483.464,2.9881,2.6237,0.2057,41.285,0.04234,0.07123,0.0435,1.3171,-2.4219,150.7699,0.7415
2014-09-24T01:31:02Z,2483.178,2.8603,2.6204,0.1236,42.493,-0.00376,0.01317,0.0003,1.1606,-2.5866,150.8261,0.73856
2014-09-24T01:31:03Z,2482.861,2.969,2.3921,0.3109,38.858,0.05453,0.04942,-0.00884,1.2993,-2.4593,150.6506,0.75151
2014-09-24T01:31:04Z,2482.434,2.8936,2.543,0.3971,41.31,0.01131,0.06581,0.03996,1.1595,-2.4486,150.9585,0.74435
2014-09-24T01:31:05Z,2481.987,2.6788,2.5275,0.0812,43.335,0.03951,0.0676,0.02054,1.3209,-2.5052,150.9932,0.74729
2014-09-24T01:31:06Z,2481.106,2.9154,2.3885,0.2644,39.327,0.03044,0.08519,0.0642,1.4119,-2.5051,150.7542,0.75368
2014-09-24T01:31:07Z,2480.58,2.7462,2.5666,-0.0953,43.064,0.08239,0.07444,0.03841,1.3363,-2.5623,151.0034,0.74742
2014-09-24T01:31:08Z,2480.551,2.6477,2.7577,0.2594,46.165,0.04425,0.05374,-0.01774,1.4454,-2.5382,150.7652,0.74558
2014-09-24T01:31:09Z,2479.688,2.9262,2.5542,0.0057,41.117,0.08913,0.072,0.00678,1.2803,-2.472,150.9751,0.74293
2014-09-24T01:31:10Z,2478.807,2.9767,2.5735,0.1404,40.846,0.05504,0.04995,0.01584,1.3332,-2.486,150.8961,0.75613
2014-09-24T01:31:11Z,2478.35,2.9797,2.594,0.0617,41.042,0.07719,0.05851,0.04422,1.2862,-2.3806,151.0715,0.74531
2014-09-24T01:31:12Z,2477.914,2.9829,2.2786,0.1715,37.376,0.03686,0.07457,0.0073,1.3776,-2.5044,150.9757,0.74802
2014-09-24T01:31:13Z,2477.893,2.6044,2.5709,0.277,44.628,0.05124,0.05342,0.03789,1.4116,-2.4924,151.0569,0.75109
2014-09-24T01:31:14Z,2477.248,2.6876,2.3542,0.0075,41.216,0.07358,0.06345,0.00111,1.4071,-2.5869,151.1005,0.75141
2014-09-24T01:31:15Z,2476.913,3.1847,2.4226,0.1574,37.26,0.06626,0.07829,0.03511,1.382,-2.3951,150.9605,0.75758
2014-09-24T01:31:16Z,2475.991,2.7295,2.8406,0.1422,46.143,0.05743,0.07191,0.04466,1.3955,-2.3952,150.9996,0.74923
2014-09-24T01:31:17Z,2475.66,2.9751,2.4828,0.3517,39.845,0.03646,0.08479,0.07239,1.4769,-2.3542,150.9043,0.76109
2014-09-24T01:31:18Z,2475.282,2.7775,2.4142,0.2369,40.998,0.0412,0.11201,0.04243,1.451,-2.3426,150.9983,0.74837
2014-09-24T01:31:19Z,2474.409,2.8902,2.7033,0.0762,43.086,0.07412,0.07121,0.01632,1.3858,-2.355,151.2339,0.75358
2014-09-24T01:31:20Z,2474.126,2.7801,2.3926,0.1469,40.716,0.07983,0.04195,0.07451,1.3403,-2.3446,151.1296,0.74938
2014-09-24T01:31:21Z,2473.179,2.9572,2.4729,0.3498,39.903,0.03186,0.06611,0.03304,1.4584,-2.3552,150.9625,0.76782
2014-09-24T01:31:22Z,2472.723,2.8905,2.7319,0.2657,43.384,0.02859,0.06487,0.0574,1.4092,-2.3358,151.2429,0.74847
2014-09-24T01:31:23Z,2472.151,2.8,2.5557,0.1026,42.388,0.02507,0.06833,0.02318,1.4666,-2.5372,151.1315,0.74938
2014-09-24T01:31:24Z,2471.296,2.7074,2.3201,0.1678,40.595,0.06891,0.0902,0.04121,1.513,-2.4708,151.1885,0.75255
2014-09-24T01:31:25Z,2471.311,2.9015,2.6399,0.1711,42.297,0.02542,0.01055,0.01935,1.5484,-2.4768,151.1673,0.74965
2014-09-24T01:31:26Z,2470.396,2.6772,2.504,0.141,43.086,0.06959,0.09033,0.04787,1.5199,-2.2671,151.173,0.75443
2014-09-24T01:31:27Z,2469.981,2.9202,2.799,0.0238,43.786,0.06327,0.09857,0.06035,1.7614,-2.4243,150.944,0.76186
2014-09-24T01:31:28Z,2469.556,3.2471,2.4816,0.1272,37.389,0.03648,0.06634,0.02832,1.4979,-2.4045,151.2673,0.75331
2014-09-24T01:31:29Z,2468.95,3.0529,2.735,0.334,41.856,0.08969,0.06677,0.02735,1.7081,-2.3472,150.9439,0.75369
2014-09-24T01:31:30Z,2468.428,2.9553,2.8483,0.1571,43.944,0.01451,0.04575,0.05048,1.6108,-2.4402,151.2837,0.75045
2014-09-24T01:31:31Z,2467.558,2.8323,2.4594,0.185,40.969,0.09303,0.05177,0.02136,1.5834,-2.3033,151.2048,0.74829
2014-09-24T01:31:32Z,2466.836,2.5518,2.563,0.2096,45.126,0.05998,0.06887,0.00447,1.695,-2.4972,151.2911,0.75314
2014-09-24T01:31:33Z,2466.344,2.6413,2.6549,0.4174,45.147,0.00064,0.06708,0.05168,1.6236,-2.414,151.2361,0.75245
2014-09-24T01:31:34Z,2465.164,3.0301,2.4735,0.1967,39.225,0.09273,0.06908,0.04059,1.6069,-2.297,151.3373,0.76178
2014-09-24T01:31:35Z,2464.627,2.7164,2.6473,0.3053,44.262,0.0777,0.06654,0.04049,1.8261,-2.4053,151.2472,0.74472
2014-09-24T01:31:36Z,2464.044,2.7271,2.5777,0.1362,43.387,0.04315,0.07314,0.05717,1.5187,-2.1951,151.2864,0.764
2014-09-24T01:31:37Z,2463.527,2.8042,2.5793,0.1702,42.608,0.03019,0.07016,0.06108,1.6857,-2.2884,151.3114,0.75115
2014-09-24T01:31:38Z,2463.381,2.6663,2.6276,0.1975,44.581,0.01553,0.02469,0.04097,1.7314,-2.1947,151.4714,0.75346
2014-09-24T01:31:39Z,2462.284,2.6395,2.6363,0.119,44.965,0.11559,0.07092,0.01735,1.8396,-2.2497,151.3562,0.74369
2014-09-24T01:31:40Z,2461.824,2.8129,2.6547,0.1762,43.343,0.03256,0.09638,0.02988,1.7056,-2.2725,151.1771,0.75662
2014-09-24T01:31:41Z,2461.762,2.6832,2.5443,0.2854,43.479,0.0245,0.04905,0.06089,1.9607,-2.3444,151.265,0.74435
2014-09-24T01:31:42Z,2460.529,2.7038,2.5565,0.1168,43.395,0.06322,0.08701,0.05009,1.8187,-2.1835,151.3937,0.75492
2014-09-24T01:31:43Z,2460.254,2.6945,2.6262,0.1969,44.265,0.01601,0.02639,0.03336,1.5785,-2.2157,151.4725,0.75402
2014-09-24T01:31:44Z,2459.007,2.8881,2.6429,0.268,42.462,0.03285,0.04837,0.02791,1.6613,-2.0774,151.2868,0.74907
2014-09-24T01:31:45Z,2458.594,2.7718,2.5883,0.1148,43.039,0.08269,0.03289,0.06339,1.8061,-2.1711,151.5956,0.73501
2014-09-24T01:31:46Z,2457.662,2.7774,2.7078,0.3069,44.273,0.06984,0.08319,0.04282,1.705,-2.2624,151.4017,0.76867
2014-09-24T01:31:47Z,2457.2,2.8907,2.3916,0.2048,39.602,0.049,0.08951,0.06759,1.8495,-2.2007,151.4387,0.74278
2014-09-24T01:31:48Z,2456.933,2.7765,2.5585,0.1811,42.66,0.05953,0.04581,0.07117,1.7783,-2.1833,151.2837,0.75322
2014-09-24T01:31:49Z,2455.349,2.7546,2.6321,-0.003,43.697,0.04843,0.07736,0.04178,1.7277,-2.1173,151.5331,0.74502
2014-09-24T01:31:50Z,2455.417,2.863,2.5495,0.1605,41.684,0.05835,0.08914,0.07376,1.7548,-2.0978,151.3894,0.75904
2014-09-24T01:31:51Z,2454.654,2.89,2.9272,0.2352,45.366,0.04126,0.04684,0.05389,1.9084,-2.2098,151.3719,0.74742
2014-09-24T01:31:52Z,2453.665,2.7654,2.6909,0.3727,44.218,0.0462,0.05069,0.05753,1.6866,-2.2874,151.4272,0.74422
2014-09-24T01:31:53Z,2452.665,2.7972,2.7198,0.2551,44.196,0.04584,0.06557,-0.00347,1.94,-2.3318,151.6096,0.75478
2014-09-24T01:31:54Z,2452.49,2.6643,2.6249,0.311,44.573,0.04336,0.02594,0.02739,1.95,-2.268,151.5303,0.73961
2014-09-24T01:31:55Z,2451.568,2.65,2.7002,0.0777,45.538,0.08799,0.04954,0.02915,1.8451,-2.2175,151.4071,0.74624
2014-09-24T01:31:56Z,2451.119,2.8913,2.5247,0.186,41.128,0.08153,0.10014,0.04451,1.7666,-2.0431,151.4554,0.75482
2014-09-24T01:31:57Z,2450.326,2.84,2.6865,0.3209,43.409,0.03936,0.03384,0.05574,1.9305,-2.0353,151.6617,0.76109
2014-09-24T01:31:58Z,2450.155,2.838,2.5755,0.1102,42.224,0.03319,0.06746,0.05716,1.854,-2.0734,151.5094,0.74108
2014-09-24T01:31:59Z,2448.782,2.8099,2.6802,0.2957,43.646,0.05949,0.05899,0.06083,1.7784,-2.0452,151.6014,0.74361
2014-09-24T01:32:00Z,2447.775,2.7723,2.3431,0.2726,40.203,0.11768,0.04157,0.03696,2.0588,-2.1936,151.6382,0.75105
2014-09-24T01:32:01Z,2447.459,2.8665,2.5622,0.2269,41.791,0.03847,0.05097,0.07177,1.8416,-2.2517,151.2281,0.73197
2014-09-24T01:32:02Z,2446.732,2.8995,2.9558,0.1667,45.551,0.0605,0.08902,0.10011,1.8007,-2.2044,151.7086,0.75852
2014-09-24T01:32:03Z,2446.385,2.8926,2.8651,0.101,44.727,0.06711,0.05881,0.04645,1.9471,-2.2801,151.5092,0.73938
2014-09-24T01:32:04Z,2445.452,2.7382,2.9435,0.3773,47.069,0.06254,0.06248,0.03908,1.9245,-2.1999,151.5706,0.74358
2014-09-24T01:32:05Z,2444.531,2.9588,2.9589,0.2632,45.001,0.05415,0.08452,0.03894,2.0542,-2.1448,151.7728,0.74886
2014-09-24T01:32:06Z,2444.16,2.7817,2.8561,0.2341,45.756,0.09483,0.03703,0.0586,1.9101,-2.0845,151.7757,0.74688
2014-09-24T01:32:07Z,2442.469,2.8408,2.6934,0.159,43.474,0.07766,0.01785,0.04371,1.9159,-2.0805,151.6925,0.73846
2014-09-24T01:32:08Z,2441.895,2.7852,2.6104,0.2042,43.144,0.08779,0.08799,0.01399,1.9771,-2.14,151.7282,0.75963
2014-09-24T01:32:09Z,2441.024,2.7773,2.943,0.2171,46.66,0.08172,0.04695,0.02122,1.9708,-2.0329,151.7653,0.72494
2014-09-24T01:32:10Z,2440.436,2.6268,2.7853,0.2407,46.678,0.08967,0.06564,0.08353,1.9776,-2.1256,151.8226,0.73626
2014-09-24T01:32:11Z,2439.312,2.8401,3.1552,0.2743,48.009,0.10726,0.02399,0.09046,1.9851,-2.0648,151.8474,0.73982
2014-09-24T01:32:12Z,2439.233,3.1579,2.7302,0.1227,40.846,0.10125,0.05252,0.0988,1.9804,-2.148,151.7145,0.737
2014-09-24T01:32:13Z,2438.145,2.6725,3.0863,0.0545,49.11,0.12642,0.01513,0.06484,1.9376,-1.9657,151.6421,0.75404
2014-09-24T01:32:14Z,2436.916,2.7371,2.7724,0.2098,45.366,0.09905,0.0439,0.03479,2.041,-2.0447,151.7023,0.7307
2014-09-24T01:32:15Z,2436.28,2.6565,3.001,0.0268,48.484,0.05219,0.02586,0.049,1.9488,-1.9857,151.7526,0.75611
2014-09-24T01:32:16Z,2435.945,2.6468,3.0593,0.1692,49.135,0.09042,0.01986,0.02304,2.045,-2.131,151.7466,0.74111
2014-09-24T01:32:17Z,2435.324,2.9486,2.6561,0.1508,42.012,0.08731,0.03397,0.02246,2.0945,-2.0134,151.6626,0.73213
2014-09-24T01:32:18Z,2434.922,2.6126,2.7411,0.251,46.375,0.11786,-0.01604,0.06747,1.9319,-1.9753,151.8195,0.7259
2014-09-24T01:32:19Z,2434.43,2.6391,2.6634,0.4002,45.262,0.04597,0.01204,0.07494,2.1808,-2.1783,151.631,0.74067
2014-09-24T01:32:20Z,2432.739,2.4705,2.6401,0.0077,46.9,0.08439,0.06034,0.1108,1.9336,-1.9151,151.8082,0.73646
2014-09-24T01:32:21Z,2431.427,2.5929,2.9303,0.4298,48.496,0.0537,0.04921,0.06013,1.9361,-2.1022,151.8265,0.74366
2014-09-24T01:32:22Z,2430.203,2.448,2.8063,0.1793,48.901,0.08383,0.0134,0.02864,2.0374,-1.9792,151.8349,0.73786
2014-09-24T01:32:23Z,2430.214,2.795,2.8474,0.2374,45.532,0.06593,0.05369,0.05991,2.031,-1.8468,151.9204,0.74881
2014-09-24T01:32:24Z,2429.003,3.1179,2.9285,0.0614,43.205,0.08356,0.01778,0.05626,2.0027,-1.9073,151.919,0.73973
2014-09-24T01:32:25Z,2428.305,2.6399,2.5712,0.3027,44.244,0.03659,0.05752,0.05141,2.0635,-2.0967,152.0812,0.73719
2014-09-24T01:32:26Z,2427.395,2.4422,3.0479,0.2073,51.296,0.09195,0.03631,0.07265,2.0191,-1.9855,151.819,0.74808
2014-09-24T01:32:27Z,2426.715,2.8241,2.8073,0.1971,44.828,0.07753,0.0308,0.03406,2.1647,-1.8665,151.9104,0.74183
2014-09-24T01:32:28Z,2426.289,2.5767,2.9438,0.0097,48.805,0.07644,0.03639,0.06805,1.9956,-2.0244,151.9158,0.74593
2014-09-24T01:32:29Z,2425.118,2.8782,2.9625,0.211,45.827,0.12165,0.10238,0.08144,1.9316,-1.9817,151.9228,0.74865
2014-09-24T01:32:30Z,2424.15,2.6383,3.0802,0.2883,49.419,0.06358,0.01915,0.101,1.9558,-1.9779,151.7912,0.73684
2014-09-24T01:32:31Z,2422.982,2.5834,2.8643,0.1803,47.952,0.08195,0.04351,0.07363,2.0374,-1.8951,151.811,0.73924
2014-09-24T01:32:32Z,2421.894,2.6489,2.5668,0.3216,44.098,0.07614,0.05711,0.0923,2.038,-2.0577,151.9417,0.74543
2014-09-24T01:32:33Z,2421.44,2.7859,2.8983,0.3175,46.133,0.07883,0.01324,0.05548,2.0149,-1.8786,151.7951,0.71883
2014-09-24T01:32:34Z,2420.719,2.635,2.9247,0.1403,47.982,0.12965,-0.00284,0.05933,1.9295,-1.9725,151.9309,0.73738
2014-09-24T01:32:35Z,2420.48,2.5909,2.7435,0.364,46.638,0.07593,0.02171,0.10098,2.085,-1.9176,151.9112,0.73617
2014-09-24T01:32:36Z,2419.025,2.6335,2.9266,0.2092,48.018,0.06038,0.05545,0.03335,2.1499,-1.9287,151.9577,0.74074
2014-09-24T01:32:37Z,2418.439,2.4693,2.8549,0.2098,49.143,0.12156,0.02763,0.05791,1.9956,-1.8567,152.1123,0.73112
2014-09-24T01:32:38Z,2417.031,2.7175,2.7135,0.2149,44.958,0.06731,0.03012,0.09655,2.1363,-1.9004,151.9028,0.74609
2014-09-24T01:32:39Z,2415.899,2.3874,3.021,0.2122,51.682,0.03508,0.05838,0.06341,2.0587,-1.7776,152.1091,0.73123
2014-09-24T01:32:40Z,2415.079,2.5858,2.8406,-0.0576,47.689,0.0569,0.01517,0.06189,2.1646,-1.8078,151.9765,0.73328
2014-09-24T01:32:41Z,2414.262,2.7633,2.8691,0.187,46.076,0.04446,0.03283,0.06274,2.0225,-1.9447,152.0004,0.73146
2014-09-24T01:32:42Z,2414.356,2.6906,2.8642,0.0692,46.79,0.03082,-0.00309,0.07264,1.9929,-1.766,152.1031,0.74645
2014-09-24T01:32:43Z,2412.415,2.7322,3.1256,0.3685,48.841,0.06694,0.04249,0.09721,2.0464,-1.8438,152.0406,0.71977
2014-09-24T01:32:44Z,2412.084,2.6303,2.9383,0.3646,48.166,0.07445,0.03992,0.0935,1.9412,-1.8499,151.9901,0.75061
2014-09-24T01:32:45Z,2410.558,2.8134,2.9623,0.2914,46.476,0.1059,0.05378,0.07102,2.0051,-1.7899,152.0537,0.74797
2014-09-24T01:32:46Z,2410.28,2.7729,2.8884,0.1825,46.169,0.09231,0.00497,0.09838,2.0754,-1.9352,151.9244,0.73154
2014-09-24T01:32:47Z,2409.164,2.6985,3.0293,0.1057,48.305,0.09134,0.02851,0.07995,2.0307,-1.9565,152.1516,0.74417
2014-09-24T01:32:48Z,2408.047,2.7681,3.1676,0.1409,48.851,0.05459,0.00105,0.09321,1.9586,-1.8384,151.8146,0.7369
2014-09-24T01:32:49Z,2407.156,2.7385,3.0674,0.4011,48.242,0.09921,0.02656,0.04636,1.9729,-1.8832,152.2248,0.74899
2014-09-24T01:32:50Z,2406.005,2.5575,3.0787,0.1378,50.283,0.11203,0.06946,0.11586,2.013,-1.6631,152.2088,0.7433
2014-09-24T01:32:51Z,2405.451,2.4184,3.0711,-0.0284,51.781,0.08727,0.0241,0.07823,2.0057,-1.8844,152.3187,0.75318
2014-09-24T01:32:52Z,2404.192,2.6805,2.7787,0.3104,46.03,0.08812,-0.00233,0.00434,2.0028,-1.8144,152.3879,0.72309
2014-09-24T01:32:53Z,2402.975,2.6968,2.8598,0.3576,46.68,0.04609,0.01453,0.11486,1.9649,-1.7966,152.2745,0.73708
2014-09-24T01:32:54Z,2402.005,2.7756,2.9656,0.3736,46.895,0.10421,-0.00905,0.07382,1.8664,-1.7079,152.1294,0.72174
2014-09-24T01:32:55Z,2401.558,2.468,2.8918,0.3117,49.521,0.12251,-0.00147,0.06413,1.8736,-1.8803,152.4205,0.73137
2014-09-24T01:32:56Z,2401.092,2.4689,2.8453,0.3281,49.052,0.0862,0.04739,0.05919,1.958,-1.9241,152.095,0.75353
2014-09-24T01:32:57Z,2399.632,2.6716,2.7301,0.2135,45.62,0.0634,-0.00584,0.08564,1.9816,-1.6781,152.0352,0.73929
2014-09-24T01:32:58Z,2398.568,2.5891,2.8142,0.0007,47.385,0.07433,0.03782,0.05276,1.9651,-1.7776,152.4218,0.74346
2014-09-24T01:32:59Z,2397.74,2.3138,2.9826,0.2113,52.196,0.06799,0.03034,0.06086,1.8486,-1.7138,152.3077,0.73974
2014-09-24T01:33:00Z,2397.123,2.6495,3.0152,0.2708,48.693,0.06961,0.01611,0.06178,1.8839,-1.7045,152.071,0.73929
2014-09-24T01:33:01Z,2395.765,2.313,2.9124,0.1953,51.544,0.09493,0.03477,0.0686,1.7952,-1.6852,152.134,0.73159
2014-09-24T01:33:02Z,2394.562,2.4464,3.0487,0.191,51.255,0.08582,0.00533,0.06334,1.7708,-1.7923,152.3357,0.73019
2014-09-24T01:33:03Z,2394.108,2.7873,2.9761,0.1128,46.876,0.10404,0.04949,0.09785,1.8814,-1.8086,152.2045,0.73157
2014-09-24T01:33:04Z,2392.882,2.8557,3.2102,0.1092,48.345,0.08831,0.0107,0.08361,1.9762,-1.911,152.2298,0.71424
2014-09-24T01:33:05Z,2392.276,2.3961,3.027,0.3933,51.635,0.05753,0.01818,0.08696,1.8678,-1.8255,152.5099,0.73556
2014-09-24T01:33:06Z,2390.806,2.5267,3.1616,0.3972,51.368,0.0667,0.0149,0.0927,2.0047,-1.7355,152.539,0.73828
2014-09-24T01:33:07Z,2389.313,2.5802,3.0935,0.2097,50.169,0.06523,0.04445,0.07541,1.8308,-1.7913,152.3497,0.73157
2014-09-24T01:33:08Z,2388.258,2.8381,2.858,0.2383,45.2,0.07472,0.04051,0.05253,1.8382,-1.8211,152.3307,0.73566
2014-09-24T01:33:09Z,2388.307,2.4927,3.0582,0.1121,50.817,0.12432,-0.03896,0.12346,1.748,-1.7205,152.4468,0.7411
2014-09-24T01:33:10Z,2387.321,2.4921,2.8916,0.2747,49.244,0.1284,0.03262,0.10182,1.7908,-1.6118,152.3112,0.74419
2014-09-24T01:33:11Z,2385.639,2.7938,3.0669,0.3866,47.668,0.1005,-0.01766,0.11924,1.7145,-1.7185,152.155,0.72775
2014-09-24T01:33:12Z,2384.549,2.5024,2.9767,0.0579,49.947,0.08262,0.0171,0.10508,1.677,-1.7994,152.1126,0.73121
2014-09-24T01:33:13Z,2384.172,2.6631,3.1499,0.2573,49.787,0.04566,0.02261,0.06799,1.6976,-1.6018,152.3921,0.74385
2014-09-24T01:33:14Z,2382.246,2.3314,2.8979,0.2651,51.182,0.08525,0.01619,0.02109,1.7888,-1.7603,152.4983,0.74281
2014-09-24T01:33:15Z,2381.29,2.5242,3.1065,0.2642,50.904,0.06005,0.03719,0.04935,1.7134,-1.5748,152.4223,0.74914
2014-09-24T01:33:16Z,2380.794,2.2973,3.1945,0.3758,54.279,0.1206,0.04235,0.09627,1.7224,-1.7091,152.5123,0.7491
2014-09-24T01:33:17Z,2379.393,2.3854,3.2506,0.4153,53.728,0.03972,0.00469,0.0781,1.7852,-1.6747,152.5329,0.75831
2014-09-24T01:33:18Z,2378.488,2.6664,3.0048,0.1886,48.415,0.08952,0.00346,0.07043,1.6182,-1.5529,152.5911,0.73698
2014-09-24T01:33:19Z,2377.388,2.5301,3.1274,0.2794,51.027,0.05808,0.02248,0.01881,1.7382,-1.7809,152.4816,0.7523
2014-09-24T01:33:20Z,2376.514,2.4865,3.1573,0.2207,51.778,0.07972,-0.01554,0.08115,1.7889,-1.7517,152.5011,0.73267
2014-09-24T01:33:21Z,2375.836,2.4186,3.3664,0.1492,54.305,0.09663,0.0108,0.05471,1.785,-1.6888,152.4803,0.75956
2014-09-24T01:33:22Z,2374.319,2.4954,2.9181,0.2397,49.465,0.10554,0.0561,0.06392,1.7406,-1.6688,152.4685,0.74443
2014-09-24T01:33:23Z,2373.453,2.5704,3.0085,0.2799,49.491,0.07848,-0.01559,0.10355,1.6839,-1.4413,152.3476,0.74553
2014-09-24T01:33:24Z,2371.447,2.6709,3.5727,0.2348,53.219,0.09903,0.01324,0.05684,1.6268,-1.7187,152.6324,0.74954
2014-09-24T01:33:25Z,2371.08,2.1257,3.1151,0.1251,55.691,0.06344,0.0066,0.05949,1.6585,-1.7471,152.4871,0.73121
2014-09-24T01:33:26Z,2369.731,2.3921,2.8782,0.1671,50.27,0.08613,0.07121,0.08774,1.7856,-1.7127,152.4917,0.7339
2014-09-24T01:33:27Z,2368.525,2.5378,3.0799,0.168,50.512,0.10504,0.0073,0.10518,1.6633,-1.6144,152.492,0.74388
2014-09-24T01:33:28Z,2367.566,2.4959,2.757,0.1295,47.845,0.08827,0.00842,0.07356,1.6207,-1.5887,152.4224,0.7462
2014-09-24T01:33:29Z,2366.675,2.568,3.2134,0.2453,51.37,0.06671,-0.00568,0.12057,1.6621,-1.6798,152.5581,0.76058
2014-09-24T01:33:30Z,2366.027,2.544,3.3033,0.2559,52.399,0.07294,0.01999,0.05218,1.6085,-1.6167,152.6285,0.73683
2014-09-24T01:33:31Z,2364.154,2.4561,3.0517,0.3123,51.171,0.10528,0.02618,0.04805,1.6099,-1.458,152.5165,0.75726
2014-09-24T01:33:32Z,2363.536,2.4192,3.1223,0.1287,52.232,0.05256,-0.00306,0.04618,1.5593,-1.606,152.701,0.74335
2014-09-24T01:33:33Z,2362.26,2.4585,3.3371,0.157,53.62,0.05621,0.04347,0.04361,1.5328,-1.5784,152.5705,0.74378
2014-09-24T01:33:34Z,2361.215,2.6645,2.9412,0.3704,47.825,0.09481,0.02519,0.09357,1.6325,-1.4483,152.4642,0.74526
2014-09-24T01:33:35Z,2360.577,2.3788,3.01,0.1986,51.681,0.06875,0.03938,0.06096,1.3835,-1.6505,152.7649,0.7447
2014-09-24T01:33:36Z,2359.307,2.4763,3.1796,0.2183,52.088,0.04334,0.00954,0.0504,1.5642,-1.6511,152.6574,0.75161
2014-09-24T01:33:37Z,2358.476,2.5098,3.1058,0.1979,51.059,0.11338,0.02349,0.0954,1.4741,-1.6229,152.7339,0.74516
2014-09-24T01:33:38Z,2356.84,2.7139,3.1808,0.329,49.528,0.05206,0.01174,0.10674,1.346,-1.623,152.7462,0.73764
2014-09-24T01:33:39Z,2355.533,2.432,3.0409,0.3331,51.349,0.0745,0.05317,0.11266,1.4064,-1.7218,152.5729,0.7474
2014-09-24T01:33:40Z,2354.577,2.6176,3.2677,0.3274,51.304,0.06392,0.0193,0.10851,1.4673,-1.5605,152.6252,0.75382
2014-09-24T01:33:41Z,2353.615,2.6552,3.2182,0.2189,50.475,0.07189,0.01627,0.06391,1.4639,-1.5497,152.7907,0.73959
2014-09-24T01:33:42Z,2352.463,2.4578,3.3283,0.1292,53.556,0.05714,0.00425,0.094,1.5005,-1.5774,152.8807,0.75611
2014-09-24T01:33:43Z,2350.89,2.4332,3.2821,0.4092,53.448,0.09702,0.00247,0.09975,1.4913,-1.5382,152.7133,0.76156
2014-09-24T01:33:44Z,2350.166,2.4119,3.2877,0.3025,53.736,0.08184,0.02097,0.07569,1.2881,-1.5329,152.6541,0.76463
2014-09-24T01:33:45Z,2349.075,2.4197,3.045,0.1713,51.528,0.10357,0.03517,0.09191,1.427,-1.6543,152.8948,0.75618
2014-09-24T01:33:46Z,2348.733,2.5821,3.3398,0.3595,52.292,0.06365,-0.00277,0.05673,1.44,-1.5215,152.6736,0.73973
2014-09-24T01:33:47Z,2347.363,2.4857,3.222,0.1638,52.351,0.1321,0.01716,0.07255,1.3839,-1.4955,152.7789,0.76005
2014-09-24T01:33:48Z,2345.257,2.4845,3.2537,0.3587,52.635,0.03105,0.01826,0.09776,1.3911,-1.6636,152.7129,0.76332
2014-09-24T01:33:49Z,2344.302,2.277,3.4409,0.3657,56.506,0.03892,0.02227,0.12637,1.1807,-1.4145,152.7922,0.75073
2014-09-24T01:33:50Z,2342.734,2.2981,3.1819,0.1259,54.162,0.12226,-0.02972,0.11769,1.2404,-1.626,152.6804,0.75645
2014-09-24T01:33:51Z,2341.879,2.7612,3.4973,0.2764,51.708,0.09016,-0.01049,0.10564,1.413,-1.6139,152.7471,0.76163
2014-09-24T01:33:52Z,2341.032,2.4095,3.5162,0.2966,55.579,0.08671,-0.02187,0.09133,1.2653,-1.5024,152.7314,0.77281
2014-09-24T01:33:53Z,2340.176,2.3164,3.4173,0.4801,55.869,0.08883,0.01275,0.08767,1.4493,-1.4716,152.8698,0.75721
2014-09-24T01:33:54Z,2338.328,2.645,3.1638,0.1446,50.104,0.09219,-0.01094,0.05357,1.1529,-1.4479,152.8294,0.76715
2014-09-24T01:33:55Z,2337.18,2.4694,2.9883,0.3623,50.431,0.08526,-0.00117,0.06908,1.3638,-1.4611,152.9106,0.76331
2014-09-24T01:33:56Z,2335.479,2.5114,3.4844,0.221,54.218,0.05347,-0.01896,0.0701,1.1732,-1.5433,152.7494,0.76315
2014-09-24T01:33:57Z,2334.993,2.3999,3.3435,0.0953,54.33,0.09792,0.00046,0.10475,1.2744,-1.4889,152.8206,0.77298
2014-09-24T01:33:58Z,2333.493,2.37,3.221,0.2077,53.654,0.09383,-0.0179,0.11421,1.1649,-1.5188,152.9133,0.75647
2014-09-24T01:33:59Z,2332.491,2.389,3.5139,0.2201,55.789,0.11286,0.0288,0.1092,1.1808,-1.4755,152.946,0.76575
2014-09-24T01:34:00Z,2331.177,2.204,3.2143,0.1142,55.562,0.12109,0.02148,0.12055,1.202,-1.4799,152.7248,0.76492
2014-09-24T01:34:01Z,2330.256,2.3947,3.2848,0.2515,53.907,0.08508,0.01291,0.09299,1.088,-1.5217,152.9105,0.75344
2014-09-24T01:34:02Z,2328.475,2.4498,3.4337,0.3163,54.493,0.04595,0.00126,0.0668,1.1838,-1.5051,152.8066,0.77616
2014-09-24T01:34:03Z,2327.374,2.6797,3.1932,0.2445,49.997,0.12078,-0.04249,0.09032,1.081,-1.6215,152.9881,0.77374
2014-09-24T01:34:04Z,2327.427,2.4102,3.347,0.1666,54.242,0.05083,-0.00335,0.07364,1.0988,-1.4029,153.0924,0.76819
2014-09-24T01:34:05Z,2325.022,2.0455,3.5344,0.2063,59.94,0.08454,-0.01128,0.10839,0.8552,-1.4416,152.6543,0.76664
2014-09-24T01:34:06Z,2323.876,2.3783,3.408,0.2209,55.091,0.06948,0.01359,0.08315,1.022,-1.646,152.859,0.76954
2014-09-24T01:34:07Z,2323.687,2.7988,3.5671,0.2431,51.882,0.06494,0.02255,0.08985,1.1321,-1.3942,152.96,0.77602
2014-09-24T01:34:08Z,2322.841,2.5141,3.5548,0.3326,54.73,0.09461,0.01482,0.10984,1.0685,-1.458,152.9423,0.7716
2014-09-24T01:34:09Z,2320.191,2.2611,3.394,0.2491,56.328,0.08141,0.03793,0.07415,1.0656,-1.5249,153.0457,0.76665
2014-09-24T01:34:10Z,2319.245,2.4678,3.0473,0.0819,50.998,0.08792,-0.00821,0.11695,0.9806,-1.5282,152.9686,0.76868
2014-09-24T01:34:11Z,2318.264,2.2643,3.237,0.1661,55.027,0.05448,-0.00959,0.05934,1.0921,-1.4974,152.9167,0.77354
2014-09-24T01:34:12Z,2317.516,2.1687,3.522,0.2391,58.377,0.0703,0.03125,0.10087,0.9625,-1.5132,152.8765,0.76699
2014-09-24T01:34:13Z,2315.329,2.3175,3.1821,0.3352,53.935,0.05519,0.0091,0.0911,0.868,-1.4987,152.8686,0.77794
2014-09-24T01:34:14Z,2314.348,2.3799,3.3707,0.3528,54.776,0.06923,-0.00158,0.11423,0.9705,-1.2952,152.922,0.76975
2014-09-24T01:34:15Z,2313.462,2.0816,3.4754,0.4006,59.08,0.071,0.05041,0.05935,0.957,-1.3979,152.9486,0.76927
2014-09-24T01:34:16Z,2312.095,2.187,3.6508,0.2364,59.076,0.11984,0.01834,0.05561,0.9146,-1.261,153.0523,0.80327
2014-09-24T01:34:17Z,2310.561,2.358,3.3501,0.3,54.86,0.06701,-0.00122,0.11279,0.813,-1.4023,153.007,0.79405
2014-09-24T01:34:18Z,2309.392,2.2919,3.3452,0.0784,55.584,0.02011,-0.01396,0.08443,0.8486,-1.3704,152.9663,0.78049
2014-09-24T01:34:19Z,2307.7,2.4096,3.4402,0.2671,54.992,0.10788,0.036,0.09209,0.9184,-1.4836,152.9391,0.78696
2014-09-24T01:34:20Z,2306.837,2.1644,3.5055,0.1167,58.308,0.08398,0.00766,0.07802,0.8258,-1.4231,152.9784,0.78912
2014-09-24T01:34:21Z,2305.563,2.4504,3.4353,0.2182,54.5,0.06921,0.00274,0.11749,0.65,-1.4127,153.0009,0.78114
2014-09-24T01:34:22Z,2304.47,2.1622,3.6211,0.5277,59.157,0.06129,0.01868,0.1023,0.6984,-1.3531,152.9911,0.7848
2014-09-24T01:34:23Z,2302.924,2.5833,3.3499,0.2553,52.362,0.04828,0.02343,0.10099,0.6751,-1.4032,153.1418,0.78123
2014-09-24T01:34:24Z,2302.009,2.0757,3.4927,0.1387,59.276,0.12014,0.01482,0.06588,0.6492,-1.3677,153.2198,0.79416
2014-09-24T01:34:25Z,2300.92,2.1657,3.5467,0.2661,58.591,0.07271,0.02282,0.1078,0.5209,-1.3672,152.9738,0.79505
2014-09-24T01:34:26Z,2299.339,2.3892,3.426,0.1739,55.108,0.02769,0.01165,0.07061,0.8212,-1.4133,153.2118,0.79816
2014-09-24T01:34:27Z,2298.123,2.5729,3.6174,0.1297,54.578,0.07904,0.01388,0.07909,0.58,-1.4182,153.1776,0.78856
2014-09-24T01:34:28Z,2296.731,2.3673,3.5196,0.4363,56.075,0.10071,-0.01863,0.06156,0.5658,-1.436,153.1346,0.80453
2014-09-24T01:34:29Z,2295.421,2.4012,3.6212,0.3329,56.452,0.07418,0.04457,0.09192,0.4548,-1.2926,153.2777,0.78732
2014-09-24T01:34:30Z,2293.874,2.3163,3.538,0.261,56.787,0.04743,-0.03189,0.12258,0.6594,-1.4001,153.1163,0.80505
2014-09-24T01:34:31Z,2292.94,2.156,3.5703,0.1875,58.874,0.04489,0.00634,0.10176,0.5626,-1.3464,153.1818,0.7857
2014-09-24T01:34:32Z,2291.494,2.2332,3.4249,0.1958,56.893,0.04643,-0.03517,0.08518,0.5216,-1.382,153.1622,0.77976
2014-09-24T01:34:33Z,2290.956,2.1207,3.4293,0.3813,58.267,0.1071,-0.00456,0.09908,0.5056,-1.2813,153.163,0.80707
2014-09-24T01:34:34Z,2289.466,2.1075,3.7136,0.2579,60.424,0.06695,-0.01674,0.09907,0.5561,-1.5223,153.2121,0.79684
2014-09-24T01:34:35Z,2287.739,2.3568,3.6316,-0.0807,57.018,0.02646,0.00058,0.09826,0.4503,-1.3359,153.179,0.79641
2014-09-24T01:34:36Z,2286.022,2.1251,3.3892,0.4699,57.911,0.07771,0.00538,0.10116,0.3092,-1.4574,153.229,0.79005
2014-09-24T01:34:37Z,2284.582,2.3383,3.5757,0.2464,56.817,0.07131,-0.02742,0.07085,0.3445,-1.3227,153.1235,0.78685
2014-09-24T01:34:38Z,2284.067,2.0908,3.1966,0.2625,56.813,0.05623,-0.0046,0.09963,0.3198,-1.3627,153.1346,0.78827
2014-09-24T01:34:39Z,2282.417,2.3275,3.4729,0.3371,56.17,0.04161,0.03062,0.0532,0.4287,-1.4662,153.139,0.79604
2014-09-24T01:34:40Z,2281.165,2.2063,3.7086,0.2752,59.251,0.04019,-0.03738,0.11158,0.4604,-1.318,153.178,0.79437
2014-09-24T01:34:41Z,2279.055,2.4881,3.5528,0.3037,54.996,0.09361,-0.02627,0.06974,0.4826,-1.3241,153.3237,0.78067
2014-09-24T01:34:42Z,2278.656,2.3212,3.5932,0.1868,57.138,0.07229,0.01624,0.12685,0.2138,-1.3577,153.184,0.81036
2014-09-24T01:34:43Z,2277.152,2.4548,3.129,0.1064,51.886,0.07771,-0.00369,0.03639,0.3735,-1.3446,153.3033,0.79406
2014-09-24T01:34:44Z,2275.263,2.1533,3.5294,0.2577,58.613,0.07152,-0.0022,0.13948,0.2539,-1.3205,153.2724,0.80791
2014-09-24T01:34:45Z,2274.142,2.2714,3.6442,0.373,58.066,0.07323,0.01923,0.05675,0.5161,-1.2364,153.2095,0.79293
2014-09-24T01:34:46Z,2273.052,2.112,3.6685,0.1653,60.07,0.05297,-0.02653,0.06783,0.3721,-1.353,153.3923,0.80037
2014-09-24T01:34:47Z,2271.626,2.1938,3.7489,0.1575,59.664,0.05917,-0.02001,0.1054,0.3766,-1.244,153.3427,0.80746
2014-09-24T01:34:48Z,2270.151,2.2133,3.5789,0.3527,58.267,0.09307,-0.02345,0.11349,0.2838,-1.3253,153.2769,0.80689
2014-09-24T01:34:49Z,2268.86,2.1402,3.5912,0.1851,59.207,0.09894,-0.01644,0.09103,0.2292,-1.216,153.2763,0.79858
2014-09-24T01:34:50Z,2267.447,2.0633,3.4221,0.19,58.912,0.03265,0.02541,0.12052,0.1455,-1.3358,153.3014,0.8053
2014-09-24T01:34:51Z,2266.224,2.03,3.5967,0.1939,60.559,0.05762,-0.05096,0.07838,0.1088,-1.3676,153.1466,0.80712
2014-09-24T01:34:52Z,2265.318,1.8871,3.443,0.2249,61.273,0.08342,-0.03863,0.08839,0.0717,-1.3995,153.2246,0.801
2014-09-24T01:34:53Z,2262.533,2.0778,3.3635,0.0745,58.294,0.1091,-0.04327,0.09091,0.1641,-1.3118,153.3608,0.79372
2014-09-24T01:34:54Z,2261.975,2.3259,3.4821,0.178,56.258,0.10621,0.02557,0.08509,0.2185,-1.37,153.1637,0.79807
2014-09-24T01:34:55Z,2260.742,1.9884,3.8766,0.2552,62.846,0.04137,-0.02519,0.05027,0.0441,-1.1917,153.2546,0.80046
2014-09-24T01:34:56Z,2259.403,2.0194,3.6154,0.2548,60.814,0.09275,-0.01834,0.09809,-0.0062,-1.3712,153.2975,0.8041
2014-09-24T01:34:57Z,2257.785,2.49,3.6952,0.3485,56.026,0.06194,-0.05089,0.0959,-0.0881,-1.3543,153.6345,0.81701
2014-09-24T01:34:58Z,2255.913,2.123,3.5919,0.4169,59.415,0.08618,-0.01743,0.12581,0.0291,-1.2501,153.4188,0.8119
2014-09-24T01:34:59Z,2255.252,2.2623,3.4047,0.3844,56.398,0.07936,0.01045,0.06677,0.0868,-1.1993,153.4684,0.79846
2014-09-24T01:35:00Z,2254.348,2.3064,3.8185,0.3248,58.868,0.02765,-0.00524,0.08301,0.0697,-1.2333,153.2854,0.82001
2014-09-24T01:35:01Z,2251.81,2.3072,3.3603,0.2188,55.526,0.07258,-0.0146,0.12914,0.0566,-1.2048,153.4093,0.805
2014-09-24T01:35:02Z,2251.248,1.975,3.607,0.1715,61.298,0.08355,-0.05138,0.10645,-0.0415,-1.2936,153.2042,0.8113
2014-09-24T01:35:03Z,2249.428,2.1656,3.6887,0.2359,59.583,0.05748,-0.0208,0.11292,-0.0885,-1.2902,153.3543,0.79869
2014-09-24T01:35:04Z,2248.114,1.9539,3.7371,0.2929,62.397,0.0514,-0.00927,0.11058,-0.0142,-1.1217,153.4449,0.80284
2014-09-24T01:35:05Z,2246.357,2.5605,3.6,0.3169,54.578,0.01784,-0.03808,0.11075,-0.2266,-1.1452,153.2597,0.81499
2014-09-24T01:35:06Z,2245.195,1.9504,3.4386,0.2972,60.438,0.07379,0.00274,0.14488,-0.194,-1.221,153.4477,0.79988
2014-09-24T01:35:07Z,2244.351,2.0283,3.5989,0.2229,60.595,0.06148,0.00815,0.1017,-0.0429,-1.1875,153.463,0.80755
2014-09-24T01:35:08Z,2242.68,2.0261,3.6131,0.314,60.718,0.03277,-0.02753,0.07417,-0.2867,-1.2052,153.3621,0.81105
2014-09-24T01:35:09Z,2241.659,1.9536,3.6145,0.3616,61.609,0.04724,0.00348,0.11548,-0.2244,-1.3682,153.3457,0.79926
2014-09-24T01:35:10Z,2240.039,2.3777,3.8822,0.3238,58.514,0.0588,-0.01775,0.08539,-0.192,-1.2728,153.3645,0.79336
2014-09-24T01:35:11Z,2238.351,2.5349,3.561,0.2329,54.555,0.04052,0.01333,0.09685,-0.2568,-1.1479,153.4082,0.81495
2014-09-24T01:35:12Z,2237.375,2.096,3.7931,0.1529,61.076,0.0541,0.03517,0.10889,-0.1923,-1.208,153.4179,0.8307
2014-09-24T01:35:13Z,2235.482,1.9662,3.7785,0.1508,62.508,0.00983,-0.04337,0.07914,-0.183,-1.2687,153.5073,0.81154
2014-09-24T01:35:14Z,2234.179,1.825,3.9044,0.1687,64.948,0.08686,0.00287,0.08696,-0.2875,-1.1409,153.4096,0.81313
2014-09-24T01:35:15Z,2232.343,2.1208,3.747,0.2628,60.491,0.05306,0.01592,0.11165,-0.2354,-1.2302,153.6299,0.80089
2014-09-24T01:35:16Z,2231.025,2.1062,3.8913,0.2893,61.576,0.02471,-0.04131,0.08607,-0.4416,-1.1974,153.6358,0.81973
2014-09-24T01:35:17Z,2229.309,2.0526,3.7532,0.0962,61.326,-0.00976,-0.03176,0.12415,-0.4006,-1.226,153.5065,0.80496
2014-09-24T01:35:18Z,2228.447,2.1792,3.849,0.1874,60.482,0.07699,-0.03238,0.07519,-0.2162,-1.2108,153.455,0.81725
2014-09-24T01:35:19Z,2226.233,2.2025,3.5658,0.2625,58.297,0.06474,-0.02138,0.07513,-0.2738,-1.2033,153.4426,0.81276
2014-09-24T01:35:20Z,2225.461,2.1873,3.4,0.1484,57.246,0.05557,-0.0273,0.14754,-0.5519,-1.1465,153.5341,0.81288
2014-09-24T01:35:21Z,2223.659,2.0881,3.859,0.282,61.582,0.07142,-0.02369,0.06166,-0.4713,-1.1344,153.558,0.81249
2014-09-24T01:35:22Z,2222.671,1.9661,3.872,0.2081,63.08,0.07087,0.00189,0.09926,-0.4798,-1.2831,153.4951,0.81212
2014-09-24T01:35:23Z,2221.056,2.2277,3.8849,0.1667,60.169,0.05372,-0.06679,0.14623,-0.4778,-1.2169,153.4822,0.80977
2014-09-24T01:35:24Z,2219.959,2.1256,3.74,0.2446,60.388,0.04201,-0.04408,0.09925,-0.4295,-1.142,153.5631,0.8151
2014-09-24T01:35:25Z,2218.104,2.2537,4.0489,0.2788,60.898,0.03745,-0.00332,0.13364,-0.4045,-1.2526,153.541,0.80137
2014-09-24T01:35:26Z,2215.82,2.2362,3.7641,0.1551,59.286,0.05791,-0.00658,0.11629,-0.5689,-1.3452,153.4831,0.80507
2014-09-24T01:35:27Z,2214.866,1.9002,3.9011,0.2159,64.03,0.08181,-0.04719,0.09981,-0.5023,-1.3116,153.5578,0.81852
2014-09-24T01:35:28Z,2212.996,1.895,3.9339,0.2872,64.279,0.04381,-0.00707,0.09673,-0.5602,-1.3045,153.4921,0.80792
2014-09-24T01:35:29Z,2211.738,1.9929,4.108,0.1645,64.121,0.0828,0.01178,0.04702,-0.6338,-1.2725,153.4836,0.80367
2014-09-24T01:35:30Z,2210.958,1.9432,3.8072,0.0751,62.96,0.05471,-0.02294,0.09202,-0.7879,-1.2941,153.5643,0.81429
2014-09-24T01:35:31Z,2209.159,2.2116,3.7634,0.0875,59.559,0.05439,-0.04725,0.1058,-0.5904,-1.1506,153.5134,0.81241
2014-09-24T01:35:32Z,2207.195,2.1478,3.6436,0.1997,59.482,0.10449,-0.0005,0.10579,-0.6433,-1.2537,153.5035,0.795
2014-09-24T01:35:33Z,2205.585,2.2563,4.1074,0.1099,61.218,0.08516,0.02037,0.16164,-0.6802,-1.1293,153.6874,0.8109
2014-09-24T01:35:34Z,2204.448,2.1468,3.943,0.2072,61.434,0.08529,-0.04518,0.107,-0.8096,-1.3192,153.5495,0.8058
2014-09-24T01:35:35Z,2202.505,2.1153,3.9547,0.4088,61.858,0.02287,-0.02237,0.11572,-0.5939,-1.2557,153.7789,0.81002
2014-09-24T01:35:36Z,2201.187,2.26,4.3599,0.1047,62.599,0.09709,0.00358,0.12908,-0.7579,-1.2178,153.6631,0.80401
2014-09-24T01:35:37Z,2200.019,2.1464,3.9464,0.2145,61.459,0.03971,-0.02112,0.11345,-0.8808,-1.1601,153.5241,0.80722
2014-09-24T01:35:38Z,2198.798,2.082,3.7078,0.4562,60.684,0.03555,-0.06801,0.09777,-0.9129,-1.1322,153.7279,0.78843
2014-09-24T01:35:39Z,2197.089,2.2903,3.8802,0.2841,59.448,-0.01327,-0.01356,0.09788,-0.7738,-1.2656,153.546,0.79546
2014-09-24T01:35:40Z,2194.552,2.0829,3.7715,0.2069,61.09,0.04834,-0.04944,0.09112,-0.7905,-1.1419,153.8207,0.80806
2014-09-24T01:35:41Z,2193.936,2.0151,3.8625,0.2281,62.448,0.01256,-0.05706,0.11096,-0.9032,-1.3548,153.6516,0.82262
2014-09-24T01:35:42Z,2192.326,1.9314,3.8677,0.287,63.464,0.04932,-0.0688,0.09558,-0.848,-1.1494,153.6888,0.80407
2014-09-24T01:35:43Z,2190.915,2.1586,3.8459,0.4139,60.696,0.00953,0.00383,0.11543,-0.8505,-1.3253,153.6432,0.79506
2014-09-24T01:35:44Z,2189.802,2.2344,3.7301,0.1915,59.078,0.08298,-0.04711,0.07455,-0.9114,-1.1812,153.6722,0.80114
2014-09-24T01:35:45Z,2186.976,2.0388,4.1868,0.1693,64.036,0.05128,-0.01823,0.10341,-0.9973,-1.1256,153.6281,0.79234
2014-09-24T01:35:46Z,2185.951,2.2382,3.9978,0.1073,60.757,0.09394,-0.0124,0.13851,-0.8828,-1.144,153.5639,0.8089
2014-09-24T01:35:47Z,2184.821,1.7422,3.9244,0.2557,66.061,0.01082,-0.02315,0.09405,-0.9112,-1.3452,153.6958,0.79868
2014-09-24T01:35:48Z,2182.514,2.0264,4.0795,0.1052,63.586,0.07458,-0.02009,0.1457,-0.9511,-1.2489,153.7697,0.8061
2014-09-24T01:35:49Z,2182.035,2.0237,4.0404,0.1996,63.396,-0.00977,-0.01829,0.10368,-1.0814,-1.1549,153.5535,0.79581
2014-09-24T01:35:50Z,2180.094,1.9172,4.018,0.1554,64.492,0.03995,-0.02468,0.09813,-1.1392,-1.1563,153.8318,0.80551
2014-09-24T01:35:51Z,2178.706,2.3797,4.0852,0.3539,59.778,0.0184,-0.04745,0.10241,-1.0446,-1.1885,153.7431,0.78272
2014-09-24T01:35:52Z,2176.65,2.0089,4.0098,0.196,63.389,0.02243,-0.04999,0.09166,-0.9942,-1.3859,153.6445,0.79521
2014-09-24T01:35:53Z,2175.573,1.9532,4.0953,0.2868,64.501,0.02016,-0.03169,0.04988,-1.0031,-1.1131,153.6478,0.79863
2014-09-24T01:35:54Z,2174.097,2.0143,4.1137,0.0869,63.911,0.00964,-0.03253,0.12134,-1.0572,-1.0982,153.8848,0.79144
2014-09-24T01:35:55Z,2172.236,1.7064,4.0319,0.2608,67.061,0.00046,-0.01895,0.1541,-1.1575,-1.1945,153.7974,0.79573
2014-09-24T01:35:56Z,2170.665,1.8889,3.9806,0.1276,64.614,0.02032,-0.00244,0.11124,-1.2031,-1.1886,153.8225,0.79484
2014-09-24T01:35:57Z,2169.103,2.1464,4.2494,0.2056,63.201,0.03372,-0.02169,0.1127,-1.1574,-1.166,153.6884,0.79973
2014-09-24T01:35:58Z,2167.128,1.9011,3.9552,0.4697,64.328,0.05934,-0.05087,0.09454,-1.1737,-1.0888,153.774,0.79553
2014-09-24T01:35:59Z,2165.798,1.8669,4.0912,0.342,65.472,0.03706,-0.08543,0.12798,-1.1016,-1.185,153.7582,0.7929
2014-09-24T01:36:00Z,2164.212,2.1837,4.1008,0.2362,61.964,0.05827,-0.05042,0.09799,-1.2454,-1.2198,153.7107,0.79598
2014-09-24T01:36:01Z,2162.813,2.1842,3.9531,0.5692,61.078,-0.00842,-0.06511,0.10558,-1.2554,-1.1735,153.7439,0.7773
2014-09-24T01:36:02Z,2161.439,2.0565,3.9291,0.1581,62.372,0.01713,-0.05006,0.0597,-1.0759,-1.2044,153.8487,0.78127
2014-09-24T01:36:03Z,2159.125,1.9075,4.005,0.3665,64.533,0.04515,-0.02604,0.08552,-1.1326,-1.203,153.9024,0.77536
2014-09-24T01:36:04Z,2157.856,1.9355,3.9897,0.0969,64.121,0.03538,-0.03029,0.10787,-1.3437,-1.3439,153.722,0.78997
2014-09-24T01:36:05Z,2156.819,1.8462,3.8498,0.226,64.38,0.00469,0.01376,0.12128,-1.1717,-1.1604,153.6205,0.78802
2014-09-24T01:36:06Z,2154.438,1.8144,3.9788,0.116,65.486,0.04899,-0.02091,0.1219,-1.395,-1.1082,153.9208,0.7949
2014-09-24T01:36:07Z,2152.805,1.803,4.1228,0.2768,66.379,0.01177,0.01445,0.05896,-1.3558,-1.1199,153.9266,0.78574
2014-09-24T01:36:08Z,2151.555,1.8626,4.2782,0.2569,66.473,0.00503,-0.0157,0.06141,-1.3625,-1.1252,153.8055,0.77696
2014-09-24T01:36:09Z,2150.168,1.7958,4.1772,0.2208,66.737,0.03605,-0.00673,0.11287,-1.3586,-1.2052,153.9492,0.78217
2014-09-24T01:36:10Z,2148.262,1.7127,3.7111,0.3611,65.226,0.02345,-0.04313,0.07951,-1.3183,-1.1891,153.8072,0.76517
2014-09-24T01:36:11Z,2147.105,1.9757,4.2024,0.1954,64.821,0.00963,-0.06131,0.12045,-1.3746,-1.1052,153.6879,0.77597
2014-09-24T01:36:12Z,2145.319,1.9741,4.0292,0.2851,63.898,0.00819,-0.04596,0.05724,-1.3491,-1.131,153.6519,0.75951
2014-09-24T01:36:13Z,2143.69,2.19,4.1872,0.3348,62.39,-0.00522,-0.03532,0.09544,-1.4454,-1.0813,153.6553,0.77996
2014-09-24T01:36:14Z,2141.963,1.8306,4.1236,0.1047,66.062,0.01103,-0.05101,0.09694,-1.3981,-1.254,153.7922,0.77413
2014-09-24T01:36:15Z,2140.954,1.9706,4.1018,0.1784,64.339,0.04783,-0.06062,0.10971,-1.4364,-1.2544,153.7493,0.77434
2014-09-24T01:36:16Z,2138.434,1.9699,4.1236,0.2591,64.466,0.02585,-0.02546,0.07182,-1.5683,-1.2266,153.7422,0.76696
2014-09-24T01:36:17Z,2136.169,1.8815,4.1433,0.3171,65.577,0.0431,-0.0613,0.04832,-1.4329,-1.2754,153.7936,0.76808
2014-09-24T01:36:18Z,2135.793,2.0258,4.3519,0.3963,65.038,0.03144,-0.07478,0.10167,-1.4781,-1.3057,153.8942,0.77798
2014-09-24T01:36:19Z,2133.429,2.0271,4.1552,0.233,63.995,0.00264,-0.06477,0.11044,-1.5569,-1.1626,153.7577,0.75995
2014-09-24T01:36:20Z,2131.982,1.9556,4.3269,0.2232,65.679,-0.02389,-0.04286,0.12235,-1.5476,-1.1681,153.7449,0.77448
2014-09-24T01:36:21Z,2130.755,1.8636,4.3105,0.1678,66.62,-0.00643,-0.06205,0.08809,-1.5593,-1.1806,153.7723,0.76293
2014-09-24T01:36:22Z,2128.084,1.8452,4.2782,0.2885,66.67,-0.00064,-0.04326,0.11633,-1.5604,-1.1721,153.9164,0.75495
2014-09-24T01:36:23Z,2126.553,1.6894,3.9163,0.2261,66.666,-0.00318,-0.02282,0.10896,-1.4134,-1.3177,153.8212,0.77719
2014-09-24T01:36:24Z,2124.773,1.7696,4.3584,0.2287,67.902,0.03946,-0.02374,0.12976,-1.4001,-1.2392,153.8601,0.77699
2014-09-24T01:36:25Z,2123.396,1.7928,4.128,0.247,66.525,0.03859,-0.05489,0.09519,-1.7984,-1.2245,153.9912,0.76101
2014-09-24T01:36:26Z,2122.164,1.7128,4.3094,0.3118,68.324,0.06902,-0.07124,0.0532,-1.554,-1.1974,154.124,0.7599
2014-09-24T01:36:27Z,2120.528,1.9432,4.0625,0.2005,64.437,-0.00598,-0.0533,0.09463,-1.5293,-1.3183,153.9074,0.76126
2014-09-24T01:36:28Z,2118.772,2.0526,4.0373,0.18,63.05,0.05244,-0.02279,0.0984,-1.6355,-1.2761,153.9011,0.75575
2014-09-24T01:36:29Z,2116.508,1.7333,4.5193,0.3008,69.016,0.05168,-0.01722,0.10902,-1.5562,-1.2372,153.7322,0.75612
2014-09-24T01:36:30Z,2114.519,1.9082,4.0864,-0.0446,64.97,0.00548,-0.03089,0.05761,-1.5102,-1.118,153.8911,0.76375
2014-09-24T01:36:31Z,2113.668,1.7055,4.4064,0.1978,68.842,0.02252,-0.00994,0.08799,-1.7642,-1.1821,153.864,0.7757
2014-09-24T01:36:32Z,2111.803,1.8108,4.2591,0.1433,66.967,0.04109,0.00299,0.11736,-1.6555,-1.1218,153.9505,0.75523
2014-09-24T01:36:33Z,2110.444,1.7484,4.184,0.3791,67.321,0.00799,-0.05258,0.09291,-1.5212,-1.2138,153.8256,0.76521
2014-09-24T01:36:34Z,2108.842,1.9379,4.2466,0.2149,65.471,0.00544,-0.0036,0.08773,-1.7882,-1.2044,153.8882,0.7588
2014-09-24T01:36:35Z,2106.954,1.7418,4.0651,0.2033,66.806,-0.00745,-0.04753,0.14289,-1.7096,-1.1651,153.9321,0.74156
2014-09-24T01:36:36Z,2105.479,1.9908,4.2642,0.2548,64.973,-0.05138,-0.01578,0.06833,-1.7472,-1.2198,154.0647,0.75371
2014-09-24T01:36:37Z,2103.597,1.7981,4.1107,0.2004,66.374,0.00877,-0.02382,0.12576,-1.638,-1.2562,154.0345,0.75166
2014-09-24T01:36:38Z,2102.003,1.7332,4.2201,0.22,67.672,-0.01135,-0.09121,0.12031,-1.6374,-1.3261,154.008,0.76354
2014-09-24T01:36:39Z,2099.868,1.6388,4.4257,0.2703,69.681,-0.0211,-0.06619,0.089,-1.7302,-1.2554,153.9573,0.76283
2014-09-24T01:36:40Z,2098.347,1.8602,4.3311,0.2187,66.756,0.01572,-0.07282,0.09365,-1.7508,-1.1414,153.8446,0.75278
2014-09-24T01:36:41Z,2096.77,1.9521,4.0769,0.2183,64.414,-0.03173,-0.08709,0.09341,-1.9009,-1.1081,153.9635,0.75845
2014-09-24T01:36:42Z,2095.277,1.8543,4.4329,0.1605,67.301,0.02409,-0.0208,0.09871,-1.6594,-1.2716,153.8167,0.74654
2014-09-24T01:36:43Z,2093.138,2.1452,4.3117,0.1465,63.548,0.01542,0.00869,0.07913,-1.8111,-1.3493,153.8763,0.75565
2014-09-24T01:36:44Z,2091.741,2.0192,4.2372,0.2682,64.521,-0.00729,-0.04972,0.08313,-1.8037,-1.1373,154.0778,0.74648
2014-09-24T01:36:45Z,2089.745,1.7545,4.4378,0.2932,68.428,0.00051,-0.02217,0.08479,-1.7238,-1.2067,153.9567,0.75345
2014-09-24T01:36:46Z,2088.074,1.7485,4.3071,0.12,67.905,-0.02827,-0.00665,0.08542,-1.7948,-1.3209,153.9285,0.75326
2014-09-24T01:36:47Z,2086.679,1.862,4.1631,0.3391,65.903,0.01962,-0.0388,0.08556,-1.7391,-1.4629,153.9442,0.7484
2014-09-24T01:36:48Z,2083.962,1.6624,4.6241,0.3399,70.226,0.00493,-0.04488,0.03714,-1.7798,-1.2921,153.9021,0.73574
2014-09-24T01:36:49Z,2082.474,1.9584,4.3503,0.3613,65.764,0.00618,-0.05062,0.09543,-1.8202,-1.253,153.6986,0.73733
2014-09-24T01:36:50Z,2080.674,1.8334,4.3475,0.2941,67.134,0.01157,-0.03128,0.07962,-1.8199,-1.3091,153.7905,0.74573
2014-09-24T01:36:51Z,2078.638,1.8135,4.3062,0.3282,67.162,-0.01766,-0.02308,0.04596,-1.9426,-1.1627,153.9814,0.74589
2014-09-24T01:36:52Z,2077.477,1.8731,4.5492,0.4832,67.621,-0.04019,-0.03364,0.0837,-1.8725,-1.2841,153.8302,0.73904
2014-09-24T01:36:53Z,2076.232,2.0235,4.2989,0.2348,64.793,0.02111,-0.03473,0.08274,-1.7815,-1.2192,153.9141,0.73432
2014-09-24T01:36:54Z,2074.123,1.7867,4.1534,0.1608,66.724,0.01378,-0.04693,0.12396,-1.9475,-1.0315,153.8047,0.73741
2014-09-24T01:36:55Z,2072.543,1.7395,4.2896,0.1123,67.927,-0.01744,-0.0857,0.07841,-1.9401,-1.2131,153.8581,0.73271
2014-09-24T01:36:56Z,2071.102,1.978,4.5963,0.4415,66.716,0.00556,-0.02366,0.1084,-1.9602,-1.233,153.932,0.73183
2014-09-24T01:36:57Z,2069.429,1.8922,4.5285,0.4431,67.322,0.02617,-0.07844,0.12609,-1.8844,-1.2324,154.0272,0.74877
2014-09-24T01:36:58Z,2067.182,1.6949,4.3733,0.1742,68.815,0.02257,-0.03107,0.07562,-1.791,-1.1727,154.0496,0.72838
2014-09-24T01:36:59Z,2065.918,1.7389,4.623,0.1942,69.387,-0.02063,-0.02788,0.08994,-1.8658,-1.1839,153.866,0.73534
2014-09-24T01:37:00Z,2063.712,1.7634,4.537,0.2349,68.761,-0.04434,-0.0755,0.13415,-2.0899,-1.3091,153.9725,0.73162
2014-09-24T01:37:01Z,2061.619,1.7841,4.3923,0.3901,67.893,-0.04067,-0.06241,0.09645,-1.8698,-1.2631,153.8015,0.7197
2014-09-24T01:37:02Z,2059.934,1.5218,4.4139,0.1393,70.978,-0.01614,0.00561,0.09987,-1.9628,-1.2849,153.9519,0.71856
2014-09-24T01:37:03Z,2057.85,1.4896,4.4956,0.0717,71.667,0.0276,-0.04963,0.08014,-1.8922,-1.2556,154.0437,0.72714
2014-09-24T01:37:04Z,2056.281,1.5832,4.3276,0.4854,69.906,-0.02778,-0.07836,0.1073,-1.9502,-1.0883,153.9438,0.71133
2014-09-24T01:37:05Z,2054.688,1.5668,4.4594,0.3002,70.641,-0.02509,-0.02805,0.08892,-2.0121,-1.1865,154.0842,0.74076
2014-09-24T01:37:06Z,2053.312,1.61,4.5107,0.3147,70.357,-0.02622,-0.0676,0.0439,-1.9539,-1.2438,154.0383,0.7224
2014-09-24T01:37:07Z,2051.848,1.7969,4.2173,0.249,66.922,-0.0247,-0.0965,0.08061,-1.9881,-1.1394,153.9807,0.72094
2014-09-24T01:37:08Z,2048.974,1.6728,4.4514,0.3166,69.404,-0.01229,-0.0357,0.0597,-1.9326,-1.2254,153.9336,0.73348
2014-09-24T01:37:09Z,2047.804,1.7224,4.4396,0.1188,68.795,-0.04462,-0.07182,0.09187,-2.0324,-1.3731,153.907,0.72179
2014-09-24T01:37:10Z,2045.508,1.5052,4.6473,0.1866,72.054,0.01388,-0.04107,0.06592,-2.0555,-1.1106,153.8165,0.72735
2014-09-24T01:37:11Z,2044.242,1.6145,4.2218,0.2815,69.073,-0.01745,-0.06962,0.10058,-1.9107,-1.2579,153.8346,0.71681
2014-09-24T01:37:12Z,2042.23,1.7674,4.4486,0.0442,68.333,0.04754,-0.03183,0.08952,-1.8841,-1.4276,154.0653,0.72101
2014-09-24T01:37:13Z,2039.832,1.7644,4.4418,0.2415,68.335,-0.04438,-0.04512,0.05698,-1.9298,-1.3768,154.1189,0.72767
2014-09-24T01:37:14Z,2038.992,1.561,4.6625,0.2355,71.49,0.0241,-0.11463,0.07564,-2.0312,-1.1603,153.8611,0.71232
2014-09-24T01:37:15Z,2036.647,1.6897,4.5201,0.2421,69.503,0.01853,-0.04055,0.10324,-2.0414,-1.379,153.9777,0.72274
2014-09-24T01:37:16Z,2034.861,1.9906,4.8028,0.2176,67.488,-0.02715,-0.05753,0.1162,-2.0395,-1.1462,153.815,0.6985
2014-09-24T01:37:17Z,2032.859,1.6536,4.6401,0.1735,70.385,-0.02733,-0.01506,0.06471,-1.9162,-1.2495,153.8763,0.72728
2014-09-24T01:37:18Z,2031.187,1.5475,4.4857,0.0912,70.966,-0.04109,-0.04079,0.0596,-2.0556,-1.2007,154.0015,0.71205
2014-09-24T01:37:19Z,2029.746,1.6203,4.589,0.2881,70.552,-0.0414,-0.03196,0.13557,-1.9209,-1.2803,153.9251,0.71518
2014-09-24T01:37:20Z,2027.707,1.6557,4.5074,0.244,69.83,-0.01927,-0.06881,0.08632,-1.9425,-1.2198,153.7867,0.71446
2014-09-24T01:37:21Z,2026.062,1.6143,4.6958,0.1368,71.028,-0.01933,-0.07098,0.08861,-1.896,-1.2383,154.1516,0.70683
2014-09-24T01:37:22Z,2024.245,1.6275,4.3739,0.281,69.59,-0.0605,-0.05205,0.06759,-1.9114,-1.2687,153.9761,0.70563
2014-09-24T01:37:23Z,2022.748,1.4107,4.4562,0.2455,72.434,0.0363,-0.06061,0.09122,-1.9542,-1.3529,153.8719,0.71763
2014-09-24T01:37:24Z,2020.332,1.4786,4.6565,0.2293,72.384,-0.02812,-0.01832,0.12847,-2.116,-1.241,153.9963,0.71744
2014-09-24T01:37:25Z,2018.097,1.5961,4.78,0.0602,71.535,-0.02058,-0.05578,0.0917,-1.9504,-1.4171,153.9766,0.70527
2014-09-24T01:37:26Z,2017.147,1.5882,4.2704,0.3443,69.6,-0.03847,-0.08275,0.11172,-1.9905,-1.1994,154.028,0.71615
2014-09-24T01:37:27Z,2014.814,1.5237,4.8151,0.1532,72.441,-0.03008,-0.07299,0.08557,-2.0298,-1.2603,153.953,0.71577
2014-09-24T01:37:28Z,2013.474,1.5768,4.5935,0.2831,71.055,-0.03294,-0.02835,0.05895,-1.891,-1.2411,154.0194,0.70778
2014-09-24T01:37:29Z,2011.369,1.6079,4.3396,0.1963,69.669,-0.02465,-0.05682,0.06725,-2.0119,-1.4898,154.0834,0.69997
2014-09-24T01:37:30Z,2009.337,1.7275,4.1793,0.2387,67.542,-0.02553,-0.05833,0.05613,-2.0418,-1.3727,153.8582,0.70955
2014-09-24T01:37:31Z,2007.65,1.5742,4.4067,0.3931,70.342,-0.00562,-0.02647,0.08926,-1.9089,-1.3254,153.9216,0.71232
2014-09-24T01:37:32Z,2006.353,1.6436,4.6387,0.3313,70.489,-0.02065,-0.07601,0.11416,-2.0303,-1.2333,154.0757,0.70849
2014-09-24T01:37:33Z,2004.536,1.4976,4.6386,0.3915,72.107,-0.0093,-0.10919,0.08732,-2.0432,-1.3649,153.9375,0.70381
2014-09-24T01:37:34Z,2001.97,1.6604,4.7523,0.312,70.741,-0.02773,-0.07479,0.07534,-2.0857,-1.088,153.9852,0.71188
2014-09-24T01:37:35Z,2000.136,1.626,4.5818,0.3189,70.461,-0.02228,-0.04757,0.06303,-2.0597,-1.3153,153.9471,0.71788
2014-09-24T01:37:36Z,1998.587,1.6944,4.5042,0.1015,69.385,-0.03467,-0.06002,0.09138,-2.0511,-1.3779,153.954,0.70122
2014-09-24T01:37:37Z,1996.042,1.6672,4.6172,0.2483,70.146,-0.00413,-0.09295,0.05127,-1.9407,-1.314,153.9462,0.70464
2014-09-24T01:37:38Z,1994.58,1.6432,4.6902,0.2579,70.692,-0.02172,-0.02869,0.0536,-2.0697,-1.3776,153.8702,0.72863
2014-09-24T01:37:39Z,1992.576,1.5353,4.7271,0.4031,72.007,-0.03431,-0.05016,0.10419,-2.1344,-1.3988,154.0426,0.70869
2014-09-24T01:37:40Z,1990.814,1.5818,4.5808,0.2305,70.95,-0.03562,-0.04467,0.07446,-1.9589,-1.2257,154.1034,0.69592
2014-09-24T01:37:41Z,1988.529,1.6999,4.8425,0.308,70.657,-0.03422,-0.04405,0.07369,-2.0311,-1.2681,153.98,0.70194
2014-09-24T01:37:42Z,1986.378,1.4379,4.6219,0.3045,72.719,-0.03129,-0.08715,0.07662,-1.9786,-1.2704,154.093,0.69943
2014-09-24T01:37:43Z,1984.32,1.4366,4.5922,0.3981,72.629,-0.03403,-0.04726,0.09872,-1.8714,-1.2122,153.9494,0.70827
2014-09-24T01:37:44Z,1982.762,1.5528,4.6475,0.2693,71.525,-0.04715,-0.03229,0.08442,-1.9648,-1.2781,153.9438,0.70744
2014-09-24T01:37:45Z,1981.097,1.5826,4.8965,0.3657,72.088,-0.01461,-0.02661,0.06142,-1.8461,-1.4051,154.0402,0.69966
2014-09-24T01:37:46Z,1979.257,1.3917,4.7223,0.1128,73.58,-0.01359,-0.03722,0.06204,-1.9684,-1.2657,154.0421,0.71938
2014-09-24T01:37:47Z,1978.137,1.4984,4.6431,0.1222,72.115,0.00975,-0.04256,0.07455,-1.8782,-1.4152,153.9883,0.70501
2014-09-24T01:37:48Z,1975.943,1.4907,4.8941,0.0556,73.06,-0.05049,-0.09896,0.08669,-1.9982,-1.3661,154.0674,0.7005
2014-09-24T01:37:49Z,1973.312,1.168,5.0857,0.3631,77.065,-0.01929,-0.05603,0.07796,-1.9412,-1.3343,153.8712,0.69421
2014-09-24T01:37:50Z,1971.862,1.462,4.8016,0.3521,73.066,-0.08423,-0.0797,0.07544,-2.0197,-1.3453,153.9696,0.69666
2014-09-24T01:37:51Z,1969.685,1.4664,4.9631,0.3749,73.539,-0.01632,-0.02386,0.07941,-2.0052,-1.4796,154.0965,0.69371
2014-09-24T01:37:52Z,1967.813,1.4609,4.9405,0.2178,73.528,-0.07401,-0.02779,0.07705,-1.9528,-1.4166,154.0962,0.70202
2014-09-24T01:37:53Z,1966.06,1.692,4.701,0.2295,70.205,-0.06274,-0.07993,0.05815,-2.0356,-1.3439,154.0835,0.69635
2014-09-24T01:37:54Z,1964.291,1.292,4.8026,0.2741,74.942,-0.03037,-0.05744,0.10503,-1.911,-1.3939,154.1019,0.70961
2014-09-24T01:37:55Z,1962.032,1.3459,4.6143,0.431,73.74,-0.05475,-0.0502,0.065,-1.9421,-1.2579,153.9624,0.69857
2014-09-24T01:37:56Z,1960.597,1.0722,4.7819,0.4564,77.362,-0.05871,-0.03401,0.07998,-1.893,-1.2472,153.829,0.7099
2014-09-24T01:37:57Z,1957.895,1.3874,4.728,0.3669,73.646,-0.0524,-0.09854,0.02494,-2.0105,-1.4437,153.9734,0.70705
2014-09-24T01:37:58Z,1956.365,1.3946,4.7676,0.3209,73.694,-0.02257,-0.11201,0.07076,-1.8428,-1.3523,154.0626,0.70823
2014-09-24T01:37:59Z,1955.337,1.3716,4.7203,0.4216,73.798,-0.06466,-0.05593,0.04834,-1.7565,-1.2335,154.0786,0.71021
2014-09-24T01:38:00Z,1952.569,1.6097,4.7993,0.263,71.458,-0.04322,-0.12028,0.05104,-1.7664,-1.374,153.9457,0.71896
2014-09-24T01:38:01Z,1951.052,1.5671,4.9283,0.2498,72.36,-0.05185,-0.05314,0.13576,-1.7259,-1.399,153.9011,0.69621
2014-09-24T01:38:02Z,1948.639,1.4448,4.839,0.2764,73.375,-0.02241,-0.0424,0.08113,-1.8675,-1.3007,153.9106,0.70977
2014-09-24T01:38:03Z,1946.864,1.3722,4.5841,0.1918,73.336,-0.02223,-0.02641,0.10522,-1.8915,-1.3947,153.9426,0.7062
2014-09-24T01:38:04Z,1944.692,1.5767,4.7598,0.2726,71.673,-0.08982,-0.07298,0.09563,-1.8166,-1.2743,153.8067,0.71155
2014-09-24T01:38:05Z,1942.7,1.4145,4.6512,0.1787,73.084,-0.01833,-0.05349,0.09851,-1.8667,-1.4268,153.9431,0.70396
2014-09-24T01:38:06Z,1940.532,1.2897,4.9236,0.3934,75.322,-0.06023,-0.04133,0.06863,-1.9787,-1.4205,153.9999,0.71253
2014-09-24T01:38:07Z,1938.998,1.1493,4.9686,0.3456,76.975,-0.03956,-0.08711,0.11345,-1.7656,-1.3226,153.9847,0.69284
2014-09-24T01:38:08Z,1936.589,1.3356,4.9402,0.4346,74.871,-0.06945,-0.03493,0.09413,-1.8413,-1.3811,153.9607,0.69521
2014-09-24T01:38:09Z,1935.157,1.5093,4.7895,0.1291,72.509,-0.0372,-0.05105,0.07367,-1.9311,-1.3838,153.9241,0.69877
2014-09-24T01:38:10Z,1933.338,1.7321,4.9515,0.4825,70.719,0.0168,-0.07313,0.07889,-1.8454,-1.5486,153.9349,0.70281
2014-09-24T01:38:11Z,1931.118,1.3948,4.8521,0.1356,73.962,-0.0443,-0.05455,0.06856,-1.8125,-1.4276,153.9358,0.70387
2014-09-24T01:38:12Z,1928.918,1.2656,4.7598,0.1734,75.111,-0.05947,-0.06166,0.07295,-1.7853,-1.3336,154.061,0.69768
2014-09-24T01:38:13Z,1927.203,1.197,5.0485,0.2315,76.661,-0.05426,-0.03876,0.07022,-1.7748,-1.4689,153.9894,0.69579
2014-09-24T01:38:14Z,1924.959,1.4524,5.0681,0.4248,74.009,-0.08567,-0.06735,0.08052,-1.6574,-1.3537,154.3052,0.69859
2014-09-24T01:38:15Z,1923.414,1.0992,5.0939,0.3169,77.823,-0.01321,-0.05275,0.11414,-1.86,-1.3918,153.9542,0.69029
2014-09-24T01:38:16Z,1920.463,1.4418,4.8704,0.2705,73.51,-0.04209,-0.07403,0.04018,-1.759,-1.4328,154.0302,0.70179
2014-09-24T01:38:17Z,1919.001,1.4761,5.1445,0.216,73.991,-0.07662,-0.08203,0.09853,-1.8068,-1.3118,153.9543,0.70377
2014-09-24T01:38:18Z,1916.434,1.4139,4.9027,0.1581,73.913,-0.07628,-0.05437,0.06042,-1.6254,-1.4512,153.9507,0.70792
2014-09-24T01:38:19Z,1914.616,1.3099,5.0817,0.4093,75.546,-0.05096,-0.08115,0.10102,-1.7601,-1.4492,154.1391,0.70588
2014-09-24T01:38:20Z,1913.623,1.4214,4.9117,0.3762,73.86,-0.02852,-0.03878,0.0606,-1.7318,-1.4482,154.0814,0.71905
2014-09-24T01:38:21Z,1911.462,1.3569,4.9626,0.432,74.708,-0.08106,-0.04406,0.07891,-1.6092,-1.4285,153.8049,0.71137
2014-09-24T01:38:22Z,1908.897,1.2095,4.6421,0.3369,75.397,-0.02491,-0.07806,0.06427,-1.5759,-1.3773,153.8767,0.71093
2014-09-24T01:38:23Z,1906.621,1.5985,4.9683,0.0335,72.165,-0.0555,-0.05366,0.02463,-1.5525,-1.5603,153.964,0.70813
2014-09-24T01:38:24Z,1904.104,1.263,5.0362,0.1737,75.921,-0.07692,-0.07831,0.11102,-1.7901,-1.3768,153.9245,0.70968
2014-09-24T01:38:25Z,1902.944,1.426,4.9661,0.3449,73.979,-0.06581,-0.09923,0.04363,-1.6082,-1.4446,153.8239,0.70381
2014-09-24T01:38:26Z,1901.971,0.9405,5.2956,0.2617,79.929,-0.01086,-0.07411,0.06894,-1.6132,-1.4095,153.9848,0.70656
2014-09-24T01:38:27Z,1899.262,1.4897,4.8673,0.2433,72.983,-0.08973,-0.0605,0.04018,-1.6267,-1.2664,153.7838,0.72132
2014-09-24T01:38:28Z,1896.898,1.5132,4.9657,0.1894,73.052,-0.07376,-0.04626,0.0327,-1.6048,-1.5025,153.9827,0.70558
2014-09-24T01:38:29Z,1895.238,1.2916,4.921,0.3948,75.294,-0.03209,-0.05561,0.06065,-1.4947,-1.5635,154.0414,0.69568
2014-09-24T01:38:30Z,1892.507,1.3658,4.9818,0.3462,74.669,-0.05094,-0.03671,0.05057,-1.5018,-1.4539,154.0539,0.7121
2014-09-24T01:38:31Z,1890.924,1.3598,5.2274,0.351,75.419,-0.07656,-0.08398,0.03583,-1.5002,-1.4452,153.9505,0.71373
2014-09-24T01:38:32Z,1889.036,1.1739,5.3016,0.2379,77.515,-0.03309,-0.06891,0.0638,-1.5423,-1.4076,154.1142,0.70816
2014-09-24T01:38:33Z,1886.941,1.3468,4.9825,0.3194,74.874,-0.03233,-0.01843,0.02728,-1.3639,-1.5245,153.9945,0.6921
2014-09-24T01:38:34Z,1885.215,1.1375,4.9859,0.1683,77.148,-0.04978,-0.10786,0.0671,-1.5641,-1.5518,154.044,0.71761
2014-09-24T01:38:35Z,1883.023,1.162,4.9289,0.2895,76.735,-0.0738,-0.07092,0.06041,-1.6477,-1.6121,153.8839,0.70936
2014-09-24T01:38:36Z,1881.098,1.4166,5.3057,0.0501,75.051,-0.07036,-0.08645,0.00121,-1.5259,-1.603,154.1077,0.70524
2014-09-24T01:38:37Z,1878.582,1.3883,5.2869,0.1466,75.286,-0.0522,-0.06458,0.04978,-1.4861,-1.531,153.9533,0.71742
2014-09-24T01:38:38Z,1877.093,1.1301,5.1089,0.2715,77.527,-0.09253,-0.07059,0.07419,-1.3724,-1.5112,154.1092,0.69191
2014-09-24T01:38:39Z,1875.302,1.1201,4.9223,0.5416,77.18,-0.02695,-0.04471,0.03552,-1.5032,-1.3408,154.0852,0.7092
2014-09-24T01:38:40Z,1872.343,1.1282,4.9461,0.1246,77.151,-0.01804,-0.05341,0.07453,-1.4086,-1.6456,153.973,0.70416
2014-09-24T01:38:41Z,1870.32,1.3291,5.1753,0.1808,75.596,-0.06684,-0.09246,0.07218,-1.5515,-1.4876,153.9857,0.72062
2014-09-24T01:38:42Z,1869.043,1.0629,5.2375,0.3271,78.528,-0.05244,-0.07455,0.03554,-1.332,-1.5768,153.9249,0.71081
2014-09-24T01:38:43Z,1866.451,1.261,4.8544,0.4829,75.439,-0.03209,-0.05988,0.0603,-1.3981,-1.5051,153.8587,0.70213
2014-09-24T01:38:44Z,1864.949,1.3133,5.1222,0.3265,75.619,-0.01324,-0.04141,0.08085,-1.411,-1.5715,153.9978,0.71833
2014-09-24T01:38:45Z,1862.239,1.1827,5.4228,0.377,77.697,-0.02359,0.00091,0.03794,-1.2028,-1.4487,153.9903,0.68972
2014-09-24T01:38:46Z,1860.837,1.3411,5.1532,0.2734,75.412,-0.10628,-0.04236,0.05432,-1.2723,-1.4536,153.7717,0.71362
2014-09-24T01:38:47Z,1858.305,1.1384,5.4184,0.2566,78.134,-0.07116,-0.08526,0.08784,-1.4256,-1.5494,153.9228,0.69961
2014-09-24T01:38:48Z,1856.278,1.1461,5.3,0.3163,77.798,-0.05113,-0.06231,0.03726,-1.3355,-1.4296,154.0154,0.70618
2014-09-24T01:38:49Z,1854.661,1.0254,5.0464,0.2426,78.514,-0.07637,-0.05545,0.06979,-1.092,-1.4883,154.0727,0.7081
2014-09-24T01:38:50Z,1851.91,1.3191,5.1749,0.3814,75.699,-0.01981,-0.07297,0.03094,-1.1366,-1.4422,153.996,0.71745
2014-09-24T01:38:51Z,1849.627,1.0458,5.2079,0.1488,78.646,-0.02401,-0.04823,0.05351,-1.205,-1.5615,153.7692,0.72793
2014-09-24T01:38:52Z,1847.717,1.2072,5.0917,0.3988,76.662,-0.0855,-0.11678,0.06831,-1.4103,-1.4864,153.8128,0.6962
2014-09-24T01:38:53Z,1845.947,1.1379,5.096,0.3142,77.413,-0.06952,-0.04617,-0.00336,-1.1396,-1.6286,153.8809,0.71413
2014-09-24T01:38:54Z,1843.153,0.9852,5.4774,0.2893,79.804,-0.08455,-0.07191,0.043,-1.2804,-1.6412,154.0527,0.72829
2014-09-24T01:38:55Z,1841.834,1.0452,5.1103,0.1468,78.441,-0.07104,-0.06274,0.0667,-1.107,-1.4018,153.8493,0.70619
2014-09-24T01:38:56Z,1839.328,1.3383,5.4278,0.2136,76.149,-0.07214,-0.02335,0.06122,-1.2539,-1.6677,154.013,0.70579
2014-09-24T01:38:57Z,1837.823,1.1547,5.2066,0.4318,77.495,-0.04299,-0.09153,0.04211,-1.1401,-1.6203,153.842,0.71284
2014-09-24T01:38:58Z,1834.484,0.9679,5.2799,0.2918,79.612,-0.08939,-0.05317,0.02716,-1.2133,-1.7419,153.9546,0.71766
2014-09-24T01:38:59Z,1832.945,1.1586,5.3742,0.3408,77.834,-0.13293,-0.04013,0.07009,-1.174,-1.6624,153.8044,0.71636
2014-09-24T01:39:00Z,1830.526,1.0851,5.209,0.2255,78.233,-0.10796,-0.05571,0.04592,-1.0778,-1.679,153.876,0.70829
2014-09-24T01:39:01Z,1828.72,1.6188,5.391,0.3109,73.286,-0.09387,-0.1003,0.06721,-1.2157,-1.6578,153.7792,0.70479
2014-09-24T01:39:02Z,1826.986,1.1372,5.0057,0.177,77.201,-0.08488,-0.02617,0.06268,-0.9028,-1.5849,154.0336,0.72177
2014-09-24T01:39:03Z,1824.724,1.0313,5.387,0.3247,79.162,-0.06412,-0.0652,0.04158,-1.1571,-1.5704,153.8166,0.70507
2014-09-24T01:39:04Z,1822.582,1.2953,4.9588,0.3522,75.361,-0.09611,-0.07309,0.07918,-1.1437,-1.6991,153.7282,0.69595
2014-09-24T01:39:05Z,1820.497,0.8,5.3029,0.3477,81.421,-0.0997,-0.06764,0.0371,-0.9891,-1.6865,153.7171,0.69965
2014-09-24T01:39:06Z,1818.504,1.084,5.4727,0.2257,78.796,-0.09296,-0.06941,0.08131,-0.9177,-1.5415,153.8679,0.70666
2014-09-24T01:39:07Z,1815.956,1.3631,5.4472,0.2824,75.95,-0.09792,-0.08958,0.08417,-1.0288,-1.4966,153.8273,0.72319
2014-09-24T01:39:08Z,1814.43,1.04,5.1652,0.3706,78.616,-0.08418,-0.05567,0.07698,-1.0704,-1.5375,153.9346,0.7017
2014-09-24T01:39:09Z,1812.286,0.7912,5.1926,0.2962,81.336,-0.08554,-0.0747,0.04581,-1.0401,-1.7746,153.8429,0.72334
2014-09-24T01:39:10Z,1810.057,0.9857,5.2731,0.2891,79.412,-0.05367,-0.04296,0.11359,-1.0302,-1.5526,153.9795,0.72155
2014-09-24T01:39:11Z,1807.983,1.257,5.4122,0.5086,76.925,-0.09592,-0.04676,0.05329,-0.9045,-1.5045,153.8209,0.71282
2014-09-24T01:39:12Z,1805.755,1.089,5.0878,0.2237,77.919,-0.0804,-0.01902,0.05511,-0.9161,-1.7934,153.9586,0.69054
2014-09-24T01:39:13Z,1804.223,0.9001,5.3967,0.4272,80.531,-0.08536,-0.06492,0.04811,-0.8576,-1.5761,153.7571,0.70135
2014-09-24T01:39:14Z,1801.338,0.9173,5.4558,0.2043,80.456,-0.05178,-0.07967,0.02001,-0.8436,-1.6498,153.6984,0.70564
2014-09-24T01:39:15Z,1799.116,0.9299,5.375,0.3857,80.185,-0.07613,-0.09629,0.08021,-0.7879,-1.699,153.7628,0.72442
2014-09-24T01:39:16Z,1796.812,1.0618,5.5048,0.3915,79.083,-0.04627,-0.00467,0.0331,-0.8675,-1.6694,153.7285,0.70587
2014-09-24T01:39:17Z,1794.564,1.2021,5.468,0.2701,77.602,-0.1016,-0.0429,0.06998,-0.8746,-1.6475,153.7136,0.70408
2014-09-24T01:39:18Z,1792.336,1.1529,5.3616,0.1999,77.865,-0.07428,-0.07672,0.07556,-0.7838,-1.5955,153.8753,0.71159
2014-09-24T01:39:19Z,1790.305,1.057,5.1602,0.1251,78.424,-0.08769,-0.01703,0.06123,-0.7813,-1.6048,153.8036,0.69861
2014-09-24T01:39:20Z,1788.432,0.7823,5.4779,0.261,81.873,-0.10419,-0.0254,0.02843,-0.7373,-1.819,153.8404,0.70948
2014-09-24T01:39:21Z,1786.413,0.7763,5.3226,0.3756,81.701,-0.07547,-0.09303,0.03678,-0.7949,-1.7555,153.875,0.70306
2014-09-24T01:39:22Z,1784.149,1.0492,5.3873,0.2157,78.98,-0.03069,-0.07803,-0.02205,-0.667,-1.7014,153.6498,0.73071
2014-09-24T01:39:23Z,1781.697,0.7611,5.555,0.3337,82.199,-0.09557,-0.06244,0.04154,-0.793,-1.5883,153.8713,0.70161
2014-09-24T01:39:24Z,1780.11,0.9223,5.7021,0.1767,80.813,-0.07766,-0.08582,0.06409,-0.7142,-1.9375,153.6898,0.72411
2014-09-24T01:39:25Z,1777.882,0.9953,5.4922,0.3015,79.729,-0.1075,-0.06142,0.03766,-0.5688,-1.7735,153.7485,0.69926
2014-09-24T01:39:26Z,1775.392,0.7727,5.5903,0.2107,82.13,-0.11139,-0.04115,0.02842,-0.7297,-1.8522,153.6129,0.71018
2014-09-24T01:39:27Z,1773.042,0.7833,5.2993,0.3181,81.592,-0.09481,-0.09321,0.03529,-0.5352,-1.8448,153.8634,0.71175
2014-09-24T01:39:28Z,1771.282,0.916,5.5597,0.2762,80.644,-0.08659,-0.05148,0.07269,-0.7119,-1.6617,153.6248,0.70854
2014-09-24T01:39:29Z,1768.973,0.9992,5.5225,0.2078,79.744,-0.08568,-0.02953,0.04052,-0.7058,-1.7885,153.6695,0.70769
2014-09-24T01:39:30Z,1766.215,1.0766,5.726,0.2615,79.351,-0.08139,-0.04866,0.08789,-0.6783,-1.9381,153.6724,0.71356
2014-09-24T01:39:31Z,1764.51,1.0016,5.4673,0.2344,79.618,-0.11715,-0.06048,0.02674,-0.5292,-1.7695,153.768,0.70962
2014-09-24T01:39:32Z,1762.434,0.915,5.5201,0.1968,80.589,-0.09178,-0.07522,0.046,-0.4599,-1.5993,153.7606,0.70448
2014-09-24T01:39:33Z,1759.834,0.7856,5.7248,0.4371,82.186,-0.06377,-0.03766,0.0293,-0.3945,-1.9122,153.8533,0.70004
2014-09-24T01:39:34Z,1758.019,0.73,5.5593,0.2932,82.519,-0.11045,-0.08778,0.09156,-0.3805,-1.7305,153.7572,0.70366
2014-09-24T01:39:35Z,1755.244,0.8077,5.417,0.1096,81.52,-0.08555,-0.0522,0.04376,-0.388,-1.6532,153.8597,0.7031
2014-09-24T01:39:36Z,1754.019,0.9386,5.9712,0.2678,81.067,-0.06953,-0.05755,0.09203,-0.5031,-1.7881,153.7965,0.70246
2014-09-24T01:39:37Z,1751.784,0.9209,5.4351,0.4221,80.383,-0.09657,-0.02996,0.02788,-0.4832,-1.6355,153.6595,0.70416
2014-09-24T01:39:38Z,1749.052,0.549,5.5973,0.2551,84.398,-0.06864,-0.07258,0.07614,-0.3323,-1.8481,153.6827,0.69176
2014-09-24T01:39:39Z,1747.058,0.7393,5.6667,0.4814,82.567,-0.11537,-0.07036,0.04045,-0.261,-1.6852,153.8958,0.69428
2014-09-24T01:39:40Z,1743.875,1.0316,5.6665,0.2467,79.682,-0.05528,-0.08887,0.05798,-0.4365,-1.7097,153.8627,0.7086
2014-09-24T01:39:41Z,1742.098,0.8558,5.6049,0.3831,81.319,-0.0685,-0.0468,0.00613,-0.2297,-1.8147,153.8177,0.68337
2014-09-24T01:39:42Z,1740.182,0.6244,5.6131,0.4369,83.652,-0.0764,-0.06823,0.04489,-0.4661,-1.9367,153.826,0.71036
2014-09-24T01:39:43Z,1737.69,1.1837,5.6149,0.3788,78.096,-0.04981,-0.07908,0.009,-0.2604,-1.9035,153.7721,0.69571
2014-09-24T01:39:44Z,1736.092,0.8188,5.4891,0.1967,81.515,-0.0863,-0.0766,0.04171,-0.2791,-2.0166,153.7543,0.71292
2014-09-24T01:39:45Z,1734.315,0.8738,5.986,0.2403,81.695,-0.09365,-0.0439,-0.00312,-0.2663,-1.7873,153.7208,0.70873
2014-09-24T01:39:46Z,1730.976,0.8697,5.6427,0.4523,81.238,-0.04402,-0.0848,0.03204,-0.2265,-1.8026,153.8808,0.69565
2014-09-24T01:39:47Z,1728.863,0.7477,5.7733,0.2553,82.621,-0.03243,-0.08247,0.06134,-0.2764,-1.8399,153.6594,0.6958
2014-09-24T01:39:48Z,1727.005,0.6866,5.6409,0.4338,83.06,-0.09591,-0.0346,0.04719,-0.1515,-1.8618,153.7249,0.70965
2014-09-24T01:39:49Z,1725.25,1.1069,5.6448,0.2936,78.906,-0.08153,-0.06105,0.0022,-0.1613,-1.7492,153.5249,0.70638
2014-09-24T01:39:50Z,1722.019,0.9326,5.6416,0.3514,80.613,-0.05267,-0.0329,-0.01486,-0.0704,-1.8398,153.5476,0.70325
2014-09-24T01:39:51Z,1720.293,0.8983,5.4842,0.1991,80.698,-0.08085,-0.06565,0.04457,0.003,-1.9138,153.867,0.70388
2014-09-24T01:39:52Z,1718.599,0.8542,5.6993,0.2773,81.476,-0.06413,-0.05658,0.07123,-0.093,-1.8635,153.742,0.68527
2014-09-24T01:39:53Z,1715.136,0.6108,5.6751,0.2513,83.857,-0.05958,-0.05252,0.00715,-0.1476,-1.7174,153.6538,0.69483
2014-09-24T01:39:54Z,1713.016,0.9458,5.92,0.3619,80.923,-0.09324,-0.02163,0.08323,-0.1521,-1.8373,153.6776,0.68624
2014-09-24T01:39:55Z,1711.064,0.6206,5.5724,0.3491,83.645,-0.06879,-0.02354,0.03018,0.0958,-1.9241,153.5286,0.68269
2014-09-24T01:39:56Z,1708.775,0.7825,5.6741,0.3866,82.148,-0.0795,-0.02723,-0.01908,0.1066,-1.9024,153.6162,0.69208
2014-09-24T01:39:57Z,1706.984,0.4868,5.6329,0.2917,85.061,-0.10985,-0.07166,-0.00959,0.073,-1.8677,153.5078,0.68662
2014-09-24T01:39:58Z,1704.524,0.4196,5.9934,0.2483,85.995,-0.10424,-0.08048,0.04822,0.0279,-1.9445,153.6187,0.68774
2014-09-24T01:39:59Z,1701.555,0.7666,5.6577,0.3603,82.283,-0.09587,-0.03666,0.03176,0.1094,-1.9575,153.7108,0.6842
2014-09-24T01:40:00Z,1700.091,0.5901,5.8784,0.2394,84.268,-0.05641,-0.02113,0.06512,0.1696,-1.9237,153.6825,0.67728
2014-09-24T01:40:01Z,1697.44,0.4061,5.9496,0.4508,86.096,-0.05565,-0.02634,-0.00235,0.0368,-1.8072,153.7905,0.69999
2014-09-24T01:40:02Z,1695.817,0.7781,5.7887,0.3319,82.345,-0.06099,-0.05495,0.03011,0.1096,-1.8715,153.6555,0.68674
2014-09-24T01:40:03Z,1692.878,1.0081,5.6151,0.3114,79.822,-0.06878,-0.03694,0.02686,0.0398,-1.9736,153.3725,0.67303
2014-09-24T01:40:04Z,1690.599,0.8913,5.6257,0.3908,80.997,-0.0695,-0.03636,0.02265,0.139,-1.8774,153.8097,0.68507
2014-09-24T01:40:05Z,1688.732,0.6368,5.9667,0.3373,83.908,-0.07292,-0.05113,0.0162,0.2938,-1.9523,153.5249,0.69483
2014-09-24T01:40:06Z,1686.528,0.6695,5.6571,0.1797,83.251,-0.06971,-0.0499,0.01624,0.2775,-1.9316,153.6194,0.68936
2014-09-24T01:40:07Z,1684.134,0.7941,5.9142,0.2399,82.353,-0.06804,-0.05211,0.02921,0.223,-1.945,153.6075,0.67655
2014-09-24T01:40:08Z,1681.101,0.8222,5.8839,0.4525,82.045,-0.11506,-0.07412,0.03195,0.0176,-2.1402,153.6156,0.67574
2014-09-24T01:40:09Z,1679.59,0.5948,5.9294,0.3555,84.272,-0.09973,-0.07142,0.03024,0.2015,-2.2214,153.5904,0.67103
2014-09-24T01:40:10Z,1676.747,0.6443,5.9543,0.1796,83.824,-0.10571,-0.07165,0.05361,0.2831,-1.9656,153.5863,0.67172
2014-09-24T01:40:11Z,1674.897,0.6767,5.7509,0.3834,83.289,-0.05232,-0.09394,-0.00703,0.2784,-2.0582,153.4416,0.67133
2014-09-24T01:40:12Z,1672.019,0.7076,5.7555,0.2929,82.991,-0.03865,-0.05023,-0.02276,0.3191,-2.1273,153.8264,0.66382
2014-09-24T01:40:13Z,1670.374,0.5969,6.0156,0.2618,84.334,-0.13423,-0.05466,0.0475,0.3567,-2.0682,153.6268,0.67095
2014-09-24T01:40:14Z,1667.633,0.5915,5.8244,0.2354,84.201,-0.04088,-0.03444,-0.00198,0.3153,-1.9347,153.5608,0.67618
2014-09-24T01:40:15Z,1665.161,0.8091,5.5158,0.4505,81.654,-0.07782,-0.02181,0.01165,0.3781,-1.9863,153.7336,0.66903
2014-09-24T01:40:16Z,1663.552,0.7759,6.0321,0.1543,82.67,-0.05465,-0.02006,0.00537,0.3874,-1.9595,153.4361,0.67299
2014-09-24T01:40:17Z,1661.076,0.6586,5.7888,0.2677,83.509,-0.06729,-0.01754,0.00437,0.3637,-1.9913,153.6239,0.68312
2014-09-24T01:40:18Z,1658.464,0.8375,6.0243,0.3641,82.086,-0.04392,-0.07176,-0.01671,0.5882,-2.1073,153.4753,0.68371
2014-09-24T01:40:19Z,1656.871,0.5139,6.1696,0.5103,85.239,-0.07466,-0.08847,0.00504,0.4229,-1.978,153.5648,0.66736
2014-09-24T01:40:20Z,1653.891,0.808,5.9745,0.4086,82.298,-0.11396,-0.02923,0.03504,0.3011,-1.9997,153.5607,0.67381
2014-09-24T01:40:21Z,1651.735,0.6383,6.1298,0.2691,84.055,-0.08248,-0.01777,0.01824,0.6446,-2.0623,153.2782,0.66429
2014-09-24T01:40:22Z,1649.495,1.0399,6.0122,0.5072,80.187,-0.0669,-0.01325,0.03048,0.4545,-2.0546,153.3623,0.66057
2014-09-24T01:40:23Z,1646.857,0.3629,6.2374,0.2193,86.67,-0.08514,-0.03985,0.005,0.6145,-2.0023,153.6577,0.65437
2014-09-24T01:40:24Z,1644.911,0.4306,5.8476,0.3819,85.789,-0.06325,-0.10172,0.03951,0.5083,-2.1321,153.4673,0.66283
2014-09-24T01:40:25Z,1642.228,0.5893,6.016,0.4047,84.406,-0.08128,-0.04248,0.00376,0.6285,-1.9915,153.6862,0.66964
2014-09-24T01:40:26Z,1639.936,0.5783,6.1271,0.2684,84.608,-0.09446,-0.03755,-0.03672,0.5992,-2.0398,153.6105,0.64959
2014-09-24T01:40:27Z,1638.221,0.8034,6.0044,0.4267,82.379,-0.10666,-0.01995,0.02344,0.7031,-2.0913,153.4508,0.65629
2014-09-24T01:40:28Z,1635.04,0.4031,6.218,0.3063,86.291,-0.08924,-0.01533,0.03424,0.626,-1.9754,153.4354,0.65471
2014-09-24T01:40:29Z,1632.218,0.6315,5.9912,0.4279,83.983,-0.07425,-0.02815,0.0006,0.6105,-2.208,153.6244,0.65817
2014-09-24T01:40:30Z,1631.282,0.6619,6.3704,0.1747,84.068,-0.12827,-0.06538,0.04409,0.7033,-2.1478,153.6631,0.65709
2014-09-24T01:40:31Z,1629.264,0.5854,6.3863,0.3926,84.763,-0.0987,-0.07624,-0.00763,0.6719,-2.1721,153.4174,0.65807
2014-09-24T01:40:32Z,1625.88,0.328,6.1232,0.3187,86.934,-0.12903,-0.03697,0.02994,0.5679,-2.0954,153.5931,0.66773
2014-09-24T01:40:33Z,1622.992,0.6756,6.1749,0.4756,83.756,-0.09444,-0.06993,0.05632,0.6937,-2.036,153.5355,0.64437
2014-09-24T01:40:34Z,1621.206,0.6409,6.2779,0.3567,84.171,-0.04899,-0.01305,0.01314,0.9908,-2.2158,153.5459,0.64271
2014-09-24T01:40:35Z,1618.857,0.5385,5.9302,0.4866,84.811,-0.10847,-0.09235,0.00609,0.635,-1.8793,153.4288,0.65086
2014-09-24T01:40:36Z,1616.531,0.4713,5.9206,0.413,85.449,-0.06113,-0.03536,0.00864,0.8193,-2.2034,153.3445,0.65928
2014-09-24T01:40:37Z,1613.845,0.4667,6.3163,0.3501,85.774,-0.00738,-0.04135,0.05151,0.7999,-2.1281,153.2993,0.63472
2014-09-24T01:40:38Z,1612.073,0.4129,6.176,0.4421,86.175,-0.04214,-0.0543,0.0204,0.9854,-2.1634,153.2673,0.64784
2014-09-24T01:40:39Z,1609.686,0.5128,6.1102,0.4433,85.202,-0.07502,-0.07206,0.06346,0.7687,-2.1666,153.5818,0.64234
2014-09-24T01:40:40Z,1606.609,0.4136,6.1578,0.4118,86.158,-0.05677,-0.10027,0.01636,0.8846,-2.2403,153.3847,0.64955
2014-09-24T01:40:41Z,1605.003,0.2734,5.8047,0.1358,87.303,-0.11234,-0.0618,-0.00744,0.9503,-2.0982,153.262,0.64651
2014-09-24T01:40:42Z,1603.102,0.2352,6.1415,0.2673,87.807,-0.1173,-0.06116,-0.00615,0.8998,-2.2586,153.4696,0.64063
2014-09-24T01:40:43Z,1600.065,0.2718,6.0689,0.5047,87.436,-0.07711,-0.02031,0.0095,0.8714,-2.3385,153.3142,0.64291
2014-09-24T01:40:44Z,1597.506,0.4099,6.3296,0.2413,86.295,-0.06771,-0.06746,-0.04355,0.9496,-2.2935,153.2898,0.6325
2014-09-24T01:40:45Z,1595.191,0.3644,6.3503,0.4557,86.716,-0.05017,-0.03635,-0.00486,0.9451,-2.0948,153.5544,0.64294
2014-09-24T01:40:46Z,1593.07,0.3925,6.2959,0.4386,86.433,-0.09159,-0.07976,-0.00478,0.9632,-2.1171,153.2072,0.6464
2014-09-24T01:40:47Z,1589.861,0.4273,6.2812,0.2962,86.108,-0.07238,-0.03524,0.01206,1.0809,-2.3845,153.3564,0.63487
2014-09-24T01:40:48Z,1588.133,0.2498,6.0042,0.1697,87.618,-0.07308,-0.10297,0.05413,1.0568,-2.1656,153.2664,0.62958
2014-09-24T01:40:49Z,1585.545,0.5556,6.3275,0.313,84.982,-0.08017,0.00558,0.00648,1.0868,-2.3961,153.2431,0.63046
2014-09-24T01:40:50Z,1583.932,0.2872,6.3399,0.5781,87.407,-0.07853,-0.05011,-0.04343,1.087,-2.2465,153.1643,0.63672
2014-09-24T01:40:51Z,1580.826,0.2542,6.4443,0.2847,87.741,-0.0979,-0.11622,-0.01869,1.1551,-2.3477,153.3091,0.62885
2014-09-24T01:40:52Z,1579.069,0.3831,6.5823,0.2921,86.669,-0.06936,-0.06408,0.01024,1.2003,-2.1867,153.2082,0.61837
2014-09-24T01:40:53Z,1575.695,0.0272,6.0239,0.2726,89.742,-0.07129,-0.0678,0.00553,1.0906,-2.2204,153.3472,0.63438
2014-09-24T01:40:54Z,1573.88,0.1756,6.2268,0.4943,88.384,-0.08698,-0.06207,0.04334,1.1965,-2.1933,153.2757,0.6177
2014-09-24T01:40:55Z,1571.377,0.433,6.1836,0.3491,85.994,-0.05914,-0.05456,0.02626,1.0446,-2.3021,153.2415,0.62776
2014-09-24T01:40:56Z,1568.549,0.0169,6.3319,0.3115,89.847,-0.04989,-0.06178,0.02503,0.9852,-2.3007,153.1782,0.60824
2014-09-24T01:40:57Z,1566.501,0.4367,6.3162,0.516,86.045,-0.05845,-0.0654,-0.00413,1.3286,-2.4122,153.4004,0.62285
2014-09-24T01:40:58Z,1564.447,0.4872,6.2873,0.4331,85.569,-0.10123,-0.07372,0.0283,1.1727,-2.3816,153.3232,0.62026
2014-09-24T01:40:59Z,1561.49,0.1968,6.4882,0.284,88.263,-0.07247,-0.02397,-0.02205,1.2364,-2.2302,153.1737,0.6039
2014-09-24T01:41:00Z,1558.589,0.2875,6.1803,0.2543,87.336,-0.09753,-0.01425,0.02408,1.1348,-2.2836,153.0981,0.62114
2014-09-24T01:41:01Z,1556.75,0.403,6.1967,0.493,86.279,-0.07211,-0.0504,-0.00766,1.1476,-2.3116,153.0373,0.60851
2014-09-24T01:41:02Z,1554.013,0.1567,6.2101,0.3795,88.555,-0.09698,-0.04424,-0.03728,1.2087,-2.2259,153.332,0.61686
2014-09-24T01:41:03Z,1551.779,0.3482,6.3185,0.2235,86.845,-0.04214,-0.07171,0.01328,1.3334,-2.4379,153.3012,0.61175
2014-09-24T01:41:04Z,1549.438,0.1088,6.1976,0.2007,88.994,-0.05425,-0.04154,0.03291,1.2567,-2.2832,153.307,0.60207
2014-09-24T01:41:05Z,1546.435,0.1293,6.3865,0.2682,88.84,-0.04477,-0.03732,-0.01267,1.2871,-2.4422,153.1823,0.60444
2014-09-24T01:41:06Z,1544.029,0.0724,6.3786,0.2564,89.35,-0.04705,-0.04831,0.03609,1.2702,-2.2366,153.2669,0.60397
2014-09-24T01:41:07Z,1542.323,0.2349,6.2923,0.1762,87.862,-0.07986,-0.03267,-0.04486,1.4387,-2.3183,153.2809,0.61846
2014-09-24T01:41:08Z,1539.529,0.3486,6.5524,0.2716,86.955,-0.08349,-0.03461,-0.03385,1.4304,-2.2917,153.1631,0.6162
2014-09-24T01:41:09Z,1536.369,0.1386,6.425,0.2904,88.764,-0.02905,-0.06843,-0.00808,1.3375,-2.432,153.1261,0.626
2014-09-24T01:41:10Z,1535.094,-0.0333,6.5985,0.3364,90.289,-0.07646,-0.01199,-0.01416,1.4462,-2.2083,153.0561,0.60329
2014-09-24T01:41:11Z,1532.464,-0.0138,6.4204,0.5527,90.123,-0.10593,-0.04676,-0.02204,1.3869,-2.2301,153.1881,0.60199
2014-09-24T01:41:12Z,1529.666,0.199,6.4571,0.3574,88.234,-0.04661,0.00058,-0.0025,1.3944,-2.3626,153.1932,0.60638
2014-09-24T01:41:13Z,1527.0,0.4077,6.387,0.368,86.348,-0.06793,-0.03054,-0.01953,1.4322,-2.3101,153.0883,0.60144
2014-09-24T01:41:14Z,1525.295,0.1812,6.4773,0.4362,88.398,-0.0336,0.00848,-0.01576,1.5022,-2.4353,153.0918,0.59861
2014-09-24T01:41:15Z,1522.665,0.0552,6.5957,0.3622,89.52,-0.06489,-0.01116,-0.0003,1.3937,-2.5197,153.0906,0.60271
2014-09-24T01:41:16Z,1520.913,0.2192,6.4342,0.4264,88.048,-0.07118,-0.0346,-0.02443,1.5196,-2.3617,153.183,0.60692
2014-09-24T01:41:17Z,1517.761,0.0595,6.5863,0.4153,89.482,-0.03223,-0.05809,-0.01086,1.6933,-2.506,152.958,0.58343
2014-09-24T01:41:18Z,1515.281,0.0297,6.3966,0.4001,89.734,-0.10855,-0.05729,-0.02483,1.522,-2.3348,152.9765,0.5948
2014-09-24T01:41:19Z,1512.617,-0.0663,6.643,0.6652,90.572,-0.08443,-0.02616,-0.0393,1.524,-2.3629,152.9699,0.58721
2014-09-24T01:41:20Z,1510.488,0.2797,6.4508,0.4803,87.517,-0.09167,-0.03564,0.00946,1.528,-2.4351,153.0551,0.59628
2014-09-24T01:41:21Z,1507.945,-0.3215,6.6757,0.2817,92.757,-0.12406,-0.05368,0.03259,1.5864,-2.4467,153.0929,0.60007
2014-09-24T01:41:22Z,1505.686,0.17,6.5662,0.4275,88.517,-0.04704,-0.01786,0.01603,1.4325,-2.389,152.9459,0.60465
2014-09-24T01:41:23Z,1502.584,-0.0283,6.7977,0.3121,90.238,-0.08249,-0.03744,-0.00276,1.7105,-2.4534,153.1351,0.59137
2014-09-24T01:41:24Z,1500.131,-0.0294,6.4064,0.4365,90.263,-0.0456,-0.01716,-0.02757,1.6658,-2.5149,153.1818,0.59483
2014-09-24T01:41:25Z,1497.63,0.2768,6.3682,0.255,87.511,-0.05819,-0.06225,-0.01918,1.5485,-2.6109,153.0682,0.57969
2014-09-24T01:41:26Z,1495.586,-0.0933,6.5054,0.2823,90.822,-0.05241,-0.01261,0.01395,1.6151,-2.4202,153.1304,0.58543
2014-09-24T01:41:27Z,1493.342,-0.0974,6.3992,0.4281,90.872,-0.07864,-0.02479,-0.06998,1.5804,-2.4748,152.9178,0.59317
2014-09-24T01:41:28Z,1490.164,-0.0242,6.4124,0.4943,90.216,-0.08603,-0.0071,-0.0225,1.6611,-2.2909,152.9114,0.57985
2014-09-24T01:41:29Z,1487.68,0.0482,6.7231,0.4455,89.589,-0.06434,-0.01233,0.00446,1.6541,-2.5262,153.0432,0.59984
2014-09-24T01:41:30Z,1485.44,-0.0895,6.6383,0.4812,90.772,-0.04326,-0.03861,-0.04282,1.6793,-2.5016,152.979,0.59338
2014-09-24T01:41:31Z,1482.743,-0.2686,6.5779,0.4339,92.338,-0.06715,-0.04033,-0.00425,1.5903,-2.507,152.8846,0.58122
2014-09-24T01:41:32Z,1480.658,-0.1717,6.6003,0.4144,91.49,-0.08309,0.00866,-0.00588,1.6455,-2.4882,153.1075,0.57588
2014-09-24T01:41:33Z,1477.03,0.141,6.5835,0.3477,88.773,-0.09516,-0.0429,-0.05213,1.787,-2.6249,152.9859,0.58128
2014-09-24T01:41:34Z,1475.02,-0.0494,6.9288,0.4799,90.409,-0.05972,-0.01664,-0.01407,1.6637,-2.561,153.0172,0.57916
2014-09-24T01:41:35Z,1472.525,-0.0024,6.5811,0.5018,90.021,-0.07832,-0.0446,-0.03215,1.5058,-2.4959,152.8706,0.57596
2014-09-24T01:41:36Z,1469.473,-0.1188,6.5056,0.3938,91.046,-0.06589,-0.08132,-0.00678,1.7159,-2.596,153.0969,0.57379
2014-09-24T01:41:37Z,1467.431,-0.188,6.8316,0.389,91.576,-0.0697,-0.06517,-0.00091,1.9314,-2.5134,152.9042,0.58258
2014-09-24T01:41:38Z,1464.929,0.1531,6.69,0.5605,88.689,-0.07446,-0.02405,-0.00815,1.8167,-2.5762,153.0126,0.58968
2014-09-24T01:41:39Z,1462.658,-0.1363,7.0374,0.4,91.11,-0.05563,-0.01638,-0.01677,1.7122,-2.5591,152.8433,0.57754
2014-09-24T01:41:40Z,1460.594,-0.1842,6.6611,0.4101,91.584,-0.04873,-0.02339,-0.01184,1.7648,-2.5064,152.9092,0.58623
2014-09-24T01:41:41Z,1457.592,0.0371,6.8792,0.4518,89.691,-0.01308,-0.00468,-0.04893,1.8329,-2.624,152.9389,0.5795
2014-09-24T01:41:42Z,1454.788,-0.2453,6.9262,0.3944,92.028,-0.04287,-0.02325,-0.02076,1.6476,-2.7293,153.0734,0.58649
2014-09-24T01:41:43Z,1452.597,-0.2358,6.6946,0.3227,92.017,-0.02159,-0.05212,-0.04037,1.7289,-2.6418,152.8206,0.57479
2014-09-24T01:41:44Z,1450.45,-0.1547,6.6701,0.4432,91.329,-0.0815,-0.01758,0.00487,1.8384,-2.6939,152.8755,0.58284
2014-09-24T01:41:45Z,1447.205,-0.166,6.9061,0.4024,91.377,-0.10066,-0.0279,-0.00431,1.943,-2.8052,152.9051,0.58109
2014-09-24T01:41:46Z,1444.689,-0.1369,6.8915,0.5912,91.138,-0.06059,-0.04623,-0.00484,1.7891,-2.6511,152.695,0.59058
2014-09-24T01:41:47Z,1442.661,0.1282,6.6019,0.4864,88.888,-0.03837,-0.01973,0.02052,1.9581,-2.634,152.6097,0.58372
2014-09-24T01:41:48Z,1439.844,-0.145,6.6559,0.3487,91.248,-0.04188,-0.02926,-0.03103,1.7807,-2.5756,152.7181,0.58089
2014-09-24T01:41:49Z,1437.601,-0.5619,6.4539,0.4818,94.976,-0.02871,-0.04607,-0.03697,1.5784,-2.7557,152.9049,0.5667
2014-09-24T01:41:50Z,1434.821,-0.1662,6.9351,0.4405,91.373,-0.122,-0.03508,-0.03255,1.9166,-2.6649,152.9703,0.57389
2014-09-24T01:41:51Z,1432.52,-0.2193,6.816,0.5413,91.843,-0.02684,0.00501,-0.06423,1.9081,-2.5891,152.6968,0.57134
2014-09-24T01:41:52Z,1429.358,-0.2285,6.8441,0.3588,91.912,-0.04935,0.00449,-0.06272,1.9312,-2.7327,152.6579,0.57083
2014-09-24T01:41:53Z,1427.159,-0.2081,6.6237,0.4307,91.799,-0.09591,-0.02502,-0.00957,1.9354,-2.6512,152.9234,0.57723
2014-09-24T01:41:54Z,1424.53,-0.2593,6.7236,0.4027,92.208,-0.03879,-0.02798,-0.06043,1.9021,-2.5737,152.7038,0.57874
2014-09-24T01:41:55Z,1421.617,-0.273,6.8287,0.4192,92.289,-0.05221,-0.06493,-0.05289,1.8729,-2.8579,152.7135,0.57879
2014-09-24T01:41:56Z,1418.931,-0.1832,6.8107,0.3256,91.541,-0.04647,0.01419,-0.02902,1.8826,-2.6945,152.8869,0.58639
2014-09-24T01:41:57Z,1417.151,-0.3665,6.9365,0.4723,93.024,-0.03059,-0.00258,-0.03724,1.8699,-2.6307,152.8607,0.57994
2014-09-24T01:41:58Z,1414.219,-0.4375,7.0186,0.4573,93.567,-0.04436,-0.00938,-0.00525,1.8809,-2.7592,152.8149,0.56604
2014-09-24T01:41:59Z,1411.412,0.148,7.2832,0.5448,88.836,-0.09149,-0.08473,-0.02634,1.7741,-2.6276,152.5405,0.5773
2014-09-24T01:42:00Z,1409.162,-0.4231,6.949,0.4159,93.484,-0.0578,-0.02653,-0.04827,1.8277,-2.6952,152.576,0.58018
2014-09-24T01:42:01Z,1407.014,-0.3108,7.1282,0.3764,92.497,-0.09421,-0.03042,-0.00447,1.9174,-2.6119,152.8041,0.58545
2014-09-24T01:42:02Z,1403.242,-0.5607,6.8523,0.4975,94.678,-0.03708,-0.00985,-0.011,1.7566,-2.7142,152.7139,0.57399
2014-09-24T01:42:03Z,1400.934,-0.3291,6.7351,0.3398,92.798,-0.0179,-0.03788,-0.06495,1.7804,-2.6201,152.5944,0.57396
2014-09-24T01:42:04Z,1398.551,-0.4968,6.9434,0.5284,94.093,-0.08342,-0.03208,-0.02382,1.9192,-2.7517,152.6278,0.58365
2014-09-24T01:42:05Z,1396.799,-0.4334,6.7638,0.5288,93.666,-0.06871,-0.01049,-0.04846,1.9405,-2.8926,152.7634,0.57638
2014-09-24T01:42:06Z,1393.797,-0.2208,7.0183,0.547,91.802,-0.07351,-0.04499,-0.04957,1.9302,-2.8411,152.7951,0.56211
2014-09-24T01:42:07Z,1391.375,-0.3171,6.9091,0.4597,92.628,-0.06232,-0.03969,0.01525,1.7692,-2.7166,152.6317,0.56036
2014-09-24T01:42:08Z,1388.113,-0.3133,6.7468,0.3743,92.658,-0.04019,-0.02018,-0.02883,2.0879,-2.7256,152.5536,0.58957
2014-09-24T01:42:09Z,1385.523,-0.6747,7.3112,0.4346,95.272,-0.0611,0.00877,-0.03783,1.8527,-2.8378,152.5846,0.56114
2014-09-24T01:42:10Z,1383.473,-0.1439,6.9786,0.4623,91.181,-0.03323,-0.00416,-0.03072,1.9058,-2.6761,152.7364,0.57353
2014-09-24T01:42:11Z,1380.735,-0.6088,6.8251,0.3691,95.097,-0.02242,0.00284,-0.01143,1.8738,-2.8562,152.7243,0.58197
2014-09-24T01:42:12Z,1378.302,-0.2112,7.2157,0.5591,91.677,-0.02102,-0.02214,-0.05128,2.0818,-2.7984,152.6012,0.56084
2014-09-24T01:42:13Z,1375.437,-0.298,6.9838,0.4847,92.443,-0.07603,0.01398,-0.04746,2.0146,-2.8081,152.5186,0.56638
2014-09-24T01:42:14Z,1372.991,-0.3752,7.2668,0.3381,92.956,-0.01294,-0.0666,-0.01822,1.9459,-2.9567,152.6696,0.56514
2014-09-24T01:42:15Z,1370.338,-0.6008,7.0045,0.6164,94.902,-0.01044,0.02781,-0.07299,1.9428,-2.8666,152.7134,0.58963
2014-09-24T01:42:16Z,1367.94,-0.4605,7.0434,0.4386,93.74,-0.00777,0.03137,-0.01075,2.003,-2.6748,152.3954,0.59149
2014-09-24T01:42:17Z,1365.334,-0.5646,7.1873,0.3202,94.492,-0.05003,-0.01068,-0.0761,1.8911,-2.9465,152.5072,0.56961
2014-09-24T01:42:18Z,1361.865,-0.5007,7.2394,0.3476,93.956,-0.06438,-0.00096,-0.04256,2.0231,-2.8302,152.6357,0.58028
2014-09-24T01:42:19Z,1359.024,-0.5534,7.2778,0.5802,94.348,-0.06968,-0.02239,-0.07683,1.9505,-2.9801,152.5171,0.57828
2014-09-24T01:42:20Z,1357.537,-0.8322,7.155,0.6144,96.634,-0.07211,-0.02634,-0.0637,2.0374,-2.9698,152.4505,0.57376
2014-09-24T01:42:21Z,1354.975,-0.369,7.2586,0.5336,92.91,-0.04376,-0.03605,-0.0053,2.0359,-3.0158,152.5075,0.56319
2014-09-24T01:42:22Z,1351.573,-0.5607,7.3058,0.5656,94.388,-0.02234,-0.02167,-0.01207,1.9506,-2.8349,152.5156,0.59488
2014-09-24T01:42:23Z,1348.648,-0.6323,7.2366,0.5562,94.993,-0.01036,-0.00621,-0.00984,1.8347,-2.9874,152.3553,0.56213
2014-09-24T01:42:24Z,1346.7,-0.6544,7.1931,0.4908,95.198,-0.05464,-0.00928,-0.07528,1.9798,-2.8238,152.4666,0.5786
2014-09-24T01:42:25Z,1344.354,-0.5275,7.0076,0.4687,94.305,-0.04295,0.03022,-0.06577,1.8839,-2.9752,152.4837,0.57198
2014-09-24T01:42:26Z,1342.019,-0.7263,7.3241,0.4905,95.663,-0.04406,-0.0166,-0.03144,2.0063,-2.9299,152.3873,0.5855
2014-09-24T01:42:27Z,1338.929,-0.9418,7.2539,0.5111,97.397,-0.05681,-0.056,-0.02249,1.9794,-2.9147,152.3479,0.58449
2014-09-24T01:42:28Z,1335.974,-0.5537,7.1982,0.3642,94.399,-0.022,0.02267,-0.06079,1.9526,-3.0845,152.3614,0.5702
2014-09-24T01:42:29Z,1333.145,-0.5482,7.4641,0.5124,94.2,-0.03079,-0.04863,-0.05571,1.8954,-2.9463,152.3075,0.57202
2014-09-24T01:42:30Z,1330.813,-0.6671,7.0681,0.5858,95.391,-0.03578,-0.03175,-0.06996,2.0933,-2.9421,152.479,0.56627
2014-09-24T01:42:31Z,1328.052,-0.8206,7.5407,0.4201,96.211,-0.02984,-0.01064,-0.00065,1.9611,-2.8864,152.2848,0.58057
2014-09-24T01:42:32Z,1325.148,-0.6465,7.3033,0.4103,95.059,-0.02287,-0.00666,-0.05441,2.1844,-3.0619,152.3914,0.58504
2014-09-24T01:42:33Z,1323.564,-0.8904,7.3607,0.4898,96.897,-0.02258,-0.05289,-0.04218,1.9976,-3.058,152.3243,0.57619
2014-09-24T01:42:34Z,1320.813,-0.8362,7.2656,0.378,96.565,-0.05813,-0.03508,-0.0413,2.0213,-2.9474,152.2803,0.57813
2014-09-24T01:42:35Z,1317.924,-0.8062,7.0873,0.3121,96.49,-0.01421,-0.05309,-0.01618,1.9944,-2.8946,152.4773,0.59574
2014-09-24T01:42:36Z,1314.541,-0.5788,7.3312,0.5596,94.514,-0.02969,-0.00019,-0.06806,2.0165,-3.0625,152.3162,0.58836
2014-09-24T01:42:37Z,1312.496,-0.7709,7.4109,0.4004,95.939,-0.04639,0.01419,-0.01547,2.0743,-3.1214,152.2515,0.59206
2014-09-24T01:42:38Z,1309.752,-0.7953,7.474,0.4482,96.074,-0.02912,-0.0456,-0.07707,2.0727,-3.0555,152.2311,0.56375
2014-09-24T01:42:39Z,1307.012,-0.4465,7.3547,0.3862,93.474,-0.0258,0.01018,-0.01639,1.8403,-3.1187,152.3306,0.58649
2014-09-24T01:42:40Z,1304.621,-0.6982,7.0657,0.5756,95.644,-0.00682,0.0089,-0.08883,2.0472,-3.0133,152.3684,0.58455
2014-09-24T01:42:41Z,1301.73,-0.712,7.1759,0.5341,95.666,-0.05946,-0.0305,-0.04899,2.0153,-3.139,152.4019,0.57296
2014-09-24T01:42:42Z,1299.088,-0.8299,7.7264,0.4255,96.131,0.00038,-0.06325,-0.00616,1.975,-2.9823,152.2471,0.57507
2014-09-24T01:42:43Z,1296.371,-0.8757,7.2665,0.3325,96.871,-0.0316,-0.04012,-0.02978,2.1055,-3.0506,152.23,0.58213
2014-09-24T01:42:44Z,1293.584,-1.126,7.6565,0.4166,98.366,-0.04427,-0.02787,-0.0371,2.1049,-2.9948,152.2549,0.5736
2014-09-24T01:42:45Z,1290.154,-0.6649,7.3176,0.5094,95.191,-0.04447,0.02589,-0.07426,2.033,-3.2765,152.2474,0.57842
2014-09-24T01:42:46Z,1288.119,-0.7544,7.4389,0.4719,95.791,-0.05551,-0.01526,-0.06684,1.9129,-3.2307,152.1424,0.58159
2014-09-24T01:42:47Z,1285.204,-0.8605,7.5728,0.4648,96.483,-0.07343,-0.03713,-0.01528,1.8565,-2.9942,152.3548,0.59035
2014-09-24T01:42:48Z,1282.258,-0.8662,7.3689,0.476,96.705,-0.0124,-0.00791,-0.03749,2.0076,-3.1626,152.1996,0.58059
2014-09-24T01:42:49Z,1280.599,-0.7466,7.7375,0.5313,95.511,0.02076,-0.04365,-0.02746,2.0511,-3.2299,152.2397,0.58315
2014-09-24T01:42:50Z,1277.917,-1.1022,7.5217,0.452,98.336,-0.06863,0.00194,-0.04828,1.7749,-3.1363,152.2175,0.59542
2014-09-24T01:42:51Z,1275.087,-0.9695,7.5919,0.5021,97.278,-0.05137,-0.03501,-0.05758,2.0188,-3.1081,152.2043,0.57361
2014-09-24T01:42:52Z,1271.997,-1.0638,7.4963,0.3594,98.077,-0.00825,-0.03104,-0.03178,1.9059,-3.1476,152.0523,0.59004
2014-09-24T01:42:53Z,1269.675,-0.6395,7.6452,0.7142,94.781,-0.0276,-0.00049,-0.04487,1.7758,-3.105,152.1408,0.59185
2014-09-24T01:42:54Z,1266.499,-0.7863,7.7974,0.4314,95.758,-0.00501,0.03423,-0.05602,1.9521,-3.1234,152.3582,0.59257
2014-09-24T01:42:55Z,1263.855,-1.2601,7.5524,0.481,99.473,-0.02783,0.04577,-0.08752,1.9811,-3.135,152.2776,0.58574
2014-09-24T01:42:56Z,1260.688,-1.1693,7.8457,0.5183,98.477,-0.03922,-0.03483,-0.02873,1.8738,-3.057,152.1232,0.58174
2014-09-24T01:42:57Z,1258.495,-0.974,7.5039,0.4213,97.396,-0.02977,-0.02339,-0.04198,1.8107,-3.1735,152.0595,0.60293
2014-09-24T01:42:58Z,1255.659,-1.0374,7.7227,0.4641,97.651,-0.08308,0.00476,-0.06854,2.0255,-3.1833,151.863,0.58444
2014-09-24T01:42:59Z,1252.462,-1.1778,7.6958,0.4639,98.701,-0.05153,0.02144,-0.02431,1.828,-3.1231,152.0237,0.58287
2014-09-24T01:43:00Z,1250.177,-0.6995,7.472,0.3737,95.349,0.00135,-0.06153,-0.04809,1.967,-3.1505,152.0542,0.59248
2014-09-24T01:43:01Z,1247.442,-0.9568,7.6764,0.5098,97.105,0.00804,-0.0049,-0.048,1.7457,-3.2744,152.0188,0.58692
2014-09-24T01:43:02Z,1245.371,-0.9445,7.6543,0.3017,97.034,0.01399,-0.01891,-0.03289,1.8924,-3.217,152.0143,0.60175
2014-09-24T01:43:03Z,1242.325,-1.1322,7.5388,0.6429,98.541,-0.00955,-0.05448,-0.03867,1.8822,-3.182,152.0899,0.59174
2014-09-24T01:43:04Z,1239.284,-0.9328,7.7341,0.5479,96.877,-0.07638,-0.03946,-0.04844,1.913,-3.2715,151.9161,0.60381
2014-09-24T01:43:05Z,1236.632,-1.1108,7.7141,0.5334,98.194,-0.03526,-0.01987,-0.06089,1.9543,-3.2751,152.0319,0.59847
2014-09-24T01:43:06Z,1233.823,-1.1089,7.6937,0.2967,98.201,0.01433,-0.00385,-0.00698,1.7613,-3.3507,151.982,0.59228
2014-09-24T01:43:07Z,1230.996,-0.9874,7.7069,0.392,97.301,0.02239,0.02023,-0.07531,1.8594,-3.4775,151.8932,0.6048
2014-09-24T01:43:08Z,1227.946,-1.3364,7.7175,0.6112,99.824,0.01648,0.00424,-0.0387,1.6995,-3.2842,152.1373,0.59119
2014-09-24T01:43:09Z,1225.528,-0.865,7.6864,0.8882,96.421,-0.02289,0.01942,-0.05984,1.6895,-3.2515,152.033,0.59433
2014-09-24T01:43:10Z,1222.572,-1.0901,7.7758,0.5935,97.981,-0.04905,-0.00325,-0.04676,1.7442,-3.3568,151.868,0.60162
2014-09-24T01:43:11Z,1219.646,-0.9383,7.6714,0.5787,96.973,-0.0168,-0.02119,-0.02768,1.8138,-3.1663,151.9867,0.59969
2014-09-24T01:43:12Z,1217.511,-1.3042,8.1757,0.5282,99.064,-0.01481,-0.00781,-0.06669,1.9055,-3.3677,151.7843,0.59297
2014-09-24T01:43:13Z,1214.714,-1.2943,7.5783,0.3919,99.692,0.02457,0.01453,-0.04424,1.9102,-3.2183,151.8452,0.58655
2014-09-24T01:43:14Z,1211.195,-1.3437,7.7182,0.5773,99.876,-0.00827,0.02331,-0.05303,1.723,-3.2653,152.0326,0.59916
2014-09-24T01:43:15Z,1209.018,-1.1444,7.7394,0.3684,98.411,-0.01294,-0.00585,-0.07608,1.7656,-3.132,151.9233,0.59397
2014-09-24T01:43:16Z,1206.648,-1.1848,8.1318,0.3583,98.29,-0.01092,-0.02503,-0.02898,1.8061,-3.2703,151.9035,0.60048
2014-09-24T01:43:17Z,1203.906,-1.2774,7.64,0.3529,99.492,-0.00215,0.00694,-0.04303,1.7813,-3.4366,151.9633,0.59733
2014-09-24T01:43:18Z,1201.128,-1.373,7.9144,0.5787,99.842,0.00412,0.01085,-0.07205,1.6956,-3.2439,151.9139,0.59541
2014-09-24T01:43:19Z,1198.014,-1.4244,7.902,0.4765,100.218,-0.02904,0.03007,-0.03397,1.7043,-3.1999,151.8143,0.59945
2014-09-24T01:43:20Z,1194.933,-1.2552,7.9288,0.4933,98.995,-0.03676,-0.01736,-0.08272,1.6781,-3.4848,151.9227,0.60144
2014-09-24T01:43:21Z,1192.075,-1.3311,8.0772,0.4827,99.358,0.02456,-0.01673,-0.06303,1.6589,-3.2993,151.6483,0.60801
2014-09-24T01:43:22Z,1189.799,-1.377,8.0841,0.3724,99.667,-0.05012,0.01922,-0.07341,1.6367,-3.2889,151.7386,0.60625
2014-09-24T01:43:23Z,1187.032,-1.0554,7.8465,0.4188,97.661,0.03246,-0.00952,-0.04427,1.6426,-3.3821,151.7837,0.62003
2014-09-24T01:43:24Z,1184.569,-1.313,7.9542,0.4247,99.373,-0.05564,-0.01022,-0.07541,1.6078,-3.5662,151.8363,0.60481
2014-09-24T01:43:25Z,1181.72,-1.1236,7.6585,0.3472,98.347,-0.02187,0.03273,-0.04483,1.5373,-3.4034,151.7371,0.59868
2014-09-24T01:43:26Z,1178.503,-1.408,7.9678,0.4384,100.021,0.01765,-0.03255,-0.04929,1.6848,-3.4336,151.5792,0.60312
2014-09-24T01:43:27Z,1175.325,-1.3052,7.8486,0.3818,99.442,-0.00603,0.05348,-0.0739,1.6446,-3.272,151.5531,0.60936
2014-09-24T01:43:28Z,1172.858,-1.3635,7.9507,0.5485,99.732,-0.03833,-0.01288,-0.01914,1.7407,-3.4088,151.7268,0.61321
2014-09-24T01:43:29Z,1170.253,-1.6233,7.7376,0.5577,101.849,0.00585,0.02445,-0.08387,1.6073,-3.442,151.6738,0.61626
2014-09-24T01:43:30Z,1167.31,-1.1683,8.0647,0.3633,98.243,-0.00252,0.00042,-0.10083,1.5314,-3.4632,151.6185,0.59773
2014-09-24T01:43:31Z,1164.381,-1.4166,7.7629,0.464,100.342,-0.00898,0.01027,-0.04456,1.5014,-3.3976,151.5897,0.61644
2014-09-24T01:43:32Z,1161.871,-1.2979,8.0509,0.6801,99.158,-0.01856,-0.00273,-0.12005,1.542,-3.4264,151.6988,0.60615
2014-09-24T01:43:33Z,1158.803,-1.5368,7.8589,0.3975,101.064,-0.00321,0.02561,-0.02938,1.5689,-3.5014,151.8035,0.5994
2014-09-24T01:43:34Z,1155.954,-1.4626,7.9285,0.5392,100.452,-0.01628,-0.00414,-0.06449,1.4913,-3.4243,151.6745,0.60548
2014-09-24T01:43:35Z,1153.476,-1.5815,8.2403,0.508,100.864,0.05975,-0.00943,-0.10306,1.3794,-3.4973,151.7806,0.61708
2014-09-24T01:43:36Z,1150.416,-1.2803,8.1695,0.6078,98.907,-0.0065,0.05058,-0.09144,1.4239,-3.6674,151.5995,0.61132
2014-09-24T01:43:37Z,1147.829,-1.4328,8.2654,0.529,99.834,-0.00923,0.00634,-0.10893,1.4702,-3.4138,151.669,0.59823
2014-09-24T01:43:38Z,1145.024,-1.4385,8.3399,0.4573,99.786,-0.01281,-0.01094,-0.05886,1.5136,-3.4286,151.7477,0.59853
2014-09-24T01:43:39Z,1141.713,-1.3044,8.0056,0.5082,99.255,0.04577,-0.03095,-0.10195,1.321,-3.4657,151.5845,0.59854
2014-09-24T01:43:40Z,1139.123,-1.3487,8.3582,0.5106,99.166,-0.03902,0.05329,-0.05657,1.4464,-3.5243,151.5906,0.60276
2014-09-24T01:43:41Z,1136.973,-1.4208,7.9229,0.4941,100.167,0.01156,-0.00679,-0.07709,1.428,-3.5019,151.5384,0.60944
2014-09-24T01:43:42Z,1133.238,-1.7641,8.2726,0.3726,102.038,-0.00279,0.0589,-0.08169,1.3592,-3.4378,151.6228,0.6
2014-09-24T01:43:43Z,1130.077,-1.6699,8.1016,0.63,101.646,-0.03178,0.01768,-0.05741,1.3332,-3.5611,151.6415,0.60576
2014-09-24T01:43:44Z,1127.337,-1.7304,8.0487,0.6133,102.133,-0.01606,0.01163,-0.0549,1.306,-3.4489,151.5741,0.62057
2014-09-24T01:43:45Z,1125.167,-1.4844,8.29,0.403,100.152,0.01296,0.01265,-0.04218,1.3607,-3.6429,151.5037,0.62245
2014-09-24T01:43:46Z,1122.333,-1.5824,8.3527,0.4783,100.727,-0.01596,0.06415,-0.087,1.4239,-3.5186,151.3643,0.62205
2014-09-24T01:43:47Z,1119.445,-1.8311,8.3618,0.4869,102.352,0.01275,-0.0457,-0.07224,1.4139,-3.5372,151.4971,0.59541
2014-09-24T01:43:48Z,1117.072,-1.6649,8.2674,0.3947,101.386,0.0501,0.01481,-0.08771,1.2122,-3.4662,151.4704,0.62326
2014-09-24T01:43:49Z,1112.87,-1.8768,8.2757,0.3251,102.778,0.01175,0.00317,-0.06808,1.2711,-3.627,151.5008,0.6107
2014-09-24T01:43:50Z,1111.1,-1.6741,8.3423,0.4454,101.347,-0.02824,0.00482,-0.09194,1.0944,-3.6254,151.4765,0.61067
2014-09-24T01:43:51Z,1108.662,-1.9287,8.3199,0.4777,103.052,-0.01246,0.01423,-0.08341,1.2623,-3.6793,151.6096,0.61834
2014-09-24T01:43:52Z,1104.872,-1.6169,8.3741,0.3706,100.929,0.00219,0.00419,-0.08361,1.2849,-3.6202,151.3703,0.61579
2014-09-24T01:43:53Z,1102.283,-1.6541,8.3354,0.5333,101.224,0.00113,0.01589,-0.06613,1.3461,-3.5616,151.27,0.59525
2014-09-24T01:43:54Z,1099.299,-1.4396,8.4453,0.633,99.674,0.01435,0.01095,-0.07371,1.0608,-3.7329,151.3008,0.60532
2014-09-24T01:43:55Z,1096.394,-1.6136,8.0885,0.602,101.282,0.01897,-0.02096,-0.06145,1.0998,-3.6316,151.3392,0.6073
2014-09-24T01:43:56Z,1093.734,-1.8189,8.3252,0.5061,102.325,0.05503,0.02176,-0.0771,1.1814,-3.5544,151.4983,0.59958
2014-09-24T01:43:57Z,1091.487,-1.6471,8.1474,0.3355,101.429,0.01228,0.03048,-0.08923,1.0232,-3.6185,151.2478,0.61817
2014-09-24T01:43:58Z,1088.768,-1.9944,8.4092,0.5922,103.342,-0.01583,-0.00063,-0.07027,1.1492,-3.6113,151.2487,0.62167
2014-09-24T01:43:59Z,1085.142,-1.9451,8.6318,0.5365,102.699,0.04243,0.05996,-0.0983,1.1679,-3.7449,151.3939,0.61002
2014-09-24T01:44:00Z,1083.058,-1.765,8.3235,0.5651,101.972,0.04577,0.047,-0.06145,0.998,-3.6394,151.4249,0.61243
2014-09-24T01:44:01Z,1079.534,-2.1548,8.431,0.7176,104.336,0.02061,0.03505,-0.08313,1.0935,-3.6361,151.1725,0.60986
2014-09-24T01:44:02Z,1077.263,-1.8511,8.5356,0.4424,102.236,0.00924,0.03509,-0.07119,0.9681,-3.6585,151.1376,0.61065
2014-09-24T01:44:03Z,1073.741,-2.0147,8.1293,0.2386,103.92,0.03157,0.01539,-0.07111,1.1573,-3.6402,151.2235,0.61869
2014-09-24T01:44:04Z,1070.943,-1.8618,8.3744,0.4218,102.534,0.01133,0.04351,-0.03687,1.0458,-3.6841,151.3553,0.5955
2014-09-24T01:44:05Z,1068.145,-2.054,8.5206,0.5768,103.553,-0.03418,0.05459,-0.06768,0.9599,-3.7029,151.2913,0.61337
2014-09-24T01:44:06Z,1066.247,-1.843,8.0395,0.5316,102.911,0.0319,0.03586,-0.07569,0.8939,-3.7565,151.1893,0.60942
2014-09-24T01:44:07Z,1062.548,-1.9203,8.3459,0.4088,102.958,0.04072,0.00174,-0.09513,1.0057,-3.6023,151.3256,0.60345
2014-09-24T01:44:08Z,1059.116,-1.7295,8.6745,0.3896,101.275,0.05503,0.01535,-0.05806,1.0648,-3.7854,151.2514,0.60495
2014-09-24T01:44:09Z,1056.813,-1.9534,8.6703,0.497,102.697,0.00134,0.03102,-0.08517,0.8759,-3.6815,151.2155,0.62343
2014-09-24T01:44:10Z,1053.456,-2.0861,8.5925,0.4091,103.646,0.02586,0.03796,-0.11684,0.8838,-3.556,151.0522,0.59794
2014-09-24T01:44:11Z,1050.517,-2.0236,8.6828,0.5869,103.119,0.02699,0.01542,-0.08388,0.84,-3.6199,151.1238,0.60699
2014-09-24T01:44:12Z,1048.11,-2.2034,8.5938,0.4946,104.381,0.02352,0.00353,-0.0745,1.0058,-3.6741,151.3839,0.62113
2014-09-24T01:44:13Z,1044.904,-1.9572,8.6606,0.4743,102.734,0.02485,0.05764,-0.10004,0.7097,-3.7018,151.1418,0.59768
2014-09-24T01:44:14Z,1042.09,-1.9455,8.5434,0.4622,102.828,0.0235,-0.00844,-0.08282,0.9462,-3.7388,151.067,0.60393
2014-09-24T01:44:15Z,1039.094,-1.6797,8.6227,0.5655,101.023,0.02846,-0.00483,-0.08194,0.7941,-3.8076,151.1117,0.60764
2014-09-24T01:44:16Z,1036.3,-2.1593,8.5238,0.5445,104.215,0.04227,-0.01414,-0.08183,0.7993,-3.7626,151.149,0.61031
2014-09-24T01:44:17Z,1033.423,-2.1222,8.8221,0.5616,103.526,0.05485,-0.00422,-0.04985,0.7584,-3.7031,151.2127,0.60606
2014-09-24T01:44:18Z,1029.686,-2.1858,8.8797,0.5608,103.829,0.00601,0.05089,-0.11379,0.7855,-3.7248,151.1737,0.59922
2014-09-24T01:44:19Z,1027.684,-2.0825,8.8673,0.5364,103.217,0.0212,0.05206,-0.03043,0.6884,-3.6996,151.0311,0.60963
2014-09-24T01:44:20Z,1024.192,-2.0742,8.6166,0.4416,103.535,0.01552,0.01852,-0.08237,0.8119,-3.672,151.2131,0.6049
2014-09-24T01:44:21Z,1021.113,-2.1561,8.5499,0.4731,104.154,0.01253,0.03311,-0.06732,0.7955,-3.789,151.1545,0.61037
2014-09-24T01:44:22Z,1018.677,-2.0008,8.8959,0.5076,102.676,-0.01315,0.02077,-0.0789,0.6092,-3.7677,151.0157,0.61237
2014-09-24T01:44:23Z,1015.804,-2.2727,8.7999,0.7547,104.481,0.02843,-0.00843,-0.12552,0.7214,-3.9417,151.0345,0.59272
2014-09-24T01:44:24Z,1012.607,-2.0492,8.7835,0.4146,103.132,0.04039,0.07715,-0.10905,0.6196,-3.616,151.0945,0.61248
2014-09-24T01:44:25Z,1010.213,-2.1321,8.6503,0.5085,103.846,0.0251,0.05639,-0.09601,0.6323,-3.8364,151.1291,0.60178
2014-09-24T01:44:26Z,1006.523,-2.2325,8.828,0.5617,104.192,0.02933,0.03121,-0.05833,0.7302,-3.7578,150.8568,0.61
2014-09-24T01:44:27Z,1003.918,-2.2942,8.6138,0.5225,104.914,0.04058,0.00128,-0.11804,0.5342,-3.8498,151.0028,0.60693
2014-09-24T01:44:28Z,1000.922,-1.8998,8.8865,0.6615,102.067,0.06597,0.01738,-0.10509,0.6421,-3.8583,150.9798,0.61738
2014-09-24T01:44:29Z,998.173,-2.4029,9.0115,0.5243,104.93,0.02076,0.00602,-0.07984,0.5843,-3.849,150.9129,0.60215
2014-09-24T01:44:30Z,995.348,-2.2524,9.0631,0.5328,103.956,0.00253,0.02609,-0.07239,0.5119,-3.9362,150.8994,0.59842
2014-09-24T01:44:31Z,991.956,-2.4272,8.942,0.6391,105.187,0.03013,0.03173,-0.0734,0.5365,-4.0417,151.0495,0.59708
2014-09-24T01:44:32Z,989.619,-2.0629,8.6393,0.7396,103.43,0.08004,0.01577,-0.10933,0.5066,-3.7571,150.9846,0.59242
2014-09-24T01:44:33Z,986.441,-2.2152,8.8921,0.7006,103.989,0.00449,-0.01174,-0.12493,0.3736,-3.8128,151.1288,0.6067
2014-09-24T01:44:34Z,982.808,-2.4682,9.2022,0.5476,105.014,0.05032,0.07825,-0.07175,0.3972,-3.9364,150.8482,0.59094
2014-09-24T01:44:35Z,979.834,-2.3068,8.7658,0.5575,104.744,0.06357,0.0312,-0.04965,0.3416,-3.8335,150.9059,0.60565
2014-09-24T01:44:36Z,977.562,-2.3612,8.8977,0.5681,104.862,-0.02396,0.037,-0.09435,0.3825,-3.8103,150.9101,0.59696
2014-09-24T01:44:37Z,974.533,-2.4948,9.1337,0.5793,105.277,0.04598,0.01534,-0.11458,0.4916,-3.9382,150.9557,0.58413
2014-09-24T01:44:38Z,971.616,-2.3209,9.0287,0.4811,104.416,0.05136,-0.01283,-0.09696,0.4098,-3.8563,150.9889,0.60962
2014-09-24T01:44:39Z,968.682,-2.3936,9.3228,0.6606,104.4,0.03014,0.02446,-0.0766,0.228,-3.8153,150.8494,0.57019
2014-09-24T01:44:40Z,965.808,-2.437,8.8551,0.5888,105.388,0.02121,0.01878,-0.09252,0.3,-4.0174,150.7176,0.59601
2014-09-24T01:44:41Z,963.096,-2.4928,8.8298,0.5648,105.765,0.02315,0.04491,-0.05174,0.3197,-3.8661,150.7429,0.598
2014-09-24T01:44:42Z,959.408,-2.4407,9.1812,0.4437,104.887,0.03024,0.05014,-0.06403,0.3397,-3.8861,150.8152,0.57713
2014-09-24T01:44:43Z,956.417,-2.4887,8.8332,0.5782,105.735,0.03144,0.04692,-0.08278,0.2073,-3.7713,150.9001,0.59856
2014-09-24T01:44:44Z,953.472,-2.532,8.9978,0.3839,105.717,0.02726,0.05282,-0.13648,0.1395,-3.8836,150.6301,0.58912
2014-09-24T01:44:45Z,950.981,-2.654,9.0294,0.5161,106.38,0.03145,0.07351,-0.10516,0.213,-3.9674,150.6447,0.59193
2014-09-24T01:44:46Z,948.339,-2.3211,9.2076,0.519,104.149,0.07036,0.03848,-0.10178,0.2421,-3.9646,150.8243,0.6041
2014-09-24T01:44:47Z,944.773,-2.7517,9.163,0.6055,106.716,0.01076,0.05652,-0.10697,0.1944,-3.7855,150.6061,0.59394
2014-09-24T01:44:48Z,941.067,-2.5494,9.159,0.7663,105.554,-0.00208,0.0417,-0.08375,0.0839,-3.9821,150.6099,0.58942
2014-09-24T01:44:49Z,938.362,-2.6792,9.0435,0.6367,106.502,0.07234,-0.01784,-0.08346,0.274,-3.9132,150.8229,0.59029
2014-09-24T01:44:50Z,935.681,-2.3848,9.2993,0.7254,104.384,0.0379,0.0261,-0.13081,0.1047,-3.9855,150.674,0.60529
2014-09-24T01:44:51Z,932.788,-2.8023,9.7355,0.6463,106.058,0.03351,0.00858,-0.06906,0.1071,-3.8862,150.6532,0.59374
2014-09-24T01:44:52Z,929.85,-2.7953,9.2501,0.6956,106.814,0.04095,0.03636,-0.08899,0.0176,-3.8886,150.8067,0.58286
2014-09-24T01:44:53Z,927.013,-2.8486,9.1756,0.77,107.247,0.04948,0.0111,-0.08066,0.1381,-3.9871,150.5504,0.58544
2014-09-24T01:44:54Z,923.894,-2.6732,8.982,0.5124,106.574,0.03166,0.04632,-0.07119,0.0743,-4.0241,150.5172,0.57925
2014-09-24T01:44:55Z,921.373,-2.9453,9.0933,0.5069,107.947,0.05791,0.05601,-0.1092,0.0326,-4.0323,150.7933,0.58458
2014-09-24T01:44:56Z,917.768,-2.8308,9.1761,0.655,107.145,0.02172,0.06187,-0.05876,-0.1057,-4.1422,150.6406,0.60048
2014-09-24T01:44:57Z,914.701,-3.1007,9.1437,0.5891,108.732,0.03873,0.07256,-0.09398,0.0529,-4.0022,150.672,0.5857
2014-09-24T01:44:58Z,912.165,-2.7596,9.2339,0.6126,106.639,-0.00859,-0.00952,-0.05282,0.0049,-4.01,150.5598,0.57576
2014-09-24T01:44:59Z,908.452,-2.8908,9.523,0.5673,106.886,0.07658,0.0027,-0.11318,0.0045,-4.0879,150.567,0.58933
2014-09-24T01:45:00Z,906.116,-3.0565,9.4545,0.5335,107.916,0.04337,0.10616,-0.05508,-0.0948,-4.1756,150.4941,0.58216
2014-09-24T01:45:01Z,903.004,-2.6896,9.2597,0.7566,106.197,0.06501,0.0585,-0.11383,-0.1248,-4.0185,150.5831,0.58922
2014-09-24T01:45:02Z,899.902,-3.0678,9.1184,0.4858,108.595,0.06066,0.03917,-0.02771,-0.1544,-4.0145,150.6212,0.58222
2014-09-24T01:45:03Z,897.493,-2.7699,9.5119,0.6655,106.236,0.06298,0.03465,-0.11541,0.0215,-4.0156,150.5445,0.59516
2014-09-24T01:45:04Z,893.7,-3.0153,9.3245,0.6509,107.92,0.04953,0.03272,-0.06539,-0.2252,-4.1325,150.6177,0.57575
2014-09-24T01:45:05Z,891.617,-2.6872,9.0824,0.4415,106.482,0.05991,-0.01392,-0.10105,-0.2976,-4.0276,150.5646,0.57315
2014-09-24T01:45:06Z,887.793,-2.8359,9.4692,0.518,106.672,0.02665,0.01541,-0.0743,-0.2535,-4.0797,150.3803,0.58942
2014-09-24T01:45:07Z,884.399,-3.1196,9.5343,0.5363,108.118,0.02187,0.03221,-0.09338,-0.2872,-4.0023,150.4575,0.56534
2014-09-24T01:45:08Z,881.842,-3.1244,9.0292,0.6601,109.088,0.0491,0.01739,-0.11983,-0.1647,-4.1554,150.4139,0.57945
2014-09-24T01:45:09Z,878.41,-2.9164,9.2878,0.5685,107.432,0.0351,0.02095,-0.16264,-0.3948,-3.9914,150.5208,0.58669
2014-09-24T01:45:10Z,875.491,-3.0659,9.41,0.5979,108.046,0.0882,0.09983,-0.03021,-0.352,-3.9686,150.4784,0.5622
2014-09-24T01:45:11Z,872.857,-3.0707,9.5499,0.4619,107.825,0.0624,0.02985,-0.09125,-0.3127,-4.0861,150.4317,0.57974
2014-09-24T01:45:12Z,869.875,-2.8741,9.3779,0.8415,107.039,0.03557,0.04337,-0.16684,-0.2472,-4.0691,150.507,0.56674
2014-09-24T01:45:13Z,866.423,-3.1979,9.3491,0.6176,108.883,0.04715,0.04277,-0.08586,-0.3123,-4.0446,150.2058,0.56344
2014-09-24T01:45:14Z,863.944,-3.0905,9.5952,0.6615,107.853,0.05771,0.05172,-0.07635,-0.2605,-4.1952,150.3188,0.56916
2014-09-24T01:45:15Z,860.958,-2.9808,9.4315,0.5589,107.539,0.05314,0.02533,-0.11163,-0.383,-4.158,150.314,0.57573
2014-09-24T01:45:16Z,858.009,-3.0224,9.5984,0.549,107.479,0.06208,0.06871,-0.11163,-0.4475,-4.1102,150.3778,0.57106
2014-09-24T01:45:17Z,854.642,-3.1885,9.3686,0.807,108.796,0.05745,0.0489,-0.09458,-0.3833,-3.9686,150.3946,0.58509
2014-09-24T01:45:18Z,851.882,-3.2274,9.3466,0.4253,109.05,0.0214,0.0059,-0.06418,-0.5816,-4.2323,150.3259,0.57642
2014-09-24T01:45:19Z,847.692,-3.4677,9.6866,0.6467,109.697,0.00283,0.03567,-0.0919,-0.6295,-4.0114,150.1812,0.57139
2014-09-24T01:45:20Z,845.183,-3.3844,9.6237,0.4989,109.376,0.0477,0.03432,-0.05798,-0.435,-4.1636,150.3401,0.56437
2014-09-24T01:45:21Z,841.932,-3.1991,9.7417,0.581,108.18,0.07148,0.03344,-0.06643,-0.5165,-4.1567,150.2989,0.57621
2014-09-24T01:45:22Z,839.216,-3.2872,9.5373,0.5589,109.017,0.04884,0.05189,-0.10058,-0.4765,-4.0623,150.126,0.59046
2014-09-24T01:45:23Z,835.911,-3.2763,9.5159,0.5256,108.999,0.08923,0.0553,-0.13428,-0.642,-4.0037,150.23,0.56795
2014-09-24T01:45:24Z,832.987,-3.152,9.8546,0.6291,107.737,0.05756,0.05261,-0.10083,-0.4912,-4.1373,150.2836,0.56848
2014-09-24T01:45:25Z,830.636,-3.505,9.4336,0.3699,110.382,0.09308,0.04843,-0.08214,-0.5604,-4.0836,150.3982,0.56429
2014-09-24T01:45:26Z,826.847,-3.3848,9.8711,0.5968,108.927,0.08836,0.04236,-0.09395,-0.6365,-4.2561,150.1107,0.58187
2014-09-24T01:45:27Z,823.979,-3.3414,9.8965,0.6207,108.657,0.08626,-0.0133,-0.07973,-0.6374,-4.2305,150.2853,0.57944
2014-09-24T01:45:28Z,820.678,-3.4968,9.8454,0.4953,109.554,0.03029,0.06019,-0.07414,-0.6461,-4.3019,150.0853,0.5681
2014-09-24T01:45:29Z,817.708,-3.1973,9.629,0.7839,108.368,0.06121,0.05321,-0.08259,-0.7622,-4.2406,150.0526,0.56654
2014-09-24T01:45:30Z,814.604,-3.2969,9.6265,0.5746,108.905,0.09175,0.01664,-0.10288,-0.7441,-4.1597,150.0452,0.56345
2014-09-24T01:45:31Z,811.677,-3.4104,9.733,0.6117,109.31,0.06838,0.04853,-0.08313,-0.7065,-4.1935,150.2135,0.56838
2014-09-24T01:45:32Z,808.843,-3.2054,9.5851,0.5775,108.491,0.07583,0.05797,-0.04037,-0.7865,-4.0779,150.1527,0.57855
2014-09-24T01:45:33Z,805.926,-3.7203,9.6506,0.63,111.082,0.02766,0.0713,-0.13364,-0.8895,-4.0572,150.0949,0.57044
2014-09-24T01:45:34Z,802.368,-3.5192,9.9116,0.7706,109.548,0.11071,0.05503,-0.08433,-0.7678,-4.238,150.1588,0.58014
2014-09-24T01:45:35Z,799.375,-3.4844,9.9283,0.8885,109.339,0.04333,0.05056,-0.05084,-0.7438,-4.2869,150.1038,0.56383
2014-09-24T01:45:36Z,795.672,-3.6997,9.6946,0.7175,110.888,0.01363,0.06644,-0.12612,-0.7444,-4.1452,150.0974,0.55085
2014-09-24T01:45:37Z,792.949,-3.5381,9.9676,0.7531,109.543,0.05509,0.03535,-0.07185,-0.8064,-4.1423,150.0427,0.58997
2014-09-24T01:45:38Z,790.21,-3.77,9.9487,0.8172,110.754,0.00305,0.05356,-0.06863,-0.8025,-4.2135,149.9569,0.57064
2014-09-24T01:45:39Z,787.084,-3.5224,10.1241,0.6719,109.184,0.03747,0.02798,-0.13403,-0.8079,-4.1978,150.2155,0.57497
2014-09-24T01:45:40Z,783.752,-3.4898,10.0016,0.8057,109.235,0.12892,0.0715,-0.07941,-0.8993,-4.2157,150.1731,0.56227
2014-09-24T01:45:41Z,780.883,-3.629,10.0903,0.7293,109.781,0.05582,0.00374,-0.10412,-1.0939,-4.344,150.1787,0.55751
2014-09-24T01:45:42Z,777.637,-3.9702,10.0211,0.666,111.613,0.02998,0.06465,-0.09895,-0.8503,-4.3677,149.9524,0.56951
2014-09-24T01:45:43Z,774.776,-3.8588,10.1119,0.688,110.888,0.06665,0.04491,-0.10567,-1.033,-4.2796,149.9248,0.55222
2014-09-24T01:45:44Z,771.345,-3.6522,9.7912,0.4725,110.456,0.04392,0.06884,-0.06483,-1.0704,-4.2969,149.9383,0.56592
2014-09-24T01:45:45Z,768.004,-3.7567,9.9848,0.6854,110.619,0.08832,0.02542,-0.10056,-1.0865,-4.2639,150.0738,0.57615
2014-09-24T01:45:46Z,765.13,-4.1858,10.0127,0.5033,112.687,0.04481,0.04742,-0.10944,-0.8177,-4.3018,149.953,0.57149
2014-09-24T01:45:47Z,760.868,-3.6209,10.0075,0.4972,109.891,0.07415,0.04692,-0.10911,-0.9993,-4.4328,149.8854,0.5699
2014-09-24T01:45:48Z,758.906,-3.8063,10.1195,0.68,110.613,0.03903,0.05648,-0.10657,-1.1358,-4.4707,149.9628,0.58178
2014-09-24T01:45:49Z,754.371,-3.9763,10.1757,0.5515,111.344,0.13301,0.01967,-0.12513,-1.125,-4.2479,149.8394,0.57082
2014-09-24T01:45:50Z,751.919,-3.7251,10.1518,0.6634,110.15,0.08095,0.06199,-0.11003,-1.0881,-4.3651,149.7642,0.55259
2014-09-24T01:45:51Z,749.552,-3.9967,10.0783,0.6791,111.632,0.06504,0.00016,-0.09537,-1.0623,-4.3357,149.8993,0.56666
2014-09-24T01:45:52Z,746.431,-4.0213,10.0118,0.6851,111.883,0.06166,0.02984,-0.08829,-1.1008,-4.3669,149.8215,0.58331
2014-09-24T01:45:53Z,742.724,-3.889,10.3085,0.5782,110.669,0.05546,0.00769,-0.06838,-1.2148,-4.4004,149.8584,0.5655
2014-09-24T01:45:54Z,739.747,-3.6983,10.2128,0.76,109.906,0.05058,0.06768,-0.09254,-1.1323,-4.4076,149.5779,0.58297
2014-09-24T01:45:55Z,737.338,-3.743,10.0197,0.6624,110.484,0.05019,0.0572,-0.11051,-1.2237,-4.2559,149.7439,0.57635
2014-09-24T01:45:56Z,733.549,-3.9578,10.1658,0.7173,111.272,0.11216,0.05881,-0.124,-1.108,-4.3616,149.8153,0.56502
2014-09-24T01:45:57Z,731.362,-3.963,9.944,0.5547,111.729,0.05668,0.08446,-0.09144,-1.2041,-4.2967,149.6548,0.55979
2014-09-24T01:45:58Z,727.432,-3.9395,10.2343,0.6585,111.053,0.01755,0.03994,-0.1018,-1.2861,-4.2909,149.6449,0.57132
2014-09-24T01:45:59Z,724.428,-4.2699,10.2159,0.7876,112.683,0.04192,0.06329,-0.10105,-1.1868,-4.332,149.7837,0.57895
2014-09-24T01:46:00Z,721.703,-4.0072,10.1741,0.7762,111.498,0.09454,0.04991,-0.09244,-1.2277,-4.2981,149.8367,0.55636
2014-09-24T01:46:01Z,718.031,-4.2393,10.5197,0.6014,111.949,0.06532,0.04632,-0.08609,-1.3126,-4.366,149.664,0.57018
2014-09-24T01:46:02Z,714.481,-4.1065,10.1295,0.6283,112.068,0.06854,0.08135,-0.09239,-1.2324,-4.2629,149.7137,0.55313
2014-09-24T01:46:03Z,711.638,-4.2114,10.4244,0.5855,111.999,0.10141,0.10093,-0.10346,-1.2565,-4.311,149.7027,0.56701
2014-09-24T01:46:04Z,708.506,-4.1261,10.6642,0.6203,111.152,0.053,0.0383,-0.11929,-1.2265,-4.3051,149.5571,0.55678
2014-09-24T01:46:05Z,704.88,-4.2092,10.5193,0.5479,111.808,0.0885,0.07013,-0.11463,-1.2816,-4.4615,149.8184,0.57482
2014-09-24T01:46:06Z,702.105,-4.7109,10.3681,0.6754,114.436,0.05624,0.05747,-0.07816,-1.3711,-4.3702,149.6684,0.56514
2014-09-24T01:46:07Z,698.77,-4.2481,10.2221,0.7543,112.567,0.08759,0.05797,-0.11001,-1.5046,-4.5428,149.6562,0.58026
2014-09-24T01:46:08Z,696.186,-4.2012,10.2016,0.6138,112.383,0.06366,0.05607,-0.13312,-1.3697,-4.2886,149.6974,0.56704
2014-09-24T01:46:09Z,692.705,-4.2562,10.3648,0.6851,112.325,0.06764,0.04176,-0.07053,-1.3724,-4.4553,149.4908,0.5667
2014-09-24T01:46:10Z,689.422,-4.3635,10.3425,0.6738,112.875,0.09442,-0.03935,-0.12312,-1.4106,-4.4488,149.7255,0.55924
2014-09-24T01:46:11Z,686.31,-4.1263,10.3554,0.803,111.726,0.09285,0.08884,-0.09873,-1.6704,-4.5241,149.7253,0.57572
2014-09-24T01:46:12Z,683.249,-4.3504,10.4318,0.6379,112.638,0.07024,0.03329,-0.08737,-1.3898,-4.4222,149.6211,0.57698
2014-09-24T01:46:13Z,680.208,-4.356,10.4827,0.6431,112.565,0.06281,0.04481,-0.09961,-1.5316,-4.4454,149.64,0.58103
2014-09-24T01:46:14Z,676.461,-4.2918,10.5937,0.618,112.055,0.1148,0.04553,-0.16168,-1.4181,-4.2827,149.5479,0.57924
2014-09-24T01:46:15Z,673.263,-4.4193,10.3538,0.5906,113.114,0.08977,0.03162,-0.09,-1.3511,-4.3643,149.6535,0.57772
2014-09-24T01:46:16Z,670.829,-4.6312,10.4498,0.7585,113.902,0.06547,0.05741,-0.06663,-1.5213,-4.4788,149.4717,0.5798
2014-09-24T01:46:17Z,667.11,-4.8894,10.5508,0.6941,114.864,0.05913,0.05047,-0.08016,-1.4799,-4.5754,149.5375,0.58116
2014-09-24T01:46:18Z,663.568,-4.6218,10.5668,0.715,113.624,0.10128,0.03385,-0.15295,-1.526,-4.6293,149.5302,0.58341
2014-09-24T01:46:19Z,661.027,-4.4595,10.8851,0.8383,112.278,0.07874,0.05567,-0.04669,-1.5,-4.5331,149.5104,0.56452
2014-09-24T01:46:20Z,657.839,-4.6522,10.6631,0.8458,113.571,0.07196,0.05129,-0.13304,-1.5471,-4.5619,149.6079,0.57365
2014-09-24T01:46:21Z,653.944,-4.5072,10.4104,0.55,113.41,0.07911,0.07548,-0.12688,-1.6099,-4.432,149.7066,0.56498
2014-09-24T01:46:22Z,651.361,-4.6289,10.7291,0.7809,113.337,0.08487,0.01895,-0.08039,-1.6539,-4.4758,149.4636,0.58127
2014-09-24T01:46:23Z,648.336,-4.4833,10.7657,0.7403,112.609,0.07519,0.0325,-0.08863,-1.4671,-4.4672,149.5084,0.59231
2014-09-24T01:46:24Z,645.006,-4.7473,10.6849,0.6734,113.956,0.10687,0.07093,-0.09796,-1.5719,-4.5488,149.3679,0.58713
2014-09-24T01:46:25Z,641.89,-4.6588,10.5399,0.754,113.846,0.10843,0.03697,-0.11421,-1.553,-4.465,149.5381,0.5758
2014-09-24T01:46:26Z,637.969,-4.6818,11.0102,0.5507,113.036,0.09041,0.03055,-0.06671,-1.5997,-4.5951,149.37,0.58542
2014-09-24T01:46:27Z,635.366,-4.5567,10.6002,0.8711,113.261,0.11164,0.03854,-0.10098,-1.5657,-4.4928,149.7231,0.5849
2014-09-24T01:46:28Z,631.931,-5.0652,10.8806,0.7782,114.963,0.07765,0.05093,-0.13914,-1.7273,-4.4235,149.2283,0.58473
2014-09-24T01:46:29Z,628.653,-4.9049,10.8311,0.642,114.363,0.09484,0.05119,-0.06919,-1.6607,-4.5234,149.5969,0.57321
2014-09-24T01:46:30Z,625.909,-4.7338,10.9065,0.6715,113.463,0.10285,0.04852,-0.09452,-1.6385,-4.4628,149.4681,0.59495
2014-09-24T01:46:31Z,622.902,-4.6553,11.0899,0.5614,112.771,0.10335,0.02821,-0.07212,-1.5868,-4.6606,149.2436,0.57581
2014-09-24T01:46:32Z,619.79,-4.8776,10.9365,0.702,114.037,0.10092,0.07341,-0.08568,-1.4876,-4.6711,149.5746,0.58312
2014-09-24T01:46:33Z,616.398,-4.9852,10.7891,0.687,114.8,0.09393,0.08739,-0.0402,-1.6798,-4.4845,149.2367,0.59457
2014-09-24T01:46:34Z,612.673,-4.8567,11.0622,0.6049,113.703,0.12721,0.00662,-0.10773,-1.7761,-4.431,149.285,0.58476
2014-09-24T01:46:35Z,609.606,-4.8667,10.8197,0.8168,114.218,0.06491,0.01569,-0.09956,-1.8294,-4.5378,149.1736,0.58925
2014-09-24T01:46:36Z,606.52,-5.0778,10.9571,0.8685,114.864,0.07464,0.07975,-0.08196,-1.8165,-4.3512,149.2755,0.59046
2014-09-24T01:46:37Z,603.06,-5.0026,10.76,0.7401,114.935,0.07328,0.09407,-0.10753,-1.8163,-4.6422,149.2718,0.59094
2014-09-24T01:46:38Z,599.828,-4.9027,10.8184,0.7141,114.379,0.06955,0.00174,-0.07985,-1.9965,-4.5851,149.3469,0.59225
2014-09-24T01:46:39Z,596.832,-4.823,10.9987,0.7899,113.678,0.02914,0.07549,-0.17359,-1.8282,-4.5234,149.4947,0.59397
2014-09-24T01:46:40Z,593.283,-5.0241,11.0684,0.7464,114.414,0.11333,0.09619,-0.1017,-1.7265,-4.5014,149.1864,0.5938
2014-09-24T01:46:41Z,589.806,-5.1578,10.7795,0.6422,115.57,0.0534,0.03382,-0.10243,-1.7872,-4.5891,148.9494,0.587
2014-09-24T01:46:42Z,586.672,-5.2001,11.1282,0.6869,115.046,0.08339,0.09501,-0.10331,-1.8231,-4.631,149.2764,0.58274
2014-09-24T01:46:43Z,583.791,-5.1352,10.9475,0.7242,115.13,0.04369,0.0512,-0.12172,-1.9412,-4.5005,149.1435,0.60411
2014-09-24T01:46:44Z,580.321,-5.2653,11.284,0.7807,115.014,0.09483,0.06365,-0.07711,-1.7363,-4.5433,149.3673,0.60548
2014-09-24T01:46:45Z,577.188,-5.2474,11.0582,0.7586,115.386,0.05976,0.03793,-0.11234,-1.788,-4.5853,149.1689,0.60084
2014-09-24T01:46:46Z,574.049,-5.4626,10.9614,0.7805,116.489,0.05107,0.08106,-0.09469,-1.8384,-4.5215,149.0834,0.6018
2014-09-24T01:46:47Z,570.427,-5.1395,11.1643,0.6091,114.719,0.08439,0.07702,-0.10059,-2.0218,-4.5761,149.045,0.59289
2014-09-24T01:46:48Z,567.565,-5.5322,11.0322,0.8298,116.632,0.06208,0.0994,-0.08711,-1.8928,-4.58,149.1956,0.58175
2014-09-24T01:46:49Z,564.172,-5.4554,11.3812,0.7656,115.61,0.0653,0.09242,-0.0638,-1.8267,-4.5866,149.0928,0.60033
2014-09-24T01:46:50Z,560.345,-5.4073,11.2159,1.0228,115.739,0.08401,0.0563,-0.09465,-1.8712,-4.6418,149.2541,0.58821
2014-09-24T01:46:51Z,558.016,-5.1485,11.2053,0.7302,114.678,0.09976,0.13435,-0.07845,-1.861,-4.6536,149.0732,0.60595
2014-09-24T01:46:52Z,554.069,-5.5427,11.3428,0.8036,116.042,0.05935,0.09053,-0.09581,-1.8287,-4.6254,149.2228,0.616
2014-09-24T01:46:53Z,550.395,-5.6102,11.1271,1.0564,116.757,0.05507,0.07038,-0.11203,-1.8781,-4.5843,148.9303,0.60174
2014-09-24T01:46:54Z,547.337,-5.6215,11.103,0.7947,116.854,0.08047,0.03205,-0.10286,-1.8453,-4.7401,148.8815,0.60331
2014-09-24T01:46:55Z,544.071,-5.3197,11.3779,0.7705,115.058,0.0934,0.01884,-0.10636,-1.9713,-4.5183,149.1253,0.60086
2014-09-24T01:46:56Z,541.17,-6.0185,11.169,0.6803,118.318,0.11651,0.02107,-0.08501,-2.008,-4.5959,148.983,0.61039
2014-09-24T01:46:57Z,537.777,-5.7774,11.1904,0.9338,117.306,0.05318,0.03396,-0.09648,-1.8781,-4.686,148.9902,0.6109
2014-09-24T01:46:58Z,534.474,-5.2474,11.5017,0.6671,114.524,0.07203,0.09184,-0.11894,-1.8676,-4.4749,148.9024,0.60416
2014-09-24T01:46:59Z,531.526,-5.5971,11.4726,0.8275,116.006,0.10939,0.06969,-0.10457,-1.8864,-4.6043,148.8822,0.62076
2014-09-24T01:47:00Z,528.142,-5.8823,11.2273,0.7395,117.651,0.12932,0.04228,-0.1371,-1.9229,-4.7178,149.0414,0.63624
2014-09-24T01:47:01Z,524.846,-5.7531,11.3433,0.7699,116.893,0.05517,0.05431,-0.1035,-1.9646,-4.4886,148.9631,0.62531
2014-09-24T01:47:02Z,521.589,-5.767,11.3211,0.6485,116.995,0.06153,0.05136,-0.09878,-1.9269,-4.5092,148.8461,0.61607
2014-09-24T01:47:03Z,518.369,-5.6805,11.7433,0.9271,115.814,0.08952,0.0779,-0.05353,-1.9183,-4.6936,149.0183,0.61715
2014-09-24T01:47:04Z,514.121,-5.5665,11.642,0.7677,115.554,0.06554,0.03602,-0.06495,-1.9181,-4.65,149.0439,0.6152
2014-09-24T01:47:05Z,511.434,-5.8123,11.4585,0.6756,116.896,0.06098,0.06682,-0.12443,-1.7491,-4.664,148.9026,0.61622
2014-09-24T01:47:06Z,507.5,-5.9854,11.6347,0.9248,117.223,0.08605,0.06567,-0.09346,-2.0355,-4.7817,149.001,0.62935
2014-09-24T01:47:07Z,504.974,-5.814,11.359,0.7507,117.105,0.11865,0.03703,-0.09294,-1.7078,-4.6077,148.7877,0.63089
2014-09-24T01:47:08Z,501.657,-6.0682,11.4828,0.8367,117.855,0.04715,0.09804,-0.10409,-2.0702,-4.5692,148.9328,0.61472
2014-09-24T01:47:09Z,498.718,-6.1481,11.6173,0.8892,117.889,0.11731,0.05103,-0.10241,-1.9423,-4.5874,148.8785,0.62821
2014-09-24T01:47:10Z,495.46,-6.2884,11.6901,0.8545,118.277,0.06544,0.03368,-0.107,-2.0721,-4.6404,148.7704,0.63537
2014-09-24T01:47:11Z,491.805,-6.2925,11.632,0.5897,118.412,0.08841,0.0799,-0.05125,-1.9551,-4.5707,149.0421,0.62488
2014-09-24T01:47:12Z,488.246,-6.2251,11.7074,0.8812,118.001,0.11949,0.06001,-0.10837,-1.9039,-4.7399,148.8473,0.62719
2014-09-24T01:47:13Z,485.277,-6.2976,11.7002,0.8035,118.291,0.08779,0.06893,-0.08935,-1.9826,-4.5066,148.7522,0.63566
2014-09-24T01:47:14Z,481.605,-6.1077,11.6885,0.783,117.589,0.07216,0.02918,-0.161,-1.9098,-4.7168,148.8005,0.63709
2014-09-24T01:47:15Z,478.47,-6.366,11.6885,0.807,118.574,0.09749,0.07917,-0.07708,-2.0237,-4.7109,148.6989,0.63593
2014-09-24T01:47:16Z,475.494,-6.6883,11.6874,0.6588,119.781,0.07514,0.11324,-0.06796,-2.1558,-4.7069,148.6574,0.63574
2014-09-24T01:47:17Z,471.63,-6.4084,11.8126,0.8415,118.48,0.09243,0.02743,-0.12376,-1.9435,-4.7156,148.7155,0.63802
2014-09-24T01:47:18Z,468.781,-6.3529,11.8567,0.6876,118.183,0.0742,0.06791,-0.11015,-1.9928,-4.682,148.7096,0.63389
2014-09-24T01:47:19Z,465.408,-6.4059,11.847,0.7977,118.401,0.10076,0.03949,-0.08596,-2.0349,-4.688,148.6547,0.62837
2014-09-24T01:47:20Z,461.506,-6.1229,11.6675,0.8444,117.69,0.04429,0.12642,-0.09665,-2.0305,-4.6619,148.8476,0.62606
2014-09-24T01:47:21Z,458.849,-6.4726,11.71,0.9379,118.931,0.05372,0.09023,-0.08536,-1.9661,-4.7405,148.6333,0.64447
2014-09-24T01:47:22Z,455.417,-6.2821,11.9425,0.7508,117.746,0.04374,0.06634,-0.10408,-2.0644,-4.6644,148.604,0.64177
2014-09-24T01:47:23Z,451.871,-6.4514,12.1273,0.9803,118.012,0.07745,0.02865,-0.0502,-1.9697,-4.7677,148.5661,0.64574
2014-09-24T01:47:24Z,448.229,-6.4899,11.9542,0.9322,118.498,0.04051,0.03474,-0.11341,-1.9049,-4.6245,148.5439,0.63665
2014-09-24T01:47:25Z,444.854,-6.6427,11.892,0.7968,119.187,0.06135,0.0781,-0.02925,-1.8352,-4.6281,148.7622,0.64528
2014-09-24T01:47:26Z,441.622,-6.5594,12.0085,0.731,118.645,0.05084,0.02543,-0.06537,-1.8874,-4.6888,148.6728,0.64627
2014-09-24T01:47:27Z,438.654,-6.6973,11.8229,0.6995,119.53,0.1154,0.02626,-0.07548,-1.9864,-4.7429,148.7034,0.65704
2014-09-24T01:47:28Z,434.782,-6.5938,12.217,0.8736,118.357,0.05352,0.0598,-0.12217,-1.9781,-4.6686,148.7237,0.65479
2014-09-24T01:47:29Z,431.918,-6.6864,12.0663,0.7746,118.993,0.04599,0.06296,-0.07328,-2.0299,-4.767,148.576,0.64322
2014-09-24T01:47:30Z,427.978,-6.8301,11.9658,0.9709,119.718,0.08423,0.06916,-0.08079,-2.034,-4.6958,148.7441,0.65433
2014-09-24T01:47:31Z,424.986,-6.5723,12.0602,0.785,118.588,0.12005,0.04871,-0.14875,-1.9257,-4.7131,148.5217,0.64546
2014-09-24T01:47:32Z,421.738,-6.6911,12.0276,0.7651,119.088,0.07484,0.08273,-0.13073,-2.0185,-4.493,148.4624,0.63167
2014-09-24T01:47:33Z,422.599,-6.8346,12.2858,0.878,119.087,0.08521,0.04051,-0.0831,-1.9533,-4.7887,148.6255,0.66752
2014-09-24T01:47:34Z,421.7,-6.7673,12.0578,0.7866,119.303,0.12318,0.07905,-0.09328,-2.0522,-4.8977,148.6064,0.65183
2014-09-24T01:47:35Z,422.345,-6.8151,12.0958,0.8557,119.398,0.11677,0.06985,-0.10109,-1.8589,-4.7304,148.6074,0.66426
2014-09-24T01:47:36Z,421.926,-6.9517,12.153,0.9537,119.77,0.10889,0.0805,-0.05962,-1.9879,-4.8126,148.6942,0.65176
2014-09-24T01:47:37Z,422.06,-6.8271,11.945,0.8668,119.75,0.08683,0.09594,-0.10721,-1.8687,-4.7299,148.6019,0.65169
2014-09-24T01:47:38Z,422.001,-6.948,12.0762,0.8672,119.914,0.11569,0.05585,-0.09512,-2.0058,-4.7723,148.6205,0.65487
2014-09-24T01:47:39Z,422.159,-7.0126,12.0772,0.8755,120.141,0.073,0.05149,-0.0986,-2.0038,-4.738,148.7225,0.66234
2014-09-24T01:47:40Z,421.993,-7.1319,11.7949,0.6858,121.16,0.094,0.02657,-0.06841,-1.8306,-4.7481,148.61,0.6628
2014-09-24T01:47:41Z,422.599,-6.9558,12.0506,0.8939,119.994,0.14783,0.01902,-0.12294,-1.9805,-4.5834,148.6293,0.66643
2014-09-24T01:47:42Z,421.973,-6.8371,12.002,0.8712,119.669,0.14695,0.06579,-0.09122,-2.0493,-4.6619,148.4342,0.65952
2014-09-24T01:47:43Z,422.573,-7.0399,12.0131,0.9441,120.371,0.12759,0.06816,-0.12071,-2.0004,-4.5697,148.9438,0.66485
2014-09-24T01:47:44Z,421.994,-6.5775,11.9947,0.9158,118.739,0.0706,0.04434,-0.08435,-1.8419,-4.6504,148.4084,0.6588
2014-09-24T01:47:45Z,422.242,-6.8381,12.0161,0.8348,119.643,0.09073,0.05034,-0.05736,-1.8426,-4.5773,148.509,0.67831
2014-09-24T01:47:46Z,421.931,-6.7937,12.171,0.9585,119.17,0.10598,0.1108,-0.05585,-1.9574,-4.6738,148.5013,0.65705
2014-09-24T01:47:47Z,422.509,-6.8836,11.7783,0.8256,120.303,0.12065,0.0952,-0.09152,-1.9397,-4.5202,148.7641,0.66197
2014-09-24T01:47:48Z,422.899,-6.7395,11.8905,0.8793,119.544,0.09561,0.04234,-0.05897,-1.8279,-4.6082,148.4882,0.66613
2014-09-24T01:47:49Z,422.409,-7.1548,12.0365,0.8239,120.728,0.12258,0.06337,-0.07592,-1.7689,-4.7065,148.5872,0.68959
2014-09-24T01:47:50Z,422.41,-7.4375,11.9988,0.9012,121.793,0.17474,0.08513,-0.03626,-1.8719,-4.5928,148.4814,0.67756
2014-09-24T01:47:51Z,422.133,-7.1385,11.9883,0.8175,120.772,0.14236,0.05984,-0.07256,-1.8142,-4.6385,148.4282,0.66553
2014-09-24T01:47:52Z,422.486,-7.0025,12.3193,1.0197,119.615,0.13955,0.05581,-0.14267,-1.7806,-4.6552,148.5837,0.67986
2014-09-24T01:47:53Z,422.052,-7.0826,11.9925,1.057,120.565,0.11034,0.06808,-0.04502,-1.6699,-4.6297,148.4492,0.67831
2014-09-24T01:47:54Z,422.333,-7.079,12.0575,0.9425,120.418,0.09647,0.1043,-0.07791,-1.9262,-4.5757,148.5361,0.67727
2014-09-24T01:47:55Z,422.775,-6.9363,11.8277,1.0089,120.389,0.10836,0.10705,-0.07235,-1.8786,-4.8036,148.5722,0.68152
2014-09-24T01:47:56Z,423.201,-7.0913,11.7109,0.7006,121.196,0.09868,0.05961,-0.05617,-1.8569,-4.6607,148.6943,0.67728
2014-09-24T01:47:57Z,423.766,-7.0422,11.7974,0.712,120.834,0.1441,0.08997,-0.09927,-1.7412,-4.5764,148.3714,0.67903
2014-09-24T01:47:58Z,422.62,-7.3259,11.952,0.8228,121.506,0.15336,0.07876,-0.06087,-1.8184,-4.6097,148.4763,0.66607
2014-09-24T01:47:59Z,423.371,-7.3616,11.8892,0.8585,121.765,0.12114,0.05416,-0.04847,-1.764,-4.7181,148.4744,0.69086
2014-09-24T01:48:00Z,422.997,-6.9738,11.8821,0.8348,120.409,0.15044,0.07238,-0.05184,-1.7697,-4.8159,148.4795,0.67653
2014-09-24T01:48:01Z,422.902,-7.2178,11.7802,0.6905,121.496,0.18492,0.04864,-0.07502,-1.7696,-4.4889,148.7301,0.671
2014-09-24T01:48:02Z,423.15,-7.3415,11.7439,0.9697,122.011,0.19857,0.10975,-0.03437,-1.7513,-4.6385,148.4496,0.67763
2014-09-24T01:48:03Z,423.064,-7.3582,11.7636,1.0701,122.026,0.17029,0.1199,-0.08323,-1.6674,-4.5009,148.2086,0.67871
2014-09-24T01:48:04Z,423.124,-7.3785,11.8886,0.9827,121.825,0.14804,0.07124,-0.07306,-1.8172,-4.5569,148.4345,0.67675
2014-09-24T01:48:05Z,422.986,-7.4047,11.8971,0.9633,121.898,0.17222,0.06568,-0.05995,-1.741,-4.6825,148.4361,0.6901
2014-09-24T01:48:06Z,422.682,-7.509,11.6127,0.8775,122.887,0.1889,0.10867,-0.04831,-1.8158,-4.8177,148.4174,0.69237
2014-09-24T01:48:07Z,422.675,-7.558,11.8678,0.7706,122.491,0.10623,0.1131,-0.06295,-1.6897,-4.6531,148.3632,0.66959
2014-09-24T01:48:08Z,423.487,-7.3739,11.6381,0.8616,122.358,0.19476,0.05522,-0.02327,-1.7125,-4.6176,148.2964,0.68182
2014-09-24T01:48:09Z,423.205,-7.4516,11.7984,1.0651,122.276,0.14537,0.07976,-0.04575,-1.6001,-4.5771,148.638,0.68304
2014-09-24T01:48:10Z,423.136,-7.2134,11.6896,0.8194,121.678,0.14686,0.08236,-0.0504,-1.6747,-4.7005,148.4473,0.68585
2014-09-24T01:48:11Z,423.391,-7.3504,11.9406,0.809,121.616,0.1526,0.06493,-0.04495,-1.6984,-4.5959,148.3897,0.70149
2014-09-24T01:48:12Z,423.709,-7.369,11.6297,0.965,122.36,0.17069,0.09421,-0.03229,-1.6709,-4.5944,148.6151,0.68194
2014-09-24T01:48:13Z,423.537,-7.5376,11.7105,0.9717,122.768,0.13611,0.06742,-0.04376,-1.5014,-4.5282,148.3088,0.70153
2014-09-24T01:48:14Z,423.288,-7.462,11.7666,0.7697,122.382,0.15796,0.07176,-0.09419,-1.7529,-4.6302,148.4493,0.68843
2014-09-24T01:48:15Z,423.99,-7.4019,11.5276,0.8279,122.705,0.17937,0.08308,-0.02089,-1.6652,-4.5687,148.2574,0.70272
2014-09-24T01:48:16Z,424.157,-7.3639,11.6359,0.8038,122.328,0.17286,0.04873,-0.04431,-1.5997,-4.5795,148.4507,0.68819
2014-09-24T01:48:17Z,423.82,-7.5037,11.5994,0.8612,122.899,0.17805,0.03487,-0.02936,-1.641,-4.531,148.2555,0.68777
2014-09-24T01:48:18Z,424.031,-7.3427,11.5499,0.9644,122.446,0.16154,0.10957,-0.05581,-1.538,-4.665,148.4093,0.69151
2014-09-24T01:48:19Z,424.168,-7.5188,11.5493,0.7735,123.065,0.18809,0.06843,-0.09052,-1.5689,-4.8436,148.5508,0.70251
2014-09-24T01:48:20Z,424.172,-7.4173,11.7715,0.9629,122.215,0.19824,0.14063,-0.10101,-1.5308,-4.6153,148.3581,0.69391
2014-09-24T01:48:21Z,424.035,-7.6267,11.5057,0.8642,123.539,0.19782,0.13687,-0.06684,-1.5286,-4.6132,148.1227,0.69476
2014-09-24T01:48:22Z,424.073,-7.8411,11.6695,1.0866,123.898,0.18466,0.07522,-0.02949,-1.5328,-4.6857,148.3387,0.69861
2014-09-24T01:48:23Z,424.088,-7.545,11.621,0.8859,122.994,0.19848,0.14666,-0.00916,-1.6142,-4.7122,148.3764,0.68689
2014-09-24T01:48:24Z,423.565,-7.4957,11.3584,0.8447,123.422,0.19782,0.11192,-0.03326,-1.4831,-4.6359,148.4117,0.69702
2014-09-24T01:48:25Z,424.238,-7.5303,11.6291,0.9114,122.925,0.24397,0.07264,-0.06631,-1.6243,-4.5974,148.4621,0.68968
2014-09-24T01:48:26Z,423.561,-7.5735,11.3347,0.8206,123.75,0.20852,0.02452,-0.05881,-1.5228,-4.579,148.4604,0.70684
2014-09-24T01:48:27Z,423.801,-7.7038,11.6281,0.6747,123.525,0.17684,0.10656,-0.00439,-1.4156,-4.7678,148.288,0.69876
2014-09-24T01:48:28Z,424.578,-7.7839,11.4401,0.8296,124.232,0.15724,0.09042,-0.07038,-1.3451,-4.7235,148.2283,0.70128
2014-09-24T01:48:29Z,424.459,-7.5969,11.5078,0.8281,123.431,0.17447,0.10069,0.01573,-1.2378,-4.4912,148.1756,0.67974
2014-09-24T01:48:30Z,424.729,-7.6302,11.2992,0.6943,124.03,0.17366,0.08446,0.01088,-1.4452,-4.595,148.2266,0.702
2014-09-24T01:48:31Z,424.157,-7.7978,11.5061,0.8466,124.126,0.19568,0.06186,0.01814,-1.4652,-4.5783,148.3214,0.69521
2014-09-24T01:48:32Z,423.892,-7.5649,11.6184,0.6474,123.069,0.16632,0.08004,-0.02492,-1.3391,-4.683,148.132,0.68539
2014-09-24T01:48:33Z,424.254,-7.8775,11.3443,0.8191,124.776,0.21455,0.10864,-0.04219,-1.216,-4.575,148.1673,0.6979
2014-09-24T01:48:34Z,424.417,-7.8476,11.362,0.8781,124.633,0.15091,0.08237,-0.02395,-1.2276,-4.6029,148.3094,0.68522
2014-09-24T01:48:35Z,424.452,-7.5304,11.5101,0.8634,123.195,0.14573,0.08247,-0.00936,-1.4174,-4.6205,148.1816,0.70247
2014-09-24T01:48:36Z,424.864,-7.659,11.4992,0.8123,123.666,0.18405,0.05375,-0.04756,-1.3301,-4.6862,148.2764,0.70926
2014-09-24T01:48:37Z,424.384,-7.8619,11.0556,0.8452,125.418,0.16724,0.09426,-0.05803,-1.235,-4.6369,148.1511,0.68365
2014-09-24T01:48:38Z,424.677,-7.7793,11.7095,0.7751,123.598,0.15771,0.06442,-0.03682,-1.2134,-4.4078,148.2544,0.6979
2014-09-24T01:48:39Z,424.251,-7.8177,11.4794,0.8549,124.256,0.17409,0.11541,-0.04824,-1.2234,-4.5916,148.1416,0.69698
2014-09-24T01:48:40Z,424.797,-8.2653,11.4888,0.8593,125.732,0.17182,0.07433,0.00287,-1.2903,-4.4986,148.0217,0.68252
2014-09-24T01:48:41Z,424.684,-8.006,11.3527,0.7635,125.192,0.19194,0.08552,-0.04278,-1.1913,-4.5756,148.3007,0.70589
2014-09-24T01:48:42Z,424.463,-7.8949,11.0869,0.8804,125.454,0.177,0.14724,-0.0242,-1.147,-4.5829,148.1286,0.70368
2014-09-24T01:48:43Z,424.686,-7.9553,11.4534,0.8797,124.783,0.17984,0.08569,-0.00124,-1.2791,-4.6069,148.1665,0.71498
2014-09-24T01:48:44Z,424.748,-7.8802,11.2559,0.8368,124.996,0.194,0.08256,0.00696,-1.0812,-4.4464,148.1154,0.70283
2014-09-24T01:48:45Z,424.761,-7.7636,11.4111,1.0955,124.23,0.22027,0.10843,-0.01904,-1.0912,-4.5222,148.2321,0.6919
2014-09-24T01:48:46Z,425.518,-7.9923,11.2788,0.8389,125.322,0.23246,0.04937,-0.01387,-1.2127,-4.6132,148.2041,0.7031
2014-09-24T01:48:47Z,424.907,-8.1223,11.3417,0.8254,125.608,0.20016,0.12547,-0.04813,-1.062,-4.5795,148.2182,0.70931
2014-09-24T01:48:48Z,424.899,-7.9308,11.1787,0.8111,125.354,0.20287,0.11925,0.00365,-1.0535,-4.4599,148.1022,0.69534
2014-09-24T01:48:49Z,424.293,-8.0481,11.4188,0.7566,125.177,0.19341,0.10772,0.01044,-1.0328,-4.771,148.1453,0.7059
2014-09-24T01:48:50Z,424.757,-8.0353,11.0956,0.922,125.912,0.21076,0.01037,-0.06714,-0.9571,-4.517,148.1852,0.68025
2014-09-24T01:48:51Z,425.021,-8.0698,11.5972,0.7846,124.832,0.20922,0.08851,0.02447,-1.0661,-4.4967,148.2912,0.71089
2014-09-24T01:48:52Z,424.916,-7.7061,11.5857,0.7965,123.629,0.23334,0.06336,-0.03635,-1.0208,-4.5975,148.1605,0.70548
2014-09-24T01:48:53Z,425.683,-8.3893,11.477,0.7989,126.166,0.15369,0.12347,-0.00319,-1.2402,-4.523,148.0227,0.67869
2014-09-24T01:48:54Z,425.185,-8.1303,11.4165,0.7546,125.457,0.19576,0.12186,-0.01535,-0.9216,-4.493,148.143,0.70207
2014-09-24T01:48:55Z,425.736,-8.0848,11.1964,0.6776,125.833,0.2108,0.10543,-0.01802,-0.9109,-4.6295,148.093,0.68307
2014-09-24T01:48:56Z,425.35,-8.2195,11.3761,0.8066,125.849,0.20236,0.06582,-0.0209,-0.8655,-4.4615,147.9028,0.69402
2014-09-24T01:48:57Z,425.384,-7.9828,11.1751,0.9402,125.54,0.18022,0.13343,-0.03978,-1.0303,-4.5028,147.9114,0.70427
2014-09-24T01:48:58Z,425.383,-8.0114,10.9452,0.8726,126.202,0.17189,0.08968,-0.0011,-0.8597,-4.5366,148.0825,0.69767
2014-09-24T01:48:59Z,425.458,-8.1557,11.3917,1.0089,125.6,0.2252,0.14154,-0.02058,-0.8363,-4.5136,148.0842,0.70873
2014-09-24T01:49:00Z,426.102,-8.2006,11.3185,0.9275,125.924,0.18678,0.1032,-0.04539,-0.9508,-4.4632,148.0462,0.69909
2014-09-24T01:49:01Z,424.731,-8.2011,11.1451,0.9057,126.348,0.16248,0.1094,-0.03776,-0.7952,-4.3321,148.1574,0.69818
2014-09-24T01:49:02Z,424.885,-8.2146,10.9532,1.0414,126.869,0.22841,0.08537,-0.04343,-0.8234,-4.4663,147.9687,0.70716
2014-09-24T01:49:03Z,425.439,-8.2226,11.0328,0.8431,126.697,0.21911,0.13221,-0.02346,-0.977,-4.4478,147.9169,0.69556
2014-09-24T01:49:04Z,425.677,-8.2531,10.834,0.8589,127.299,0.20537,0.11239,0.00255,-0.775,-4.4948,147.9663,0.69793
2014-09-24T01:49:05Z,425.956,-8.2007,11.235,0.8512,126.127,0.18602,0.1334,-0.02659,-0.8636,-4.3557,147.9812,0.69885
2014-09-24T01:49:06Z,425.923,-8.1413,10.8415,1.0068,126.904,0.20666,0.10191,0.01634,-0.9167,-4.6227,148.0297,0.69732
2014-09-24T01:49:07Z,425.666,-8.4559,11.1157,0.8528,127.261,0.2405,0.09644,-0.01025,-0.7335,-4.642,147.9491,0.707
2014-09-24T01:49:08Z,426.2,-8.441,10.93,0.7874,127.678,0.17034,0.11263,-0.01374,-0.7482,-4.4882,147.808,0.69224
2014-09-24T01:49:09Z,426.247,-8.5608,10.8305,0.9109,128.324,0.1722,0.13395,-0.00532,-0.6108,-4.4452,147.7586,0.69078
2014-09-24T01:49:10Z,425.994,-8.1856,11.0709,0.7707,126.479,0.19619,0.12343,0.02991,-0.6885,-4.7014,148.0212,0.68877
2014-09-24T01:49:11Z,426.309,-8.2914,10.9707,0.9054,127.081,0.21179,0.1016,-0.03848,-0.6207,-4.4932,147.8894,0.67996
2014-09-24T01:49:12Z,426.11,-8.2698,11.1366,0.8936,126.597,0.20062,0.05183,0.03798,-0.622,-4.5047,147.7952,0.7088
2014-09-24T01:49:13Z,425.861,-8.577,10.8112,0.8334,128.427,0.22967,0.11865,0.02134,-0.5608,-4.4282,148.0516,0.68955
2014-09-24T01:49:14Z,426.345,-8.1071,10.8719,0.9086,126.711,0.24137,0.06254,-0.00244,-0.693,-4.4508,148.1371,0.69468
2014-09-24T01:49:15Z,426.182,-8.4825,10.6171,0.7033,128.623,0.22167,0.0995,0.02845,-0.5857,-4.6271,147.9666,0.70887
2014-09-24T01:49:16Z,426.187,-8.3813,10.6358,0.8683,128.239,0.22926,0.09584,-0.00842,-0.5923,-4.5662,147.9964,0.6951
2014-09-24T01:49:17Z,426.744,-8.29,11.2167,0.8054,126.467,0.22259,0.0634,0.00755,-0.5081,-4.5416,147.9907,0.70017
2014-09-24T01:49:18Z,425.414,-8.5903,11.2592,1.1388,127.342,0.21656,0.10826,-0.01236,-0.5192,-4.4152,147.7252,0.68451
2014-09-24T01:49:19Z,425.818,-8.5368,10.9453,0.8678,127.952,0.1845,0.15291,0.0261,-0.568,-4.4416,148.0389,0.70688
2014-09-24T01:49:20Z,425.942,-8.4424,10.7949,0.7925,128.028,0.19166,0.09134,-0.01497,-0.525,-4.5185,148.0675,0.69453
2014-09-24T01:49:21Z,426.273,-8.0537,10.8591,0.7141,126.563,0.1841,0.1184,0.00219,-0.3452,-4.4545,148.1208,0.68718
2014-09-24T01:49:22Z,426.354,-8.4518,11.0223,0.9824,127.481,0.21467,0.15824,0.02122,-0.5916,-4.5479,147.8869,0.68699
2014-09-24T01:49:23Z,425.958,-8.2739,10.8056,0.8171,127.441,0.22469,0.12101,0.03122,-0.3782,-4.2964,147.8107,0.70848
2014-09-24T01:49:24Z,426.183,-8.3477,10.9046,0.7727,127.435,0.18314,0.08341,-0.01475,-0.3145,-4.4116,148.0537,0.69009
2014-09-24T01:49:25Z,426.27,-8.4879,10.8544,0.8854,128.025,0.22168,0.10554,0.02537,-0.3463,-4.3917,147.9613,0.68662
2014-09-24T01:49:26Z,427.474,-8.6986,10.7489,0.9159,128.982,0.19847,0.11172,-0.01724,-0.2136,-4.3416,147.9925,0.69095
2014-09-24T01:49:27Z,427.287,-8.4076,10.7449,0.9145,128.042,0.19409,0.13563,-0.04568,-0.2749,-4.3675,147.834,0.69461
2014-09-24T01:49:28Z,426.555,-8.8113,10.8621,0.8535,129.049,0.20566,0.13022,-0.00985,-0.2979,-4.4433,147.9195,0.69528
2014-09-24T01:49:29Z,426.614,-8.3612,10.659,0.8674,128.111,0.19375,0.03069,0.03048,-0.3445,-4.4576,147.7807,0.69746
2014-09-24T01:49:30Z,426.382,-8.588,10.8633,0.8748,128.328,0.23738,0.07861,0.01008,-0.2534,-4.3367,147.8792,0.69561
2014-09-24T01:49:31Z,426.159,-9.0321,10.7147,0.8854,130.13,0.21847,0.09833,-0.00222,-0.2096,-4.4347,147.8387,0.69875
2014-09-24T01:49:32Z,426.829,-8.6961,10.7868,0.8938,128.875,0.2435,0.07477,0.01331,-0.2422,-4.4936,148.1016,0.69123
2014-09-24T01:49:33Z,426.563,-8.5638,10.9654,0.9609,127.989,0.21248,0.00772,0.01325,-0.2803,-4.2733,147.9159,0.70984
2014-09-24T01:49:34Z,426.925,-8.71,10.7175,0.8568,129.101,0.21386,0.08214,0.029,-0.2955,-4.5024,147.6396,0.68921
2014-09-24T01:49:35Z,426.438,-8.5855,10.8727,0.7698,128.296,0.27127,0.10025,-0.02607,-0.1626,-4.5632,147.8484,0.70379
2014-09-24T01:49:36Z,426.773,-8.833,10.4509,0.8368,130.204,0.18429,0.08727,0.01243,-0.2741,-4.3418,147.8792,0.68804
2014-09-24T01:49:37Z,427.135,-8.9139,10.634,0.9263,129.971,0.2574,0.07553,0.01886,-0.1716,-4.4765,147.7888,0.68128
2014-09-24T01:49:38Z,427.254,-8.7428,10.6955,0.6722,129.264,0.26707,0.10155,-0.01761,-0.3066,-4.38,147.7198,0.67925
2014-09-24T01:49:39Z,427.314,-8.7419,10.9672,0.6727,128.558,0.24526,0.10914,-0.01718,-0.0235,-4.2662,147.89,0.6949
2014-09-24T01:49:40Z,426.748,-8.8177,10.3772,0.9429,130.355,0.21826,0.08889,0.00894,0.0241,-4.5183,147.7217,0.70165
2014-09-24T01:49:41Z,427.552,-8.5907,10.6378,1.0026,128.923,0.2626,0.13495,0.01904,-0.04,-4.4083,147.8693,0.68305
2014-09-24T01:49:42Z,427.015,-8.9209,10.863,0.7244,129.394,0.21928,0.10214,0.0199,0.1222,-4.2831,147.7011,0.68514
2014-09-24T01:49:43Z,427.56,-8.7575,10.5099,0.8605,129.803,0.21007,0.07895,0.00646,0.1055,-4.3439,147.7463,0.69517
2014-09-24T01:49:44Z,427.377,-8.8104,10.585,0.8106,129.772,0.2184,0.07266,0.0062,0.0581,-4.4095,147.8893,0.69198
2014-09-24T01:49:45Z,426.941,-9.0719,10.6579,0.8248,130.404,0.21423,0.09548,0.01203,0.0326,-4.2005,147.8366,0.68725
2014-09-24T01:49:46Z,427.355,-9.0482,10.6201,0.8811,130.431,0.2052,0.12868,0.03014,0.0358,-4.3959,147.7848,0.68165
2014-09-24T01:49:47Z,427.636,-8.8614,10.8126,0.721,129.336,0.25699,0.08028,0.05456,0.1308,-4.3531,147.7728,0.69431
2014-09-24T01:49:48Z,427.765,-8.5799,10.6315,0.7395,128.904,0.21027,0.1158,-0.0313,0.0966,-4.2494,147.7789,0.69702
2014-09-24T01:49:49Z,427.544,-8.8065,10.7529,0.8202,129.317,0.22923,0.10329,0.04056,0.1738,-4.2994,147.6848,0.69571
2014-09-24T01:49:50Z,428.171,-9.1625,10.4821,0.8353,131.157,0.19424,0.15078,0.02297,0.2018,-4.2687,147.6064,0.69197
2014-09-24T01:49:51Z,428.03,-9.386,10.4138,0.7373,132.028,0.23146,0.11072,0.03966,0.1558,-4.4428,147.8091,0.68331
2014-09-24T01:49:52Z,427.63,-8.8269,10.4818,0.9291,130.101,0.20215,0.08353,0.05693,0.2839,-4.2691,147.8993,0.69428
2014-09-24T01:49:53Z,428.025,-8.9632,10.3261,0.8081,130.959,0.20188,0.11941,0.00918,0.2001,-4.3502,147.8009,0.6937
2014-09-24T01:49:54Z,428.482,-8.7891,10.5562,0.8074,129.781,0.22901,0.12027,0.05244,0.2422,-4.4198,147.7601,0.68131
2014-09-24T01:49:55Z,428.534,-9.1067,10.4129,0.8777,131.171,0.2585,0.0911,-0.00175,0.1843,-4.3388,147.6081,0.68944
2014-09-24T01:49:56Z,427.46,-8.9442,10.3663,0.8373,130.788,0.24342,0.07194,0.03356,0.263,-4.3376,147.8109,0.69484
2014-09-24T01:49:57Z,427.608,-8.8834,10.5281,0.9338,130.157,0.24547,0.11444,0.02507,0.4794,-4.1997,147.7656,0.69136
2014-09-24T01:49:58Z,428.494,-9.0858,10.2619,0.756,131.521,0.22983,0.10264,0.03306,0.2567,-4.315,147.7878,0.67638
2014-09-24T01:49:59Z,427.646,-9.1031,10.5434,0.7102,130.807,0.22501,0.06314,0.00795,0.3859,-4.4042,147.8095,0.68704
2014-09-24T01:50:00Z,427.596,-9.0503,10.3438,0.8189,131.184,0.2535,0.10741,0.04437,0.3365,-4.4189,147.859,0.68661
2014-09-24T01:50:01Z,427.931,-8.9849,10.5741,0.8557,130.355,0.21996,0.08512,0.07388,0.2178,-4.338,147.5833,0.69687
2014-09-24T01:50:02Z,428.291,-9.0804,10.3257,0.7253,131.328,0.25521,0.06315,0.01069,0.4616,-4.4381,147.5603,0.71332
2014-09-24T01:50:03Z,428.15,-8.9477,10.4679,0.7107,130.523,0.26556,0.09223,0.0405,0.3944,-4.3838,147.6985,0.69375
2014-09-24T01:50:04Z,428.0,-9.1786,10.3886,0.8677,131.462,0.21393,0.1331,0.05793,0.4864,-4.3422,147.5858,0.68326
2014-09-24T01:50:05Z,428.034,-9.3228,10.4602,0.7737,131.709,0.21791,0.13122,0.02988,0.562,-4.3526,147.563,0.69174
2014-09-24T01:50:06Z,428.063,-8.8412,10.3522,0.7041,130.499,0.22192,0.12467,0.07208,0.5234,-4.2568,147.7891,0.69331
2014-09-24T01:50:07Z,428.047,-9.243,10.0735,0.9459,132.538,0.19919,0.10772,0.0281,0.5528,-4.37,147.5607,0.69949
2014-09-24T01:50:08Z,429.196,-9.2438,10.4523,0.7854,131.489,0.22442,0.11587,0.03671,0.4789,-4.5046,147.655,0.70359
2014-09-24T01:50:09Z,428.543,-9.1875,10.2803,0.9639,131.787,0.26898,0.10342,0.01555,0.6267,-4.4379,147.4875,0.70503
2014-09-24T01:50:10Z,428.792,-9.1801,10.3971,0.8516,131.443,0.21059,0.0733,0.04432,0.5768,-4.3005,147.6516,0.69845
2014-09-24T01:50:11Z,428.352,-9.2657,10.3729,0.8785,131.773,0.27014,0.07827,0.042,0.4538,-4.342,147.7582,0.69442
2014-09-24T01:50:12Z,428.5,-9.2236,10.1393,0.8277,132.292,0.22646,0.0857,0.05859,0.7015,-4.3899,147.7559,0.70658
2014-09-24T01:50:13Z,428.358,-9.2423,10.1064,0.5834,132.443,0.29042,0.13589,0.02756,0.7476,-4.1302,147.7337,0.69224
2014-09-24T01:50:14Z,427.722,-9.229,10.3341,0.7356,131.767,0.2208,0.12774,0.02719,0.7971,-4.2165,147.6161,0.69577
2014-09-24T01:50:15Z,428.21,-9.6196,10.1735,0.8364,133.397,0.23451,0.07379,0.05657,0.8738,-4.2833,147.7298,0.69372
2014-09-24T01:50:16Z,428.1,-8.9989,10.3474,0.8855,131.013,0.21562,0.10209,0.08071,0.7835,-4.2558,147.6564,0.67897
2014-09-24T01:50:17Z,427.989,-9.3182,10.1681,0.6701,132.503,0.22145,0.09066,0.06228,0.7841,-4.2915,147.5643,0.70656
2014-09-24T01:50:18Z,428.4,-9.2203,10.3321,0.8434,131.745,0.27236,0.0968,0.09351,0.8517,-4.3664,147.6412,0.70218
2014-09-24T01:50:19Z,429.324,-9.5216,10.2217,0.7358,132.969,0.25103,0.08724,0.06198,0.7147,-4.1794,147.6864,0.67821
2014-09-24T01:50:20Z,428.887,-9.4029,10.1919,0.8718,132.694,0.26514,0.13574,0.06185,0.6732,-4.1895,147.4599,0.7056
2014-09-24T01:50:21Z,429.396,-9.4435,10.0756,0.846,133.145,0.20678,0.10008,0.06662,0.79,-4.4116,147.4815,0.69559
2014-09-24T01:50:22Z,429.13,-9.1383,10.1556,0.9224,131.982,0.25629,0.10591,0.08762,0.9515,-4.231,147.5681,0.70637
2014-09-24T01:50:23Z,429.302,-9.4595,10.2852,0.9546,132.605,0.21588,0.10607,0.08212,0.8174,-4.2178,147.4553,0.69954
2014-09-24T01:50:24Z,428.755,-9.2761,10.0894,0.8941,132.595,0.20698,0.07472,0.02483,0.9286,-4.2661,147.4488,0.68855
2014-09-24T01:50:25Z,429.295,-9.4975,10.1598,0.9339,133.07,0.24663,0.10307,0.07274,0.9581,-4.0682,147.5254,0.70012
2014-09-24T01:50:26Z,429.409,-9.481,10.0731,0.8127,133.266,0.24661,0.12686,0.06013,0.9526,-4.0725,147.6616,0.69324
2014-09-24T01:50:27Z,428.994,-9.4671,10.075,1.1302,133.218,0.24247,0.13707,0.04942,0.8516,-4.2574,147.6548,0.69117
2014-09-24T01:50:28Z,429.434,-9.2485,10.2982,0.7257,131.926,0.25931,0.0715,0.01072,1.002,-4.2406,147.5847,0.70844
2014-09-24T01:50:29Z,429.478,-9.7382,10.2064,0.7948,133.655,0.26345,0.06217,0.01731,0.9614,-4.2455,147.5657,0.70519
2014-09-24T01:50:30Z,429.129,-9.6687,10.0276,0.9379,133.956,0.27858,0.10163,0.04747,1.1519,-4.2627,147.7516,0.71462
2014-09-24T01:50:31Z,428.97,-9.7786,10.0359,0.923,134.256,0.21231,0.12774,0.02074,1.1271,-4.2829,147.484,0.70008
2014-09-24T01:50:32Z,428.991,-9.6635,9.885,0.8965,134.351,0.27984,0.10893,0.04953,1.0256,-4.1642,147.5573,0.69614
2014-09-24T01:50:33Z,429.477,-9.6324,9.9473,0.9149,134.079,0.28958,0.11688,0.07676,1.218,-4.0432,147.4695,0.70958
2014-09-24T01:50:34Z,429.603,-9.7658,10.0054,0.6389,134.306,0.23359,0.0658,0.04515,1.1244,-4.0715,147.3949,0.69844
2014-09-24T01:50:35Z,429.253,-9.6503,10.076,1.0063,133.764,0.20125,0.08544,0.06253,0.9832,-4.1278,147.6374,0.70329
2014-09-24T01:50:36Z,429.582,-9.8539,10.0449,0.8268,134.45,0.20859,0.04476,0.03446,1.1307,-4.3789,147.4837,0.71064
2014-09-24T01:50:37Z,429.814,-9.7165,9.751,0.9715,134.898,0.23185,0.09603,0.06945,1.2877,-4.3308,147.5791,0.70612
2014-09-24T01:50:38Z,429.872,-9.3971,10.0502,0.6435,133.077,0.29397,0.04541,0.07546,1.111,-4.0918,147.4803,0.70393
2014-09-24T01:50:39Z,430.241,-9.5277,9.8741,0.8722,133.977,0.24425,0.13276,0.02795,1.1908,-4.0427,147.625,0.69733
2014-09-24T01:50:40Z,430.186,-9.5744,9.7264,0.7902,134.549,0.22861,0.13823,0.0455,1.1071,-4.1232,147.3961,0.71678
2014-09-24T01:50:41Z,429.43,-9.7724,10.0674,0.9042,134.148,0.22711,0.1028,0.03339,1.1393,-4.1871,147.6076,0.70709
2014-09-24T01:50:42Z,430.412,-9.8588,10.0654,0.878,134.406,0.21138,0.06138,0.07857,1.188,-4.0497,147.5761,0.71574
2014-09-24T01:50:43Z,429.678,-9.8185,9.8777,0.8833,134.828,0.26652,0.10851,0.07071,1.1758,-4.0928,147.3028,0.71546
2014-09-24T01:50:44Z,430.272,-9.6634,9.9264,0.7404,134.231,0.24256,0.14551,0.06614,1.2437,-4.0573,147.4261,0.7211
2014-09-24T01:50:45Z,429.971,-9.5427,9.924,0.8408,133.878,0.29756,0.11083,0.06495,1.4512,-4.2919,147.5755,0.71129
2014-09-24T01:50:46Z,429.845,-9.5522,10.0058,0.8285,133.672,0.26097,0.12848,0.077,1.3282,-4.1111,147.6327,0.71121
2014-09-24T01:50:47Z,429.398,-9.6101,9.8955,0.8963,134.162,0.26622,0.08663,0.07827,1.4127,-3.9917,147.5362,0.70596
2014-09-24T01:50:48Z,430.012,-9.8243,9.5689,0.9452,135.754,0.23961,0.07689,0.05808,1.4558,-4.0865,147.4206,0.71133
2014-09-24T01:50:49Z,429.568,-9.727,10.0594,0.8616,134.038,0.21859,0.0968,0.05535,1.2984,-4.0479,147.3591,0.71925
2014-09-24T01:50:50Z,430.494,-9.7854,9.8971,0.7182,134.675,0.22422,0.05031,0.07053,1.339,-4.1158,147.5084,0.71086
2014-09-24T01:50:51Z,430.728,-9.7792,9.6454,0.8564,135.395,0.21202,0.15498,0.06803,1.4851,-4.1053,147.4049,0.72081
2014-09-24T01:50:52Z,429.959,-9.463,9.5597,1.1072,134.709,0.26921,0.10177,0.12506,1.3912,-3.9965,147.4049,0.73091
2014-09-24T01:50:53Z,430.385,-10.0431,9.773,1.0104,135.781,0.23702,0.11985,0.06472,1.516,-4.1573,147.4167,0.71652
2014-09-24T01:50:54Z,430.067,-9.83,9.6443,0.5485,135.546,0.27064,0.08654,0.08233,1.6121,-4.16,147.5231,0.71049
2014-09-24T01:50:55Z,430.143,-9.626,9.7213,0.8522,134.718,0.25042,0.0594,0.0875,1.3793,-4.1318,147.6115,0.71862
2014-09-24T01:50:56Z,430.675,-10.0371,9.7656,0.9386,135.785,0.23989,0.13352,0.11164,1.4848,-4.0865,147.5294,0.71149
2014-09-24T01:50:57Z,430.432,-9.9291,9.5572,0.8273,136.093,0.21816,0.06966,0.05711,1.515,-4.2121,147.4236,0.7345
2014-09-24T01:50:58Z,431.096,-9.9203,9.4561,0.799,136.372,0.25512,0.10638,0.11165,1.5061,-4.0196,147.3287,0.72546
2014-09-24T01:50:59Z,430.359,-9.8935,9.6732,0.8188,135.645,0.2423,0.10862,0.07525,1.5168,-4.086,147.4814,0.71993
2014-09-24T01:51:00Z,430.919,-10.1085,9.5173,0.9003,136.725,0.27051,0.09929,0.14223,1.5431,-3.9994,147.5772,0.72226
2014-09-24T01:51:01Z,430.645,-9.7954,9.6075,0.7303,135.555,0.23025,0.07771,0.08953,1.5982,-4.232,147.5071,0.71827
2014-09-24T01:51:02Z,430.931,-9.7959,9.3682,0.9638,136.279,0.26372,0.09347,0.05051,1.6294,-3.9886,147.4237,0.73682
2014-09-24T01:51:03Z,430.537,-9.836,9.521,0.8395,135.932,0.28952,0.07334,0.07707,1.7092,-3.945,147.3501,0.74443
2014-09-24T01:51:04Z,430.717,-10.0548,9.6509,0.7515,136.174,0.2555,0.11721,0.11618,1.6474,-4.0115,147.4297,0.7188
2014-09-24T01:51:05Z,430.736,-9.9245,9.6205,0.9573,135.891,0.2685,0.11115,0.08558,1.7552,-4.0389,147.5068,0.74012
2014-09-24T01:51:06Z,430.525,-10.0873,9.3991,0.6905,137.023,0.26334,0.09621,0.08281,1.6346,-3.9667,147.4108,0.73084
2014-09-24T01:51:07Z,431.09,-10.0112,9.324,0.789,137.035,0.29668,0.08241,0.10305,1.6018,-3.9288,147.3735,0.74398
2014-09-24T01:51:08Z,431.127,-9.6512,9.4875,0.7873,135.49,0.25869,0.14918,0.07721,1.6894,-3.9833,147.3115,0.72022
2014-09-24T01:51:09Z,431.149,-9.973,9.5552,1.0588,136.226,0.26708,0.06382,0.08134,1.7665,-3.9719,147.6354,0.73774
2014-09-24T01:51:10Z,431.52,-10.1758,9.5151,0.7756,136.922,0.24886,0.05764,0.06375,1.8139,-3.8817,147.2838,0.73373
2014-09-24T01:51:11Z,431.53,-9.9838,9.3635,0.6285,136.836,0.23058,0.09408,0.13136,1.8773,-3.9479,147.2709,0.74333
2014-09-24T01:51:12Z,430.933,-10.2315,9.4754,0.7862,137.197,0.21991,0.08955,0.05834,1.7989,-4.0674,147.3821,0.73962
2014-09-24T01:51:13Z,431.236,-10.2193,9.6399,0.8896,136.671,0.28197,0.12331,0.0939,1.851,-3.8965,147.342,0.74038
2014-09-24T01:51:14Z,430.928,-10.2112,9.4336,0.9226,137.267,0.22526,0.11189,0.10243,1.9152,-4.0022,147.461,0.74043
2014-09-24T01:51:15Z,431.196,-10.1328,9.1418,1.0717,137.943,0.26929,0.09635,0.09086,1.7581,-3.9841,147.4609,0.75485
2014-09-24T01:51:16Z,431.019,-9.9401,9.4045,0.9847,136.586,0.26122,0.10798,0.06061,1.8182,-3.9726,147.2303,0.74204
2014-09-24T01:51:17Z,431.836,-10.0005,9.6606,0.8622,135.99,0.27394,0.1074,0.06776,2.0711,-3.8981,147.2728,0.75144
2014-09-24T01:51:18Z,431.438,-10.025,9.1497,0.7545,137.614,0.23831,0.1478,0.10655,1.9321,-3.8301,147.2574,0.75064
2014-09-24T01:51:19Z,431.275,-10.2827,9.3344,1.0061,137.768,0.23158,0.10141,0.07476,1.9185,-3.9624,147.4201,0.75382
2014-09-24T01:51:20Z,431.81,-10.2078,9.278,0.8064,137.732,0.26099,0.07791,0.04321,1.963,-3.8202,147.3811,0.73968
2014-09-24T01:51:21Z,430.674,-10.1079,9.3204,0.7782,137.321,0.24439,0.09976,0.10545,1.7984,-3.9398,147.2979,0.75455
2014-09-24T01:51:22Z,430.769,-10.2552,9.3203,0.8021,137.734,0.2211,0.02919,0.07473,1.867,-3.8351,147.3534,0.75268
2014-09-24T01:51:23Z,431.794,-10.2075,9.4406,0.7179,137.235,0.30052,0.0937,0.11308,1.8511,-3.9257,147.2159,0.74157
2014-09-24T01:51:24Z,431.577,-10.1142,9.2697,0.7967,137.495,0.23244,0.1217,0.09302,1.9787,-3.9752,147.2511,0.75048
2014-09-24T01:51:25Z,431.685,-10.2448,9.4336,0.8198,137.361,0.22756,0.10928,0.09258,1.9287,-3.7763,147.1923,0.77163
2014-09-24T01:51:26Z,431.173,-10.1756,9.2138,0.9164,137.84,0.24653,0.10155,0.10089,1.9786,-3.9713,147.3337,0.75123
2014-09-24T01:51:27Z,431.67,-9.9795,9.1611,0.8041,137.448,0.28408,0.11017,0.07188,1.9587,-3.9708,147.3303,0.75252
2014-09-24T01:51:28Z,432.421,-10.2511,9.0936,0.7156,138.424,0.19877,0.12137,0.08047,1.8659,-4.0131,147.2146,0.76015
2014-09-24T01:51:29Z,432.049,-10.0642,8.9098,0.6822,138.482,0.28236,0.12928,0.09537,2.0791,-3.8053,147.3522,0.75331
2014-09-24T01:51:30Z,431.86,-10.1716,9.2108,0.8636,137.838,0.2305,0.10468,0.07401,1.8793,-3.7806,147.4128,0.75984
2014-09-24T01:51:31Z,431.688,-10.4898,9.4645,0.8499,137.941,0.26008,0.08544,0.12123,1.974,-3.8651,147.2011,0.75621
2014-09-24T01:51:32Z,431.744,-10.4474,9.2104,0.7871,138.601,0.23674,0.03536,0.09645,1.9386,-3.9677,147.2686,0.7641
2014-09-24T01:51:33Z,431.178,-10.4244,9.2344,0.7961,138.464,0.30362,0.1175,0.06866,1.9849,-3.8836,147.3497,0.76146
2014-09-24T01:51:34Z,432.054,-10.4333,9.0488,0.8811,139.065,0.25711,0.10577,0.09168,2.0827,-3.9013,147.2949,0.77864
2014-09-24T01:51:35Z,432.3,-10.3294,9.058,0.9811,138.752,0.23648,0.09655,0.10894,2.1765,-3.9536,147.1555,0.76445
2014-09-24T01:51:36Z,431.493,-10.2429,9.2337,0.7645,137.966,0.24683,0.07538,0.09601,1.9637,-3.9042,147.2459,0.76336
2014-09-24T01:51:37Z,431.854,-10.1566,9.3703,0.8511,137.306,0.25678,0.11656,0.11792,2.0547,-3.8186,147.2399,0.77443
2014-09-24T01:51:38Z,431.721,-10.3124,9.2787,0.938,138.02,0.25916,0.08584,0.12303,1.9698,-3.9015,147.2675,0.75612
2014-09-24T01:51:39Z,431.829,-10.4372,9.1611,0.7644,138.726,0.26587,0.09125,0.16947,2.0716,-3.8236,147.2691,0.78182
2014-09-24T01:51:40Z,432.226,-10.6921,9.0283,0.8402,139.823,0.25505,0.09055,0.13895,2.1358,-3.983,147.4359,0.76141
2014-09-24T01:51:41Z,431.518,-10.3876,9.045,0.8383,138.952,0.22084,0.10304,0.07003,2.2014,-3.7004,147.2559,0.77988
2014-09-24T01:51:42Z,432.503,-10.3989,8.8791,0.7103,139.508,0.24694,0.06292,0.10268,1.9802,-3.86,147.1023,0.78301
2014-09-24T01:51:43Z,432.593,-10.3871,8.7597,0.8581,139.858,0.2708,0.10554,0.10578,2.2032,-3.7529,147.2807,0.76816
2014-09-24T01:51:44Z,432.281,-10.1137,8.7956,0.8446,138.988,0.23907,0.07329,0.12757,2.0906,-3.8012,147.4439,0.76993
2014-09-24T01:51:45Z,431.541,-10.2622,8.9627,0.8973,138.867,0.27282,0.074,0.09061,2.0802,-3.7779,147.25,0.77348
2014-09-24T01:51:46Z,432.101,-10.3384,8.8929,0.7227,139.298,0.25698,0.11312,0.10141,2.1918,-3.8945,147.2205,0.78031
2014-09-24T01:51:47Z,432.922,-10.6063,8.696,0.8418,140.652,0.25093,0.06594,0.08434,2.2452,-3.8586,147.2314,0.76833
2014-09-24T01:51:48Z,431.558,-10.5626,8.9057,0.9798,139.864,0.28642,0.11274,0.10114,2.1955,-3.8505,147.318,0.7764
2014-09-24T01:51:49Z,432.449,-10.505,8.8427,1.0487,139.91,0.2133,0.09302,0.10282,2.1243,-3.7832,147.2263,0.77571
2014-09-24T01:51:50Z,432.198,-10.6216,8.7017,0.9691,140.674,0.24006,0.04911,0.10987,2.2117,-3.6728,147.1034,0.76995
2014-09-24T01:51:51Z,432.933,-10.4365,8.8023,0.7228,139.855,0.28795,0.12426,0.08878,2.1696,-3.7379,147.1856,0.77172
2014-09-24T01:51:52Z,432.456,-10.4744,8.7984,0.8858,139.97,0.30308,0.09774,0.14374,2.2835,-3.8383,147.2441,0.78202
2014-09-24T01:51:53Z,432.874,-10.7001,8.7364,0.7921,140.769,0.31468,0.09967,0.13174,2.3286,-3.7529,147.302,0.78278
2014-09-24T01:51:54Z,432.97,-10.3689,8.9526,0.8686,139.192,0.25898,0.11482,0.08446,2.3307,-3.76,147.188,0.77668
2014-09-24T01:51:55Z,433.455,-10.5414,8.5101,0.7626,141.086,0.26936,0.12695,0.12207,2.2552,-3.7752,147.2146,0.7843
2014-09-24T01:51:56Z,432.782,-10.8339,8.4876,0.6689,141.924,0.27855,0.09433,0.08304,2.3533,-3.742,147.2466,0.77935
2014-09-24T01:51:57Z,433.025,-10.5926,8.7695,0.8055,140.379,0.29019,0.10456,0.15647,2.1884,-3.6732,147.1624,0.79583
2014-09-24T01:51:58Z,432.413,-10.56,8.7729,0.9126,140.281,0.26634,0.09823,0.16401,2.419,-3.7855,147.229,0.78538
2014-09-24T01:51:59Z,433.39,-10.4604,8.7976,0.8684,139.935,0.28187,0.08021,0.123,2.2004,-3.7491,147.2829,0.79581
2014-09-24T01:52:00Z,432.747,-10.6745,8.6457,0.8803,140.995,0.27041,0.04902,0.10382,2.126,-3.6364,147.1156,0.77429
2014-09-24T01:52:01Z,432.857,-10.511,8.5733,0.8615,140.798,0.27218,0.0938,0.10927,2.4033,-3.6709,147.2631,0.7912
2014-09-24T01:52:02Z,433.086,-10.6174,8.6935,0.88,140.689,0.23637,0.12273,0.11527,2.2427,-3.5996,147.1216,0.79416
2014-09-24T01:52:03Z,432.586,-10.859,8.6169,0.8928,141.567,0.2513,0.10266,0.12469,2.3141,-3.5805,147.1218,0.78905
2014-09-24T01:52:04Z,433.253,-10.8806,8.8964,0.8119,140.729,0.24667,0.06121,0.16236,2.2274,-3.7977,147.1607,0.78658
2014-09-24T01:52:05Z,433.552,-10.5096,8.5982,0.8473,140.712,0.23023,0.11516,0.15272,2.5037,-3.6592,147.3618,0.79039
2014-09-24T01:52:06Z,433.356,-10.5123,8.6253,1.0134,140.631,0.21887,0.07981,0.15384,2.465,-3.7163,147.0521,0.79827
2014-09-24T01:52:07Z,432.737,-10.6605,8.9938,0.8536,139.847,0.24978,0.03506,0.13457,2.4473,-3.7649,147.1756,0.78334
2014-09-24T01:52:08Z,433.29,-10.492,8.5747,0.8433,140.742,0.25399,0.11263,0.1022,2.3348,-3.7255,147.2177,0.7993
2014-09-24T01:52:09Z,433.633,-10.567,8.67,0.849,140.632,0.26343,0.06337,0.11252,2.4101,-3.6798,147.3355,0.7969
2014-09-24T01:52:10Z,432.756,-10.6424,8.6745,0.8174,140.817,0.27491,0.13134,0.13403,2.3311,-3.6726,147.412,0.7929
2014-09-24T01:52:11Z,433.077,-10.8909,8.6701,0.7954,141.477,0.26594,0.11534,0.10321,2.4286,-3.691,147.1735,0.79387
2014-09-24T01:52:12Z,433.799,-10.5004,8.584,0.8592,140.734,0.25504,0.08077,0.14157,2.3093,-3.6368,147.2682,0.79671
2014-09-24T01:52:13Z,433.627,-10.693,8.5558,0.7878,141.336,0.2388,0.09776,0.15483,2.4719,-3.4332,147.2033,0.81007
2014-09-24T01:52:14Z,433.716,-10.8425,8.5261,0.8237,141.82,0.28383,0.14669,0.14907,2.3111,-3.7603,147.2013,0.80015
2014-09-24T01:52:15Z,434.263,-10.8922,8.406,0.7588,142.341,0.25959,0.11091,0.1488,2.3228,-3.5245,147.2374,0.79037
2014-09-24T01:52:16Z,433.815,-10.7691,8.5292,0.8488,141.621,0.25152,0.09168,0.09024,2.3156,-3.6102,147.0502,0.79496
2014-09-24T01:52:17Z,433.921,-11.0692,8.7689,0.8963,141.614,0.25793,0.15777,0.17096,2.3705,-3.6369,147.2026,0.78979
2014-09-24T01:52:18Z,434.68,-10.719,8.6261,0.8161,141.175,0.2445,0.0883,0.09916,2.326,-3.7566,147.2513,0.78432
2014-09-24T01:52:19Z,433.696,-10.9872,8.4814,0.637,142.334,0.24979,0.09972,0.13526,2.3977,-3.5273,147.119,0.79061
2014-09-24T01:52:20Z,433.531,-10.8018,8.5502,0.8969,141.636,0.24923,0.06159,0.15526,2.3217,-3.6967,147.2495,0.80132
2014-09-24T01:52:21Z,433.999,-10.9434,8.2732,0.8495,142.911,0.25634,0.04294,0.14949,2.4247,-3.5083,147.0298,0.81098
2014-09-24T01:52:22Z,434.043,-10.9162,8.3491,0.7381,142.59,0.28016,0.07742,0.1093,2.484,-3.4284,147.2109,0.80916
2014-09-24T01:52:23Z,433.744,-11.0043,8.5171,0.9148,142.261,0.27418,0.08539,0.11451,2.3695,-3.6634,147.3347,0.79235
2014-09-24T01:52:24Z,433.607,-10.9279,8.5837,0.6977,141.851,0.30292,0.09248,0.14987,2.5414,-3.4604,147.1776,0.79558
2014-09-24T01:52:25Z,434.816,-10.6216,8.2219,0.9412,142.258,0.29479,0.04856,0.15618,2.4544,-3.5449,147.1007,0.7948
2014-09-24T01:52:26Z,434.162,-10.7146,8.2541,0.8313,142.391,0.31365,0.10039,0.11645,2.5354,-3.7076,147.055,0.78198
2014-09-24T01:52:27Z,433.83,-10.8836,8.6407,0.6102,141.553,0.27897,0.06292,0.15466,2.3594,-3.6295,147.2357,0.8016
2014-09-24T01:52:28Z,434.447,-10.9469,8.3087,0.8545,142.802,0.27882,0.09871,0.10769,2.2311,-3.5118,147.2886,0.80966
2014-09-24T01:52:29Z,434.127,-10.8309,8.5546,0.7961,141.697,0.25331,0.10668,0.16189,2.307,-3.487,147.1893,0.80148
2014-09-24T01:52:30Z,434.116,-10.7997,8.2969,0.781,142.467,0.2864,0.07323,0.1249,2.3144,-3.6385,147.1478,0.7936
2014-09-24T01:52:31Z,434.441,-11.1024,8.2854,0.7626,143.267,0.24961,0.05883,0.14973,2.2855,-3.5025,147.0003,0.79721
2014-09-24T01:52:32Z,433.831,-11.0063,8.1913,0.824,143.342,0.22951,0.12133,0.14624,2.1849,-3.4321,147.2051,0.80155
2014-09-24T01:52:33Z,434.446,-11.2742,8.3592,0.7877,143.445,0.30469,0.10437,0.17816,2.4411,-3.4111,147.1231,0.81052
2014-09-24T01:52:34Z,435.031,-10.8389,8.4024,0.6501,142.217,0.23557,0.08616,0.1559,2.2087,-3.5169,147.1282,0.80306
2014-09-24T01:52:35Z,434.564,-10.7132,8.0311,0.9632,143.143,0.27803,0.11888,0.13558,2.4299,-3.4417,147.3524,0.80975
2014-09-24T01:52:36Z,434.309,-11.0246,8.1197,0.8116,143.628,0.24532,0.08406,0.16026,2.5284,-3.3839,147.01,0.80414
2014-09-24T01:52:37Z,434.302,-11.3668,8.2945,0.7628,143.881,0.29577,0.06627,0.20554,2.2889,-3.3944,147.0228,0.80679
2014-09-24T01:52:38Z,434.375,-10.9675,8.1219,0.723,143.478,0.29945,0.05655,0.17119,2.3797,-3.3841,147.2123,0.79745
2014-09-24T01:52:39Z,434.469,-11.205,8.0513,0.9128,144.301,0.28138,0.07871,0.15191,2.314,-3.4392,147.1501,0.79955
2014-09-24T01:52:40Z,434.465,-11.1803,8.2614,0.7058,143.539,0.29959,0.10051,0.13326,2.4091,-3.4487,147.1364,0.79503
2014-09-24T01:52:41Z,434.957,-10.9939,8.2569,0.8486,143.092,0.26889,0.11577,0.13939,2.2442,-3.4122,147.2151,0.80991
2014-09-24T01:52:42Z,434.068,-11.0688,8.0141,0.7773,144.094,0.32485,0.08142,0.1725,2.3258,-3.4879,147.2131,0.80276
2014-09-24T01:52:43Z,435.016,-11.1832,8.0919,0.7824,144.111,0.28793,0.11097,0.13406,2.4224,-3.3306,147.0899,0.77629
2014-09-24T01:52:44Z,434.62,-11.2222,7.8658,0.7248,144.973,0.24705,0.07509,0.15697,2.325,-3.5348,147.1278,0.80888
2014-09-24T01:52:45Z,434.924,-11.1145,7.8953,0.7728,144.611,0.2716,0.06072,0.19355,2.1945,-3.4454,147.1917,0.81276
2014-09-24T01:52:46Z,434.436,-11.2103,8.0358,0.836,144.366,0.26634,0.04741,0.16206,2.4198,-3.4007,147.2033,0.79839
2014-09-24T01:52:47Z,435.335,-11.3186,8.0007,0.858,144.745,0.26419,0.06722,0.13202,2.2123,-3.353,147.2347,0.80863
2014-09-24T01:52:48Z,435.345,-11.2132,7.8353,0.7558,145.056,0.22932,0.04797,0.21414,2.3176,-3.3307,147.128,0.80298
2014-09-24T01:52:49Z,435.283,-11.1241,7.8578,0.8252,144.764,0.28072,0.12973,0.20445,2.353,-3.2569,147.2209,0.78758
2014-09-24T01:52:50Z,434.456,-11.2201,7.795,0.9236,145.211,0.2367,0.09028,0.17361,2.3108,-3.3624,147.2812,0.81998
2014-09-24T01:52:51Z,435.315,-11.409,8.0021,0.6678,144.955,0.20852,0.07672,0.19367,2.4988,-3.4188,147.1909,0.80255
2014-09-24T01:52:52Z,435.206,-11.0607,7.6237,0.8334,145.423,0.26336,0.12196,0.15579,2.349,-3.3656,147.1759,0.80559
2014-09-24T01:52:53Z,434.541,-11.6368,7.7556,0.7393,146.318,0.25337,0.04616,0.18127,2.2683,-3.3722,147.1627,0.79877
2014-09-24T01:52:54Z,435.133,-11.2988,7.6086,0.7286,146.044,0.25105,0.0751,0.15326,2.3267,-3.2977,147.1247,0.80116
2014-09-24T01:52:55Z,435.308,-11.3344,7.9341,0.8598,145.008,0.19532,0.12833,0.13065,2.2891,-3.4173,147.0928,0.80457
2014-09-24T01:52:56Z,435.413,-11.2292,7.5845,0.779,145.964,0.25195,0.07454,0.23002,2.2694,-3.3385,147.157,0.79466
2014-09-24T01:52:57Z,435.32,-11.179,7.8446,0.7118,144.942,0.2692,0.13912,0.13074,2.2787,-3.1873,147.2321,0.81626
2014-09-24T01:52:58Z,435.398,-11.1045,8.0696,0.9658,143.994,0.25801,0.0974,0.17403,2.2176,-3.2953,147.0984,0.80911
2014-09-24T01:52:59Z,435.85,-11.3874,8.0562,0.925,144.722,0.28388,0.11022,0.17442,2.2623,-3.3865,147.18,0.80621
2014-09-24T01:53:00Z,435.802,-11.2039,7.5188,0.6397,146.135,0.30934,0.11075,0.18085,2.1976,-3.322,147.1688,0.8006
2014-09-24T01:53:01Z,434.408,-11.2857,7.8272,0.6863,145.257,0.28776,0.07723,0.16639,2.0789,-3.466,147.3661,0.79528
2014-09-24T01:53:02Z,435.339,-11.5745,7.6127,0.8924,146.667,0.30085,0.06479,0.16733,2.3141,-3.2846,147.261,0.80923
2014-09-24T01:53:03Z,435.431,-11.0427,7.5657,0.8044,145.584,0.30326,0.07392,0.17345,2.1698,-3.1406,147.2599,0.80549
2014-09-24T01:53:04Z,434.914,-11.559,7.715,0.9832,146.279,0.2504,0.05194,0.18266,2.2182,-3.3598,147.2817,0.797
2014-09-24T01:53:05Z,435.599,-11.285,7.8963,0.8942,145.019,0.28719,0.07477,0.17129,2.1378,-3.3739,147.1357,0.79109
2014-09-24T01:53:06Z,436.041,-11.2963,7.7835,0.8622,145.432,0.30144,0.07612,0.1703,2.1317,-3.3021,147.3285,0.78672
2014-09-24T01:53:07Z,435.262,-11.3312,7.5752,0.7304,146.236,0.26601,0.11827,0.13965,2.0983,-3.1686,147.2074,0.7991
2014-09-24T01:53:08Z,435.798,-11.4527,7.7691,0.8813,145.848,0.2575,0.09068,0.22369,2.2484,-3.0984,147.1877,0.7964
2014-09-24T01:53:09Z,435.398,-11.2687,7.3133,0.7048,147.017,0.29088,0.13473,0.18741,2.2587,-3.1913,147.0714,0.8074
2014-09-24T01:53:10Z,435.522,-11.6365,7.5203,0.9627,147.127,0.24093,0.02148,0.17991,2.1563,-3.3225,147.1534,0.80535
2014-09-24T01:53:11Z,436.313,-11.4159,7.489,0.8738,146.734,0.25113,0.04485,0.15974,2.1018,-3.2138,147.0178,0.79721
2014-09-24T01:53:12Z,435.644,-11.5073,7.6125,0.7494,146.514,0.26203,0.06621,0.15093,1.9996,-3.0613,147.1703,0.79572
2014-09-24T01:53:13Z,436.034,-11.5314,7.552,0.912,146.779,0.29033,0.11221,0.19818,2.1888,-3.2217,147.1384,0.78661
2014-09-24T01:53:14Z,435.255,-11.3831,7.5499,1.0561,146.445,0.28491,0.07197,0.17335,2.061,-3.178,147.1571,0.80376
2014-09-24T01:53:15Z,436.6,-11.2843,7.521,0.8092,146.317,0.30562,0.03783,0.19353,2.0154,-3.1624,147.0592,0.79425
2014-09-24T01:53:16Z,436.197,-11.5116,7.537,0.8862,146.786,0.25714,0.06821,0.14486,2.0967,-3.2976,147.2692,0.79897
2014-09-24T01:53:17Z,435.961,-11.3557,7.6001,0.788,146.207,0.25617,0.04421,0.21799,2.057,-3.0865,147.2591,0.80295
2014-09-24T01:53:18Z,436.264,-11.4732,7.5237,0.8394,146.745,0.29404,0.03912,0.20251,1.9515,-3.0903,147.3699,0.78841
2014-09-24T01:53:19Z,435.607,-11.6309,7.4464,0.6805,147.372,0.26136,0.12374,0.1786,1.9514,-3.3104,147.3681,0.7857
2014-09-24T01:53:20Z,436.552,-11.5377,7.5278,0.8305,146.877,0.26663,0.06479,0.19298,2.0776,-3.2497,147.2187,0.81145
2014-09-24T01:53:21Z,436.063,-11.5588,7.5783,0.8351,146.75,0.23569,0.07773,0.20046,1.9868,-3.2132,147.3066,0.79582
2014-09-24T01:53:22Z,436.143,-11.6281,7.3544,1.0105,147.688,0.28977,0.07089,0.14916,2.0685,-3.068,147.2316,0.78819
2014-09-24T01:53:23Z,436.08,-11.4703,7.4132,0.651,147.126,0.32143,0.06674,0.22518,2.0277,-3.1802,147.164,0.79969
2014-09-24T01:53:24Z,436.087,-11.5097,7.5803,0.8023,146.631,0.25756,0.05182,0.19596,2.0878,-3.0803,147.1802,0.78664
2014-09-24T01:53:25Z,436.571,-11.7895,7.2217,0.9588,148.51,0.30924,0.06489,0.16692,1.9253,-3.1192,147.2732,0.79104
2014-09-24T01:53:26Z,436.455,-11.81,7.6424,0.8058,147.093,0.28262,0.0809,0.15776,1.9982,-3.0913,147.6195,0.78321
2014-09-24T01:53:27Z,436.632,-11.5073,7.1537,0.8126,148.132,0.24037,0.10775,0.21049,2.0182,-3.0495,147.3288,0.78694
2014-09-24T01:53:28Z,436.438,-11.7054,7.2877,0.7465,148.094,0.26255,0.09579,0.19173,1.9044,-3.0596,147.2382,0.78419
2014-09-24T01:53:29Z,436.659,-11.546,7.1796,0.7363,148.126,0.26142,0.04144,0.19916,2.0319,-3.0752,147.2634,0.77967
2014-09-24T01:53:30Z,436.37,-11.4871,7.6358,0.647,146.387,0.27784,0.09645,0.1884,1.7954,-3.0397,147.264,0.78692
2014-09-24T01:53:31Z,437.335,-11.7963,7.2104,0.766,148.565,0.29666,0.08344,0.1633,1.8489,-3.0407,147.209,0.77915
2014-09-24T01:53:32Z,436.043,-11.8394,7.2019,0.7307,148.688,0.33282,0.05575,0.20172,1.7659,-3.067,147.2953,0.78815
2014-09-24T01:53:33Z,437.071,-11.3773,7.1994,0.8407,147.675,0.25125,0.07574,0.1847,1.8299,-3.0769,147.2058,0.78038
2014-09-24T01:53:34Z,437.146,-11.5852,7.2527,0.7499,147.952,0.27534,0.08531,0.18972,1.8627,-2.8842,147.1218,0.76833
2014-09-24T01:53:35Z,436.407,-11.7177,7.177,0.7811,148.513,0.26549,0.072,0.25032,1.9278,-3.0622,147.2729,0.78632
2014-09-24T01:53:36Z,437.523,-11.7949,7.1838,0.783,148.656,0.25663,0.08265,0.21325,1.8348,-2.9096,147.288,0.78572
2014-09-24T01:53:37Z,437.128,-11.745,6.6603,0.8236,150.443,0.29115,0.04889,0.21532,1.7855,-3.0659,147.2137,0.79791
2014-09-24T01:53:38Z,437.157,-11.8569,7.1819,0.7754,148.796,0.28924,0.1201,0.26079,1.6948,-2.9384,147.2611,0.77928
2014-09-24T01:53:39Z,436.865,-11.5585,7.1613,0.7222,148.219,0.24431,0.02187,0.20301,1.7072,-2.8527,147.328,0.77986
2014-09-24T01:53:40Z,436.816,-11.818,7.2984,0.8369,148.302,0.29055,0.08437,0.19701,1.8145,-3.0145,147.2287,0.78147
2014-09-24T01:53:41Z,436.856,-11.5471,7.3224,0.9349,147.62,0.26042,0.07892,0.17766,1.8454,-3.033,147.1911,0.78505
2014-09-24T01:53:42Z,437.104,-11.7789,7.0802,0.8407,148.99,0.2913,0.08565,0.18394,1.7264,-3.006,147.1669,0.7838
2014-09-24T01:53:43Z,437.495,-11.8817,7.2123,0.7665,148.742,0.3232,0.05169,0.1447,1.8418,-2.9653,147.2144,0.77794
2014-09-24T01:53:44Z,437.105,-11.8027,6.9104,0.8154,149.651,0.3035,0.09845,0.21625,1.6537,-2.9301,147.3954,0.77437
2014-09-24T01:53:45Z,436.76,-12.1454,7.1763,0.6227,149.423,0.29683,0.06635,0.16543,1.6831,-2.9512,147.2241,0.78063
2014-09-24T01:53:46Z,437.404,-11.7739,6.9554,0.8133,149.428,0.27964,0.03921,0.22028,1.6743,-2.9736,147.2821,0.77254
2014-09-24T01:53:47Z,437.475,-11.7905,6.8468,0.7871,149.856,0.295,0.04133,0.19725,1.8055,-2.7757,147.2159,0.76207
2014-09-24T01:53:48Z,437.419,-11.6516,6.9805,0.7337,149.074,0.30789,0.07164,0.20213,1.678,-2.9402,147.2095,0.75962
2014-09-24T01:53:49Z,437.488,-12.0675,7.2016,0.7517,149.172,0.30589,0.02844,0.19848,1.5075,-2.9658,147.1649,0.76854
2014-09-24T01:53:50Z,437.17,-11.623,7.004,0.786,148.927,0.29228,0.11319,0.23479,1.7114,-2.8418,147.2651,0.7711
2014-09-24T01:53:51Z,436.976,-11.6857,7.1859,0.9262,148.411,0.30068,0.09423,0.23098,1.7667,-2.8326,147.2057,0.78917
2014-09-24T01:53:52Z,437.035,-11.6302,6.8324,0.9361,149.567,0.26282,0.11351,0.20062,1.5827,-2.7793,147.3872,0.7677
2014-09-24T01:53:53Z,436.803,-11.8378,7.0866,0.7341,149.093,0.27786,0.1107,0.17947,1.5144,-2.7301,147.2515,0.76829
2014-09-24T01:53:54Z,437.495,-11.6811,6.8114,0.7745,149.753,0.3144,0.0587,0.22564,1.6387,-2.8487,147.2602,0.76395
2014-09-24T01:53:55Z,437.42,-12.0643,6.9269,0.777,150.137,0.31826,0.04559,0.17877,1.7099,-2.8914,147.2492,0.77141
2014-09-24T01:53:56Z,437.332,-11.7471,6.9096,0.9072,149.536,0.30005,0.00022,0.16486,1.6038,-3.0126,147.3068,0.76797
2014-09-24T01:53:57Z,436.489,-11.9872,6.9643,0.8412,149.844,0.33519,0.05684,0.21678,1.389,-2.9274,147.4214,0.75991
2014-09-24T01:53:58Z,437.124,-12.123,6.8827,0.8354,150.415,0.31142,0.11097,0.23537,1.5621,-2.8277,147.1709,0.75621
2014-09-24T01:53:59Z,437.989,-12.0454,6.7131,0.8791,150.869,0.2934,0.04597,0.19537,1.5168,-2.9308,147.3053,0.76037
2014-09-24T01:54:00Z,437.401,-11.891,6.9426,0.7661,149.721,0.26924,0.06125,0.2162,1.3908,-2.9551,147.1234,0.75614
2014-09-24T01:54:01Z,437.797,-12.0213,7.0516,0.9618,149.605,0.33622,0.05247,0.19628,1.5527,-2.815,147.4053,0.76034
2014-09-24T01:54:02Z,437.22,-11.8562,6.6907,0.8254,150.563,0.32003,0.07554,0.2253,1.4671,-2.7501,147.2749,0.76263
2014-09-24T01:54:03Z,438.247,-12.1837,6.481,0.7393,151.99,0.34625,0.09816,0.23521,1.5195,-2.8239,147.1391,0.75681
2014-09-24T01:54:04Z,437.73,-12.2459,6.8173,0.8021,150.895,0.35599,0.02737,0.20184,1.3116,-2.7244,147.1638,0.77178
2014-09-24T01:54:05Z,437.919,-11.7286,6.6751,0.948,150.355,0.27017,0.03199,0.1833,1.4104,-2.7388,147.3757,0.76876
2014-09-24T01:54:06Z,438.668,-11.8014,6.6845,0.7817,150.472,0.27077,0.10269,0.17314,1.2889,-2.6881,147.1308,0.75699
2014-09-24T01:54:07Z,438.421,-12.106,6.7722,0.9192,150.777,0.23183,0.08369,0.23328,1.3622,-2.5981,147.328,0.75046
2014-09-24T01:54:08Z,437.82,-11.9641,6.6068,0.762,151.092,0.3269,0.05872,0.18229,1.4423,-2.5548,147.2603,0.7573
2014-09-24T01:54:09Z,437.756,-11.8207,6.6186,0.7479,150.755,0.3209,0.10773,0.22058,1.1916,-2.6973,147.2868,0.75583
2014-09-24T01:54:10Z,437.886,-11.9188,6.6265,0.8902,150.927,0.30747,0.03077,0.23128,1.1777,-2.7846,147.2419,0.75578
2014-09-24T01:54:11Z,438.215,-11.9657,6.8436,0.7366,150.233,0.27492,0.08802,0.19988,1.3451,-2.7348,147.2172,0.75249
2014-09-24T01:54:12Z,438.036,-11.8346,6.6119,0.9062,150.808,0.3039,0.06288,0.20882,1.2489,-2.6058,147.2669,0.74667
2014-09-24T01:54:13Z,437.971,-12.1184,6.4056,0.859,152.14,0.3113,0.07959,0.23851,1.325,-2.795,147.376,0.75476
2014-09-24T01:54:14Z,438.659,-12.0069,6.3913,0.736,151.973,0.3268,0.0046,0.19389,1.1479,-2.5996,147.2928,0.75109
2014-09-24T01:54:15Z,438.142,-12.0283,6.5775,0.8164,151.329,0.31462,0.05761,0.19191,1.1977,-2.7209,147.3674,0.75123
2014-09-24T01:54:16Z,439.023,-12.0674,6.3659,0.768,152.187,0.32495,0.08239,0.20935,1.2296,-2.6811,147.3044,0.75352
2014-09-24T01:54:17Z,438.286,-12.1011,6.2879,0.8581,152.543,0.30582,0.06224,0.24771,1.1723,-2.7558,147.3931,0.75167
2014-09-24T01:54:18Z,438.915,-12.0349,6.5976,1.0115,151.268,0.33902,0.09506,0.25658,0.9932,-2.7889,147.3769,0.75227
2014-09-24T01:54:19Z,438.452,-12.0542,6.5905,0.7858,151.333,0.32585,0.09407,0.21439,1.3428,-2.6972,147.2847,0.74799
2014-09-24T01:54:20Z,438.7,-12.2233,6.4146,0.876,152.31,0.28096,0.03942,0.1996,1.1147,-2.5626,147.2469,0.75354
2014-09-24T01:54:21Z,438.145,-11.9601,6.4998,0.8253,151.478,0.34594,0.08383,0.24456,0.9711,-2.7148,147.4413,0.74442
2014-09-24T01:54:22Z,438.136,-12.236,6.4672,0.8251,152.142,0.34243,0.03827,0.17676,1.0839,-2.5216,147.268,0.74097
2014-09-24T01:54:23Z,438.632,-12.1266,6.51,0.8058,151.772,0.32401,0.06429,0.22523,1.0736,-2.6883,147.403,0.74208
2014-09-24T01:54:24Z,438.853,-12.1451,6.4923,0.7363,151.873,0.31998,0.0792,0.21848,1.0992,-2.7198,147.3597,0.74333
2014-09-24T01:54:25Z,438.557,-12.0588,5.9954,0.8556,153.565,0.35501,0.04178,0.25246,1.0741,-2.6059,147.3139,0.738
2014-09-24T01:54:26Z,438.129,-12.4434,6.3354,0.7934,153.018,0.27331,0.08219,0.25552,0.9631,-2.5637,147.4069,0.73432
2014-09-24T01:54:27Z,438.139,-12.0008,6.4322,0.7316,151.81,0.34577,0.04974,0.19762,0.8226,-2.5948,147.5044,0.75147
2014-09-24T01:54:28Z,438.151,-12.2448,6.276,0.9234,152.863,0.30343,0.04772,0.2259,0.9774,-2.5897,147.434,0.75724
2014-09-24T01:54:29Z,438.068,-11.9699,6.3264,0.8318,152.142,0.34331,0.07977,0.20798,0.7892,-2.4654,147.3882,0.75111
2014-09-24T01:54:30Z,438.761,-12.2269,6.4133,0.7986,152.322,0.31955,0.04106,0.21544,0.9978,-2.5779,147.5413,0.74241
2014-09-24T01:54:31Z,439.152,-12.1676,6.2939,0.955,152.649,0.28607,0.03966,0.23873,0.8219,-2.6149,147.2156,0.73218
2014-09-24T01:54:32Z,438.789,-11.8855,6.4928,0.6375,151.353,0.30534,0.08772,0.21544,0.9113,-2.6598,147.2757,0.7471
2014-09-24T01:54:33Z,438.038,-12.2301,6.4223,0.9487,152.295,0.34391,0.06427,0.22918,0.7878,-2.4591,147.3445,0.73237
2014-09-24T01:54:34Z,438.798,-12.0042,6.2148,0.7328,152.629,0.31373,0.02507,0.24879,0.7808,-2.5869,147.5368,0.74422
2014-09-24T01:54:35Z,438.844,-12.1925,6.1857,0.8419,153.1,0.30407,0.08268,0.26325,0.7358,-2.5709,147.4932,0.73821
2014-09-24T01:54:36Z,439.67,-12.1369,5.7668,0.7612,154.585,0.30452,0.051,0.2331,0.8369,-2.4524,147.2314,0.72607
2014-09-24T01:54:37Z,438.462,-12.2089,6.1342,0.7284,153.323,0.33691,0.02596,0.22934,0.7096,-2.3641,147.3635,0.75589
2014-09-24T01:54:38Z,438.871,-12.097,5.9612,0.9517,153.767,0.36524,-0.00178,0.19922,0.8004,-2.5001,147.279,0.73374
2014-09-24T01:54:39Z,439.64,-12.3283,6.1766,1.0053,153.389,0.26859,0.08336,0.26706,0.671,-2.523,147.4115,0.74069
2014-09-24T01:54:40Z,439.236,-12.3856,6.1512,0.7977,153.589,0.39276,0.03915,0.24031,0.6797,-2.5044,147.51,0.74228
2014-09-24T01:54:41Z,439.311,-12.3416,6.2153,0.8532,153.27,0.32847,0.02943,0.23183,0.6806,-2.5322,147.5216,0.73933
2014-09-24T01:54:42Z,439.189,-12.2406,6.3039,0.8253,152.752,0.33852,0.07639,0.23105,0.6696,-2.516,147.4552,0.74661
2014-09-24T01:54:43Z,439.3,-12.2962,6.0728,0.9925,153.716,0.31375,0.08043,0.23844,0.5628,-2.5074,147.3902,0.73678
2014-09-24T01:54:44Z,439.492,-12.1632,6.4008,0.6079,152.245,0.32522,0.04048,0.24921,0.6725,-2.3984,147.4276,0.7456
2014-09-24T01:54:45Z,438.972,-12.0875,6.079,0.8571,153.302,0.33076,0.08286,0.2528,0.574,-2.4701,147.5099,0.74493
2014-09-24T01:54:46Z,439.598,-12.4321,5.8275,0.7461,154.885,0.30037,0.11129,0.27117,0.6186,-2.3462,147.6808,0.73122
2014-09-24T01:54:47Z,438.845,-12.4115,5.9261,0.5836,154.477,0.30711,0.09347,0.23746,0.5532,-2.4561,147.332,0.74401
2014-09-24T01:54:48Z,439.476,-12.5192,5.9344,0.7826,154.638,0.35752,0.08946,0.27574,0.5809,-2.4679,147.614,0.73358
2014-09-24T01:54:49Z,439.459,-12.0078,6.0621,1.0034,153.213,0.28976,0.06742,0.25881,0.4804,-2.3282,147.4841,0.73259
2014-09-24T01:54:50Z,439.216,-12.2774,5.8151,0.753,154.656,0.34026,0.04836,0.23135,0.4296,-2.4205,147.5463,0.74416
2014-09-24T01:54:51Z,439.459,-12.2571,5.8942,0.8974,154.318,0.32063,0.05795,0.19165,0.5063,-2.4242,147.4875,0.7385
2014-09-24T01:54:52Z,439.284,-12.5401,5.8983,0.9382,154.81,0.30654,0.07025,0.23595,0.412,-2.4032,147.6141,0.7447
2014-09-24T01:54:53Z,439.162,-12.3488,5.8386,0.817,154.695,0.38053,0.02768,0.27325,0.5476,-2.2804,147.5113,0.74473
2014-09-24T01:54:54Z,439.448,-12.2777,6.009,0.83,153.922,0.30804,0.03978,0.21538,0.4156,-2.3651,147.4183,0.73023
2014-09-24T01:54:55Z,439.22,-12.4025,5.9673,0.6463,154.306,0.30432,0.02321,0.23729,0.2797,-2.2815,147.533,0.74757
2014-09-24T01:54:56Z,439.755,-12.2063,6.0264,0.7459,153.724,0.32858,0.06468,0.23983,0.3221,-2.392,147.6055,0.74393
2014-09-24T01:54:57Z,439.274,-12.0338,5.7867,0.9084,154.318,0.31472,0.06077,0.25972,0.2684,-2.278,147.4977,0.73698
2014-09-24T01:54:58Z,439.961,-12.5241,5.9964,0.8232,154.416,0.33477,0.04227,0.22694,0.4136,-2.3379,147.2952,0.74062
2014-09-24T01:54:59Z,439.333,-12.5496,5.597,0.8541,155.964,0.33918,0.079,0.21536,0.369,-2.2782,147.4961,0.7479
2014-09-24T01:55:00Z,439.583,-12.5337,5.5749,0.8304,156.021,0.34185,0.03227,0.25181,0.2817,-2.2633,147.5224,0.73925
2014-09-24T01:55:01Z,439.597,-12.1691,5.5837,1.0362,155.352,0.33358,0.04104,0.21943,0.2892,-2.4078,147.5131,0.7588
2014-09-24T01:55:02Z,440.314,-12.2548,5.7467,0.7733,154.877,0.31981,0.0777,0.19258,0.2385,-2.3186,147.4731,0.75389
2014-09-24T01:55:03Z,440.001,-12.4426,5.9097,0.977,154.594,0.35415,0.08131,0.28493,0.2938,-2.2396,147.6601,0.743
2014-09-24T01:55:04Z,439.846,-12.4263,5.6224,0.8298,155.655,0.33597,0.0381,0.26255,0.246,-2.2187,147.2957,0.74036
2014-09-24T01:55:05Z,440.129,-12.5596,5.6226,0.9855,155.883,0.32707,0.0637,0.28691,0.24,-2.1996,147.5475,0.74083
2014-09-24T01:55:06Z,439.251,-12.3201,5.6483,0.694,155.37,0.37716,0.03833,0.26212,0.1482,-2.2834,147.5542,0.73764
2014-09-24T01:55:07Z,440.008,-12.5112,5.7459,0.8344,155.333,0.33783,0.05278,0.25772,0.0926,-2.1604,147.7581,0.74359
2014-09-24T01:55:08Z,440.757,-12.4939,5.5677,0.7759,155.981,0.36887,0.06122,0.25039,0.1759,-2.328,147.5525,0.74825
2014-09-24T01:55:09Z,440.139,-12.3775,5.5446,0.8295,155.869,0.37295,0.07154,0.23694,0.2265,-2.3869,147.6038,0.73213
2014-09-24T01:55:10Z,440.151,-12.5048,5.4054,0.9377,156.623,0.37519,0.06538,0.25483,0.1706,-2.2814,147.5771,0.74825
2014-09-24T01:55:11Z,440.353,-12.5178,5.5032,0.853,156.268,0.36099,0.06419,0.22863,0.1883,-2.1554,147.5795,0.75077
2014-09-24T01:55:12Z,440.509,-12.4873,5.7475,0.937,155.285,0.34441,0.03031,0.21616,0.0545,-2.3298,147.7518,0.74808
2014-09-24T01:55:13Z,439.531,-12.3869,5.5713,0.7484,155.783,0.34354,0.06689,0.23502,-0.0562,-2.3524,147.4698,0.74268
2014-09-24T01:55:14Z,439.676,-12.2656,5.4286,0.7329,156.126,0.33976,0.07088,0.27604,-0.0692,-2.3643,147.5198,0.74819
2014-09-24T01:55:15Z,440.372,-12.4258,5.7046,0.8162,155.341,0.29242,0.07425,0.21337,0.0915,-2.1597,147.6675,0.75457
2014-09-24T01:55:16Z,440.083,-12.4037,5.4152,0.8108,156.415,0.36528,0.03896,0.21419,-0.1878,-2.3263,147.6233,0.74396
2014-09-24T01:55:17Z,440.826,-12.5546,5.6953,0.7955,155.599,0.35415,0.07975,0.2598,0.0615,-2.1584,147.5749,0.74487
2014-09-24T01:55:18Z,440.291,-12.6437,5.6777,0.7184,155.818,0.36941,0.02386,0.23506,-0.1418,-2.2205,147.6019,0.762
2014-09-24T01:55:19Z,439.758,-12.4524,5.4603,0.9343,156.323,0.34658,0.04594,0.25799,0.0552,-2.2478,147.706,0.74767
2014-09-24T01:55:20Z,440.026,-12.5298,5.2085,0.7779,157.428,0.36686,0.04975,0.27101,-0.1241,-2.258,147.6689,0.73743
2014-09-24T01:55:21Z,439.541,-12.7813,5.7612,0.9569,155.736,0.31653,0.02501,0.25821,-0.0804,-2.1535,147.5549,0.75276
2014-09-24T01:55:22Z,440.456,-12.6157,5.4545,0.8149,156.618,0.32248,0.04923,0.23127,0.0329,-2.2222,147.6558,0.74929
2014-09-24T01:55:23Z,440.506,-12.5861,5.3301,0.8783,157.048,0.29055,0.06196,0.27956,-0.204,-2.1542,147.6328,0.74113
2014-09-24T01:55:24Z,440.457,-12.6582,5.5048,0.8691,156.497,0.34983,0.01071,0.26644,-0.2248,-2.1136,147.6908,0.73786
2014-09-24T01:55:25Z,441.017,-12.3614,5.4468,0.7304,156.22,0.33462,0.04642,0.24896,-0.2722,-2.0886,147.6175,0.74891
2014-09-24T01:55:26Z,441.093,-12.5185,5.5202,0.8494,156.204,0.3321,0.01251,0.24815,-0.3161,-2.0548,147.5348,0.74684
2014-09-24T01:55:27Z,440.647,-12.3963,5.2085,1.0057,157.209,0.3638,0.1072,0.25843,-0.2817,-2.1083,147.7288,0.7377
2014-09-24T01:55:28Z,439.994,-12.5767,5.3408,0.8383,156.991,0.34554,0.06141,0.24167,-0.319,-2.1974,147.7225,0.74728
2014-09-24T01:55:29Z,440.991,-12.6016,5.0934,0.9025,157.992,0.32111,0.05918,0.20908,-0.3938,-2.0681,147.8152,0.74711
2014-09-24T01:55:30Z,441.003,-12.7616,5.3536,0.8815,157.241,0.42131,0.06178,0.269,-0.3297,-2.0448,147.5482,0.74817
2014-09-24T01:55:31Z,440.95,-12.6272,5.2328,0.8428,157.49,0.35752,0.07103,0.2679,-0.2959,-2.1038,147.6789,0.75294
2014-09-24T01:55:32Z,441.219,-12.6318,5.2597,0.8304,157.394,0.33212,0.08032,0.19349,-0.4224,-2.1043,147.6691,0.73527
2014-09-24T01:55:33Z,440.502,-12.8532,5.1809,0.8668,158.046,0.34322,0.01672,0.26416,-0.3826,-1.8752,147.6587,0.74082
2014-09-24T01:55:34Z,441.646,-12.7251,5.1429,0.8875,157.994,0.35639,0.08851,0.29569,-0.2758,-2.1686,147.5505,0.74618
2014-09-24T01:55:35Z,440.641,-12.7099,5.0368,0.6765,158.382,0.35711,0.08685,0.22396,-0.5206,-2.0177,147.6042,0.76104
2014-09-24T01:55:36Z,441.272,-12.6004,5.2654,0.8359,157.321,0.39481,0.05399,0.25069,-0.271,-1.9655,147.7442,0.76973
2014-09-24T01:55:37Z,440.453,-12.6085,5.3559,0.7932,156.985,0.36103,0.05263,0.24834,-0.4979,-2.0685,147.6736,0.75119
2014-09-24T01:55:38Z,440.751,-12.7692,5.0301,0.7721,158.499,0.41017,-0.02201,0.29477,-0.4463,-2.0466,147.6473,0.75188
2014-09-24T01:55:39Z,441.641,-12.61,5.1754,0.9401,157.686,0.35375,0.02441,0.28165,-0.3783,-2.0573,147.8794,0.73234
2014-09-24T01:55:40Z,441.052,-12.7207,5.1418,0.7374,157.991,0.37599,0.06844,0.23203,-0.3721,-2.0172,147.9802,0.75949
2014-09-24T01:55:41Z,441.471,-13.1268,5.0588,0.6709,158.924,0.39165,0.08544,0.2629,-0.4793,-1.9372,147.7437,0.75622
2014-09-24T01:55:42Z,441.293,-12.7779,4.8116,0.8899,159.366,0.39675,0.0736,0.31227,-0.5904,-2.0171,147.6056,0.75525
2014-09-24T01:55:43Z,441.207,-12.5513,4.828,0.6682,158.96,0.40045,0.05345,0.23944,-0.6153,-1.7444,147.8021,0.74338
2014-09-24T01:55:44Z,441.754,-12.9671,4.8862,0.617,159.353,0.36163,0.10345,0.25513,-0.6164,-2.0215,147.5605,0.76955
2014-09-24T01:55:45Z,441.227,-12.7102,4.6668,0.9008,159.838,0.36907,0.08039,0.2686,-0.4368,-1.8671,147.6407,0.76624
2014-09-24T01:55:46Z,440.72,-12.5014,5.1831,0.826,157.481,0.308,0.04538,0.24085,-0.6361,-1.9259,147.8237,0.75679
2014-09-24T01:55:47Z,441.095,-12.8565,5.0078,0.857,158.718,0.36587,0.10975,0.30053,-0.597,-1.9528,147.6507,0.76273
2014-09-24T01:55:48Z,441.602,-12.744,4.9285,0.765,158.857,0.39884,0.02776,0.24497,-0.7236,-1.8359,147.7662,0.75556
2014-09-24T01:55:49Z,441.581,-12.9471,4.5867,0.6707,160.492,0.39476,0.01834,0.2224,-0.7498,-2.0736,147.6542,0.76207
2014-09-24T01:55:50Z,440.927,-12.5208,4.6264,0.6908,159.721,0.37096,0.04458,0.24434,-0.6722,-1.9037,147.815,0.74539
2014-09-24T01:55:51Z,441.255,-12.781,4.8806,0.7819,159.1,0.41639,0.03611,0.27412,-0.7171,-1.9871,147.9286,0.738
2014-09-24T01:55:52Z,441.338,-12.7676,5.1584,0.6816,158.0,0.3651,0.04593,0.23817,-0.7281,-1.9568,147.7619,0.74638
2014-09-24T01:55:53Z,441.446,-12.5772,4.7398,0.8394,159.351,0.35759,0.07498,0.26601,-0.8429,-1.9526,147.8281,0.75041
2014-09-24T01:55:54Z,441.125,-12.6911,4.9575,0.7625,158.663,0.36458,0.05416,0.27285,-0.7469,-1.9832,147.7554,0.75205
2014-09-24T01:55:55Z,441.42,-12.9255,4.737,0.8269,159.873,0.34902,0.05478,0.22888,-0.6335,-2.0305,147.7694,0.7611
2014-09-24T01:55:56Z,441.418,-12.8981,4.7995,0.8238,159.589,0.39343,0.05643,0.24533,-0.8419,-1.8593,147.7679,0.75578
2014-09-24T01:55:57Z,441.975,-12.7279,4.9535,0.8464,158.735,0.38588,-0.00286,0.26847,-0.718,-1.8878,147.9367,0.75792
2014-09-24T01:55:58Z,442.021,-12.902,4.7013,0.8575,159.979,0.39471,0.01705,0.27762,-1.0829,-1.8987,147.7238,0.74897
2014-09-24T01:55:59Z,441.72,-13.1357,4.633,0.7732,160.572,0.3699,0.04528,0.2469,-0.8858,-1.8061,147.8391,0.74858
2014-09-24T01:56:00Z,441.666,-12.8333,4.9315,0.8259,158.98,0.37961,0.03383,0.26448,-0.9901,-1.8229,147.9204,0.75936
2014-09-24T01:56:01Z,441.885,-13.0518,4.7069,0.8308,160.169,0.3274,0.0491,0.25389,-0.7539,-1.8726,147.9776,0.75498
2014-09-24T01:56:02Z,441.583,-12.597,4.847,0.5644,158.955,0.39206,0.08998,0.27949,-0.7979,-1.5993,147.938,0.75962
2014-09-24T01:56:03Z,441.5,-12.8203,4.5629,0.8718,160.409,0.38593,0.05301,0.27458,-0.9662,-1.7542,147.8939,0.7642
2014-09-24T01:56:04Z,441.604,-12.9881,4.8584,0.822,159.491,0.35675,0.02181,0.25256,-0.8754,-1.6322,147.8516,0.77321
2014-09-24T01:56:05Z,441.744,-12.9623,4.67,0.8631,160.187,0.38245,0.03503,0.27415,-0.8174,-1.8532,148.0083,0.76018
2014-09-24T01:56:06Z,441.591,-13.149,4.6768,0.678,160.421,0.37942,0.09762,0.25217,-0.8197,-1.7923,147.8364,0.77508
2014-09-24T01:56:07Z,442.087,-13.032,4.6116,0.7746,160.513,0.43078,0.09317,0.27421,-0.9754,-1.9036,147.8453,0.76405
2014-09-24T01:56:08Z,442.318,-12.7188,4.4973,0.6968,160.527,0.36095,0.06975,0.27484,-1.1341,-1.8232,148.0732,0.76652
2014-09-24T01:56:09Z,441.54,-12.5507,4.5577,0.8807,160.042,0.39657,0.0158,0.32262,-1.0436,-1.8358,147.9815,0.76963
2014-09-24T01:56:10Z,442.136,-12.7769,4.4714,0.6652,160.712,0.36183,0.06253,0.25522,-0.9246,-1.5417,147.9925,0.76715
2014-09-24T01:56:11Z,442.083,-12.9066,4.664,0.7128,160.132,0.37596,0.06446,0.26038,-0.832,-1.829,148.0203,0.75516
2014-09-24T01:56:12Z,442.311,-12.9617,4.4708,0.8588,160.969,0.39763,0.05551,0.24801,-1.0181,-1.7846,147.9586,0.7704
2014-09-24T01:56:13Z,442.219,-13.0476,4.2591,0.7423,161.922,0.38624,0.04063,0.23864,-1.076,-1.8745,147.8319,0.7589
2014-09-24T01:56:14Z,441.747,-12.6063,4.2153,0.7126,161.511,0.39218,0.04583,0.25332,-0.8491,-1.7078,148.0084,0.76444
2014-09-24T01:56:15Z,441.846,-12.9488,4.1899,0.8958,162.07,0.40146,0.03891,0.28163,-1.0219,-1.8149,147.9891,0.76322
2014-09-24T01:56:16Z,442.331,-12.6046,4.5219,0.8995,160.265,0.38161,0.02629,0.28371,-1.1658,-1.6617,147.9128,0.77142
2014-09-24T01:56:17Z,442.712,-12.7153,4.2371,0.8765,161.57,0.41687,0.08908,0.27293,-1.0901,-1.8706,147.8975,0.76551
2014-09-24T01:56:18Z,441.609,-13.2028,4.4406,0.8897,161.41,0.38794,0.077,0.2584,-1.0134,-1.7296,148.0095,0.75136
2014-09-24T01:56:19Z,442.537,-13.0383,4.3949,0.781,161.372,0.39395,0.04784,0.25372,-1.1117,-1.8599,147.8862,0.77925
2014-09-24T01:56:20Z,442.864,-13.0417,4.3455,0.7833,161.572,0.40623,0.06379,0.24339,-1.0551,-1.7439,148.0155,0.76925
2014-09-24T01:56:21Z,442.426,-12.9639,4.4044,0.7391,161.235,0.40369,0.06475,0.25264,-1.2593,-1.72,148.0113,0.7582
2014-09-24T01:56:22Z,442.704,-12.9642,4.3434,0.8204,161.478,0.41493,0.1136,0.23443,-1.2578,-1.7374,148.0336,0.75353
2014-09-24T01:56:23Z,442.297,-12.516,3.8965,0.7509,162.707,0.40757,0.07687,0.30101,-1.2138,-1.7219,148.0938,0.77023
2014-09-24T01:56:24Z,442.533,-13.1306,4.2355,0.7601,162.122,0.41218,0.07595,0.31323,-1.1894,-1.5966,148.1236,0.75448
2014-09-24T01:56:25Z,442.039,-12.9458,4.3314,0.8635,161.501,0.39314,0.05606,0.21915,-1.1517,-1.4928,147.9983,0.76901
2014-09-24T01:56:26Z,441.818,-12.8959,4.4963,0.922,160.778,0.37537,0.04428,0.27502,-1.139,-1.6321,148.1645,0.77112
2014-09-24T01:56:27Z,443.0,-12.9826,4.4812,0.8425,160.957,0.36721,0.08974,0.27484,-1.0039,-1.7205,148.0636,0.75731
2014-09-24T01:56:28Z,442.357,-12.9783,4.0078,0.9823,162.839,0.36195,0.07151,0.27347,-1.2713,-1.6391,148.269,0.75652
2014-09-24T01:56:29Z,442.574,-13.1553,4.141,0.732,162.527,0.4486,0.0345,0.25367,-1.2482,-1.665,148.0432,0.75858
2014-09-24T01:56:30Z,442.279,-12.9915,3.9413,0.6188,163.123,0.35003,0.06662,0.29428,-1.2906,-1.558,147.9488,0.75432
2014-09-24T01:56:31Z,442.303,-12.9364,4.386,0.8739,161.271,0.43601,0.07625,0.2792,-1.1579,-1.5987,148.2015,0.76394
2014-09-24T01:56:32Z,442.767,-12.9652,4.2903,0.7248,161.69,0.38646,0.00296,0.29501,-1.1639,-1.7405,148.1689,0.76494
2014-09-24T01:56:33Z,442.603,-12.9363,4.1733,0.7746,162.12,0.43745,0.03233,0.25094,-1.3005,-1.519,148.2547,0.76762
2014-09-24T01:56:34Z,443.022,-12.8114,4.1262,0.6246,162.148,0.35355,0.0645,0.23502,-1.1094,-1.522,148.1738,0.75496
2014-09-24T01:56:35Z,443.08,-12.888,4.29,0.7114,161.589,0.40355,0.00737,0.28068,-1.3411,-1.4723,148.3852,0.76815
2014-09-24T01:56:36Z,443.065,-13.0238,4.2465,0.651,161.941,0.44659,0.01137,0.24595,-1.2115,-1.6258,148.1406,0.75331
2014-09-24T01:56:37Z,443.067,-13.2159,4.2203,0.7576,162.29,0.42888,0.04881,0.29659,-1.1869,-1.5531,148.2725,0.76769
2014-09-24T01:56:38Z,443.567,-13.1308,4.0953,0.7611,162.678,0.40344,0.06791,0.21727,-1.4214,-1.6645,148.1238,0.74883
2014-09-24T01:56:39Z,442.673,-13.0885,3.959,0.81,163.17,0.36411,0.06912,0.25892,-1.2752,-1.5665,148.2339,0.77299
2014-09-24T01:56:40Z,443.058,-13.0194,4.1071,0.9246,162.492,0.38044,0.09529,0.25544,-1.5482,-1.5233,148.261,0.75599
2014-09-24T01:56:41Z,443.505,-13.1301,4.0948,0.8678,162.679,0.44904,0.05784,0.26273,-1.2728,-1.5986,148.285,0.76464
2014-09-24T01:56:42Z,443.582,-13.2035,3.9254,0.6377,163.443,0.40642,0.04652,0.27776,-1.4352,-1.513,148.2879,0.76495
2014-09-24T01:56:43Z,442.673,-13.2563,3.8859,0.8612,163.662,0.41414,0.02321,0.28133,-1.3098,-1.5196,147.8952,0.74902
2014-09-24T01:56:44Z,443.092,-13.327,4.089,0.8111,162.943,0.42384,0.04634,0.2876,-1.3028,-1.5618,148.2206,0.76549
2014-09-24T01:56:45Z,443.708,-13.1138,4.1485,0.7896,162.445,0.38499,0.07371,0.29067,-1.2813,-1.4067,148.1785,0.75402
2014-09-24T01:56:46Z,443.441,-13.3072,3.769,0.7971,164.186,0.42856,0.0749,0.26769,-1.3073,-1.53,148.2069,0.75557
2014-09-24T01:56:47Z,443.362,-13.2432,3.8239,0.8198,163.894,0.4087,0.06276,0.32488,-1.3814,-1.4934,148.2251,0.75223
2014-09-24T01:56:48Z,443.249,-13.1588,3.8982,0.73,163.499,0.42734,0.06989,0.30701,-1.4234,-1.6141,148.3599,0.77006
2014-09-24T01:56:49Z,443.221,-13.3058,3.9003,0.7808,163.663,0.40636,0.08819,0.26471,-1.4059,-1.448,148.2911,0.74733
2014-09-24T01:56:50Z,443.487,-13.0511,3.7299,0.9171,164.051,0.38229,0.05823,0.26926,-1.4959,-1.5205,148.2289,0.75965
2014-09-24T01:56:51Z,443.329,-13.0041,4.073,0.7283,162.609,0.41175,0.09061,0.26453,-1.4301,-1.3986,148.1416,0.75072
2014-09-24T01:56:52Z,443.433,-13.2018,3.8351,0.6955,163.801,0.43926,0.03833,0.2821,-1.4427,-1.5729,148.4506,0.76391
2014-09-24T01:56:53Z,443.506,-13.1895,3.833,0.7921,163.796,0.4339,0.05474,0.24888,-1.4886,-1.4264,148.2414,0.77322
2014-09-24T01:56:54Z,443.271,-13.051,3.9995,0.6852,162.962,0.42563,0.04463,0.2536,-1.5708,-1.6282,148.302,0.74904
2014-09-24T01:56:55Z,443.726,-13.2394,3.6487,0.6255,164.592,0.44811,0.07654,0.21932,-1.5393,-1.3973,148.5379,0.75463
2014-09-24T01:56:56Z,444.59,-13.2461,3.682,0.7627,164.466,0.42137,0.03144,0.26369,-1.6946,-1.4534,148.271,0.74983
2014-09-24T01:56:57Z,442.978,-12.971,3.4936,0.9428,164.926,0.42868,0.04884,0.30043,-1.4725,-1.4004,148.3144,0.7606
2014-09-24T01:56:58Z,443.744,-13.0151,3.6352,0.7934,164.395,0.41608,0.01048,0.27015,-1.4241,-1.4733,148.3742,0.74967
2014-09-24T01:56:59Z,443.395,-13.0663,3.4203,0.8152,165.331,0.45279,0.07191,0.2717,-1.6724,-1.4942,148.1994,0.75825
2014-09-24T01:57:00Z,443.893,-13.0177,3.7361,0.5839,163.986,0.43697,0.08831,0.2812,-1.4434,-1.4459,148.1969,0.74715
2014-09-24T01:57:01Z,443.738,-13.4599,3.669,0.8406,164.752,0.41655,0.08,0.24933,-1.4766,-1.3888,148.3301,0.76759
2014-09-24T01:57:02Z,444.019,-12.9624,3.5453,0.8058,164.703,0.39405,0.07763,0.27516,-1.5651,-1.351,148.3426,0.7314
2014-09-24T01:57:03Z,444.193,-13.1099,3.5529,0.7297,164.836,0.4597,0.0784,0.29692,-1.5094,-1.3658,148.4099,0.75122
2014-09-24T01:57:04Z,443.88,-13.0254,3.6647,0.8143,164.286,0.41427,0.075,0.28245,-1.3946,-1.4581,148.3079,0.74738
2014-09-24T01:57:05Z,444.239,-13.1203,3.3608,0.8129,165.633,0.43547,0.07296,0.29937,-1.5602,-1.2292,148.4583,0.74632
2014-09-24T01:57:06Z,443.052,-13.1882,3.5466,0.6905,164.948,0.49328,0.07467,0.30665,-1.4792,-1.3426,148.2085,0.7482
2014-09-24T01:57:07Z,444.459,-13.2273,3.5987,0.8286,164.78,0.4553,0.0414,0.29173,-1.4609,-1.4121,148.4264,0.74558
2014-09-24T01:57:08Z,444.064,-13.14,3.2091,0.9152,166.276,0.47633,0.05289,0.25746,-1.5573,-1.3215,148.4788,0.74605
2014-09-24T01:57:09Z,444.34,-13.2439,3.56,0.7724,164.954,0.42339,0.05975,0.2668,-1.4136,-1.3281,148.485,0.74673
2014-09-24T01:57:10Z,443.565,-13.0798,3.1898,0.7087,166.295,0.46441,0.0497,0.32381,-1.4644,-1.3557,148.4452,0.7566
2014-09-24T01:57:11Z,443.732,-13.4511,3.4044,0.7774,165.797,0.43909,0.01904,0.28349,-1.5191,-1.3583,148.4049,0.71962
2014-09-24T01:57:12Z,444.103,-13.2954,3.2281,0.8803,166.353,0.44836,0.02743,0.28027,-1.3119,-1.2492,148.4611,0.75564
2014-09-24T01:57:13Z,444.076,-12.9125,3.599,0.672,164.426,0.49052,0.06417,0.25435,-1.4217,-1.183,148.6132,0.76044
2014-09-24T01:57:14Z,444.211,-13.3166,3.1919,0.8523,166.521,0.43381,0.08117,0.27367,-1.6392,-1.4773,148.4393,0.72503
2014-09-24T01:57:15Z,444.521,-13.26,3.0987,0.7263,166.847,0.44204,0.05887,0.29396,-1.5368,-1.2092,148.6066,0.73849
2014-09-24T01:57:16Z,443.553,-13.3713,3.3503,0.8187,165.934,0.41976,0.12787,0.27652,-1.3095,-1.2992,148.632,0.74813
2014-09-24T01:57:17Z,444.542,-13.1831,3.2472,0.7373,166.162,0.46534,0.03587,0.26326,-1.5863,-1.2752,148.3543,0.74354
2014-09-24T01:57:18Z,444.233,-13.3517,3.0659,0.737,167.068,0.42989,0.0701,0.26915,-1.5031,-1.1792,148.5246,0.74862
2014-09-24T01:57:19Z,444.189,-13.2743,3.3521,0.9459,165.828,0.47025,0.09138,0.30622,-1.4104,-1.4931,148.4493,0.73719
2014-09-24T01:57:20Z,443.775,-13.128,2.9571,0.6528,167.306,0.40421,0.08586,0.29321,-1.457,-1.2088,148.4065,0.71695
2014-09-24T01:57:21Z,444.495,-13.3573,3.0801,0.8416,167.015,0.45994,0.07572,0.28995,-1.4455,-1.1647,148.6456,0.74262
2014-09-24T01:57:22Z,443.504,-13.1491,3.1332,0.9667,166.597,0.43091,0.08622,0.2877,-1.45,-1.3158,148.6234,0.73623
2014-09-24T01:57:23Z,444.605,-13.1372,3.3186,0.8612,165.823,0.46603,0.06097,0.24718,-1.5066,-1.3656,148.6122,0.74183
2014-09-24T01:57:24Z,443.885,-13.1142,3.3759,0.6598,165.564,0.4482,0.10128,0.28364,-1.5714,-1.1162,148.487,0.71676
2014-09-24T01:57:25Z,444.455,-13.25,3.327,0.6643,165.905,0.43592,0.09192,0.3036,-1.4724,-1.3814,148.6264,0.71823
2014-09-24T01:57:26Z,444.424,-12.7897,3.1202,0.7171,166.29,0.4404,0.03866,0.27045,-1.5383,-1.2008,148.4841,0.727
2014-09-24T01:57:27Z,444.905,-13.1172,2.7594,0.8076,168.12,0.42957,0.06814,0.30147,-1.5433,-1.1459,148.6327,0.73643
2014-09-24T01:57:28Z,444.462,-13.2356,3.1647,0.8145,166.553,0.47253,0.02155,0.29073,-1.3847,-1.1895,148.5687,0.73754
2014-09-24T01:57:29Z,444.311,-13.4217,3.3085,0.6647,166.153,0.42613,0.09841,0.29785,-1.5321,-1.1695,148.7498,0.71772
2014-09-24T01:57:30Z,444.405,-13.3083,3.2542,0.7044,166.26,0.44642,0.06611,0.27849,-1.3632,-1.2294,148.6184,0.71913
2014-09-24T01:57:31Z,445.057,-13.0774,3.1184,0.7099,166.588,0.46249,0.09436,0.29944,-1.477,-1.1647,148.6877,0.74421
2014-09-24T01:57:32Z,444.829,-13.0416,2.8526,0.773,167.662,0.49494,0.05804,0.24071,-1.5079,-1.2519,148.6979,0.71566
2014-09-24T01:57:33Z,444.535,-13.0836,2.9343,0.9895,167.359,0.45512,0.01451,0.2782,-1.638,-1.2352,148.677,0.72431
2014-09-24T01:57:34Z,444.616,-13.191,3.2845,0.6975,166.018,0.45004,0.12699,0.29525,-1.3202,-1.1796,148.7051,0.71412
2014-09-24T01:57:35Z,444.179,-13.5059,2.7643,0.6932,168.433,0.46369,0.06448,0.28487,-1.4872,-1.2992,148.735,0.72034
2014-09-24T01:57:36Z,444.893,-13.2413,2.7844,0.677,168.125,0.40575,0.03634,0.3049,-1.6651,-1.1235,148.6251,0.70842
2014-09-24T01:57:37Z,444.17,-13.5123,3.0811,0.8541,167.155,0.42836,0.09014,0.27362,-1.401,-1.3618,148.7651,0.70744
2014-09-24T01:57:38Z,445.078,-13.5439,2.8543,0.7857,168.099,0.44968,0.11254,0.26389,-1.4804,-1.128,148.8213,0.70997
2014-09-24T01:57:39Z,444.888,-13.2911,2.7236,0.7002,168.419,0.44198,0.05673,0.23663,-1.5469,-1.1141,148.7848,0.70735
2014-09-24T01:57:40Z,445.707,-13.244,3.1096,0.7529,166.787,0.42052,0.05946,0.27081,-1.3938,-1.208,148.7199,0.70805
2014-09-24T01:57:41Z,444.516,-13.2035,2.9337,0.7105,167.473,0.48271,0.06805,0.29059,-1.6679,-1.2369,148.7829,0.71346
2014-09-24T01:57:42Z,444.893,-13.2646,2.7878,0.8189,168.131,0.46849,0.03448,0.29671,-1.5166,-1.1645,148.7393,0.72313
2014-09-24T01:57:43Z,445.587,-13.2562,2.653,1.0571,168.683,0.46623,0.04514,0.24273,-1.4786,-1.0745,148.7741,0.70204
2014-09-24T01:57:44Z,445.403,-13.4896,3.1138,0.8437,167.002,0.4461,0.10711,0.30711,-1.3815,-1.0918,148.6775,0.69761
2014-09-24T01:57:45Z,444.771,-13.3682,2.7858,0.7796,168.229,0.46615,0.05942,0.25338,-1.2653,-1.2022,148.9445,0.70433
2014-09-24T01:57:46Z,445.122,-13.5788,2.9797,0.722,167.623,0.47775,0.04195,0.27472,-1.4587,-1.0987,149.0104,0.69618
2014-09-24T01:57:47Z,445.073,-13.6577,2.8856,0.654,168.07,0.45898,0.05175,0.26354,-1.3967,-1.08,148.7568,0.68865
2014-09-24T01:57:48Z,445.199,-13.2487,2.6545,0.8614,168.67,0.47743,0.09003,0.2882,-1.2078,-1.0773,148.9162,0.70897
2014-09-24T01:57:49Z,444.884,-13.4799,2.6377,0.856,168.928,0.44712,0.01398,0.28012,-1.4213,-1.1677,148.9938,0.69983
2014-09-24T01:57:50Z,445.126,-13.2374,2.9125,0.7412,167.592,0.47017,0.06991,0.29472,-1.378,-1.0703,148.7626,0.69934
2014-09-24T01:57:51Z,444.626,-13.2111,2.8973,0.9092,167.63,0.497,0.12527,0.32386,-1.5079,-1.0033,148.653,0.68122
2014-09-24T01:57:52Z,445.261,-13.4674,2.3764,0.7894,169.993,0.49994,0.11466,0.28771,-1.2456,-1.0277,149.031,0.69067
2014-09-24T01:57:53Z,445.399,-13.2883,2.7215,0.8646,168.426,0.50302,0.07838,0.26334,-1.4524,-1.0317,148.8888,0.68274
2014-09-24T01:57:54Z,445.19,-13.482,2.6026,0.8167,169.074,0.47767,0.09714,0.28927,-1.3668,-0.9273,148.8484,0.69262
2014-09-24T01:57:55Z,444.733,-13.6682,2.448,0.7694,169.846,0.47201,0.09707,0.32636,-1.3618,-1.0393,148.9156,0.69258
2014-09-24T01:57:56Z,445.672,-13.3667,2.6217,0.6909,168.903,0.46069,0.06143,0.29412,-1.3667,-1.1141,148.8845,0.69129
2014-09-24T01:57:57Z,445.482,-13.4615,2.3617,0.7718,170.049,0.42741,0.08787,0.30134,-1.4006,-1.108,149.228,0.6836
2014-09-24T01:57:58Z,445.128,-13.4642,2.4762,0.8706,169.579,0.43966,0.10965,0.23783,-1.3386,-1.0209,148.8896,0.68083
2014-09-24T01:57:59Z,445.312,-13.1036,2.4073,0.7353,169.59,0.46976,0.03352,0.28732,-1.2092,-1.1441,148.986,0.68483
2014-09-24T01:58:00Z,444.913,-13.6365,2.4342,0.8301,169.879,0.47193,0.07971,0.27092,-1.159,-1.0482,149.0932,0.68795
2014-09-24T01:58:01Z,445.107,-13.3518,2.4794,0.6776,169.48,0.51062,0.07451,0.26058,-1.347,-0.9803,149.1034,0.67919
2014-09-24T01:58:02Z,445.306,-13.5599,2.3187,0.8636,170.297,0.50886,0.06824,0.277,-1.3602,-0.918,149.0949,0.67505
2014-09-24T01:58:03Z,445.952,-13.2712,2.687,0.8163,168.554,0.45949,0.06621,0.28023,-1.3801,-1.1294,148.9535,0.67412
2014-09-24T01:58:04Z,445.326,-13.3727,2.5075,0.665,169.38,0.49778,0.07183,0.26187,-1.0914,-0.9922,148.9916,0.67474
2014-09-24T01:58:05Z,445.801,-13.3591,2.6831,0.7623,168.644,0.46605,0.07411,0.28215,-1.2866,-0.9999,148.8002,0.67512
2014-09-24T01:58:06Z,445.416,-13.5652,2.3719,0.8779,170.082,0.4957,0.09438,0.27305,-1.1982,-0.9857,149.0209,0.6687
2014-09-24T01:58:07Z,445.719,-13.5385,2.2943,0.6585,170.382,0.49944,0.07852,0.2949,-1.222,-0.9717,149.0425,0.67266
2014-09-24T01:58:08Z,445.611,-13.2891,2.6219,0.6772,168.839,0.511,0.06235,0.28298,-1.0911,-0.9799,149.1242,0.68487
2014-09-24T01:58:09Z,445.993,-13.1619,2.2519,0.777,170.291,0.46828,0.046,0.28664,-1.2775,-0.8604,149.2405,0.67138
2014-09-24T01:58:10Z,445.528,-13.3637,2.294,0.9973,170.26,0.5066,0.05538,0.30167,-1.336,-0.8666,149.1429,0.66258
2014-09-24T01:58:11Z,445.192,-13.5772,2.4106,0.7168,169.932,0.43506,0.07392,0.291,-1.0882,-0.7891,149.1898,0.65319
2014-09-24T01:58:12Z,445.286,-13.394,2.098,0.8333,171.098,0.51492,0.04993,0.27691,-1.154,-0.9559,149.0919,0.68473
2014-09-24T01:58:13Z,445.611,-13.0806,2.371,0.8094,169.726,0.48252,0.09143,0.22482,-1.1789,-0.9823,149.233,0.67793
2014-09-24T01:58:14Z,445.388,-13.435,2.3335,0.7244,170.147,0.48369,0.07874,0.28977,-1.0816,-1.0214,149.1167,0.66989
2014-09-24T01:58:15Z,445.996,-13.2279,2.4166,0.7989,169.647,0.43347,0.09678,0.25406,-1.1521,-0.98,149.2406,0.67571
2014-09-24T01:58:16Z,445.717,-13.5643,2.3414,0.738,170.206,0.47531,0.05243,0.27463,-1.0561,-0.8759,149.218,0.66944
2014-09-24T01:58:17Z,446.738,-13.452,2.3824,0.7462,169.957,0.51954,0.04783,0.28598,-1.1504,-0.8581,149.1879,0.66343
2014-09-24T01:58:18Z,445.326,-13.3707,2.1544,0.6166,170.847,0.4756,0.09721,0.30995,-1.0862,-0.8681,149.0056,0.65293
2014-09-24T01:58:19Z,446.032,-13.3997,2.0216,0.7797,171.42,0.50471,0.07227,0.3226,-1.1042,-0.9699,149.2801,0.67696
2014-09-24T01:58:20Z,445.593,-13.582,2.4495,0.8721,169.777,0.48835,0.06416,0.25343,-1.1602,-0.9642,149.2197,0.65704
2014-09-24T01:58:21Z,445.843,-13.5888,1.8848,0.7876,172.104,0.51466,0.0869,0.24348,-1.1383,-0.7496,149.2632,0.65633
2014-09-24T01:58:22Z,446.092,-13.3196,1.8806,0.8906,171.964,0.49348,0.08619,0.28443,-1.1408,-0.9673,149.2355,0.65856
2014-09-24T01:58:23Z,445.255,-13.3009,2.1619,0.8399,170.768,0.46599,0.03847,0.28225,-1.0754,-0.7822,149.2639,0.65757
2014-09-24T01:58:24Z,446.179,-13.246,2.3006,0.7751,170.147,0.49129,0.1047,0.24605,-1.1203,-0.8579,149.3565,0.66062
2014-09-24T01:58:25Z,446.789,-13.1988,2.0655,0.7178,171.106,0.5305,0.06004,0.27558,-1.0359,-0.9436,149.1903,0.6586
2014-09-24T01:58:26Z,445.991,-13.4605,2.1694,0.7322,170.844,0.50349,0.11301,0.29083,-1.0254,-0.9746,149.2956,0.64922
2014-09-24T01:58:27Z,446.268,-13.5274,1.7009,0.6335,172.833,0.48872,0.03739,0.24504,-1.0278,-0.9297,149.1824,0.65297
2014-09-24T01:58:28Z,446.562,-13.2778,1.9061,0.7534,171.831,0.5486,0.07889,0.25082,-1.0129,-0.836,149.329,0.65605
2014-09-24T01:58:29Z,446.173,-13.3804,1.6817,0.7948,172.836,0.52176,0.06653,0.25947,-1.0622,-0.9371,149.3078,0.64536
2014-09-24T01:58:30Z,446.054,-13.6388,2.0612,0.9516,171.406,0.51377,0.02202,0.27015,-1.0256,-0.7349,149.2309,0.66119
2014-09-24T01:58:31Z,445.487,-13.6553,1.6941,0.8331,172.928,0.50185,0.08808,0.2927,-1.1227,-0.8708,149.3147,0.64844
2014-09-24T01:58:32Z,446.535,-13.4181,1.7141,0.6929,172.72,0.51273,0.02375,0.26707,-0.9844,-0.7931,149.2598,0.66038
2014-09-24T01:58:33Z,446.297,-13.5238,1.9644,0.6355,171.735,0.5141,0.06478,0.27649,-1.0393,-0.7945,149.2902,0.63546
2014-09-24T01:58:34Z,446.009,-13.5069,2.0282,0.7587,171.46,0.44102,0.09991,0.33114,-0.9379,-0.7093,149.3748,0.65086
2014-09-24T01:58:35Z,446.434,-13.3402,1.8256,0.8601,172.208,0.50601,0.05928,0.25095,-0.9884,-0.8691,149.3776,0.63754
2014-09-24T01:58:36Z,446.212,-13.3922,1.9164,0.7568,171.856,0.49266,0.05017,0.2584,-1.0804,-0.8206,149.1701,0.63864
2014-09-24T01:58:37Z,446.258,-13.3088,1.8927,0.8329,171.906,0.48472,0.093,0.29155,-0.7212,-0.9363,149.4107,0.65002
2014-09-24T01:58:38Z,446.682,-13.7961,1.7602,0.7601,172.729,0.49287,0.06699,0.29916,-0.9048,-0.8111,149.3547,0.64004
2014-09-24T01:58:39Z,446.027,-13.4778,1.6104,0.8502,173.186,0.45939,0.06333,0.28469,-0.7552,-0.7232,149.3551,0.66174
2014-09-24T01:58:40Z,446.889,-13.4051,1.8393,0.618,172.187,0.45369,0.10557,0.31941,-0.8976,-0.7921,149.2953,0.64423
2014-09-24T01:58:41Z,446.059,-13.7496,1.8288,0.9385,172.424,0.53049,0.04475,0.28198,-0.704,-0.6198,149.415,0.63365
2014-09-24T01:58:42Z,446.343,-13.6183,1.8517,0.6665,172.257,0.5114,0.06268,0.22449,-0.9163,-0.7584,149.3788,0.64252
2014-09-24T01:58:43Z,447.274,-13.6388,1.7443,0.8563,172.712,0.44003,0.09607,0.27617,-0.7941,-0.8385,149.57,0.63563
2014-09-24T01:58:44Z,447.021,-13.5146,1.5037,0.7497,173.651,0.48646,0.04385,0.25932,-0.8796,-0.754,149.2792,0.64337
2014-09-24T01:58:45Z,446.687,-13.2796,1.7641,0.7654,172.433,0.52339,0.11927,0.30804,-0.568,-0.9029,149.3694,0.63354
2014-09-24T01:58:46Z,446.35,-13.2264,1.6419,0.7529,172.924,0.49487,0.06971,0.2974,-0.7796,-0.845,149.3742,0.63838
2014-09-24T01:58:47Z,446.52,-13.6525,1.5506,0.8022,173.52,0.53349,0.09724,0.23338,-0.677,-0.8738,149.5148,0.63595
2014-09-24T01:58:48Z,446.757,-13.4512,1.5596,0.8221,173.386,0.5291,0.09743,0.30672,-0.6906,-0.7706,149.6179,0.63424
2014-09-24T01:58:49Z,446.77,-13.4485,1.4814,0.882,173.714,0.46942,0.07206,0.29628,-0.712,-0.7721,149.5626,0.64122
2014-09-24T01:58:50Z,446.751,-13.4767,1.6994,0.9168,172.813,0.50024,0.06414,0.26452,-0.6516,-0.6663,149.4144,0.61775
2014-09-24T01:58:51Z,446.798,-13.4767,1.3344,0.8089,174.345,0.4931,0.07529,0.2705,-0.5673,-0.7661,149.4927,0.63226
2014-09-24T01:58:52Z,446.759,-13.4937,1.3792,0.947,174.164,0.47004,0.09443,0.30709,-0.6055,-0.8338,149.4664,0.62519
2014-09-24T01:58:53Z,446.356,-13.2926,1.4605,0.785,173.73,0.46888,0.0522,0.22283,-0.6287,-0.6244,149.6098,0.61936
2014-09-24T01:58:54Z,446.705,-13.3788,1.7326,0.883,172.621,0.48555,0.04703,0.28307,-0.5828,-0.9802,149.5258,0.6228
2014-09-24T01:58:55Z,447.232,-13.6998,1.6291,0.8176,173.218,0.49013,0.11447,0.29909,-0.4536,-0.7372,149.4412,0.62393
2014-09-24T01:58:56Z,446.458,-13.4317,1.2068,0.7201,174.866,0.51369,0.05925,0.26935,-0.6226,-0.7184,149.6527,0.6264
2014-09-24T01:58:57Z,446.897,-13.4147,1.6363,0.7927,173.046,0.53316,0.08673,0.28758,-0.7198,-0.7323,149.7324,0.6304
2014-09-24T01:58:58Z,446.702,-13.5054,1.6173,0.8248,173.171,0.52034,0.07307,0.27378,-0.6414,-0.6871,149.6,0.63147
2014-09-24T01:58:59Z,447.053,-13.3813,1.2195,0.7709,174.793,0.52669,0.07444,0.25141,-0.6174,-0.7139,149.6417,0.62331
2014-09-24T01:59:00Z,446.903,-13.5264,0.9986,0.8153,175.778,0.5017,0.1144,0.25059,-0.5881,-0.6785,149.4909,0.63873
2014-09-24T01:59:01Z,447.582,-13.5194,1.3464,0.86,174.313,0.52387,0.07677,0.28841,-0.5672,-0.7624,149.4474,0.62258
2014-09-24T01:59:02Z,447.268,-13.5365,1.507,0.7711,173.648,0.50551,0.07024,0.25452,-0.483,-0.8267,149.4803,0.60948
2014-09-24T01:59:03Z,446.657,-13.8659,1.559,0.4792,173.585,0.4986,0.07268,0.2321,-0.4429,-0.7095,149.6726,0.62183
2014-09-24T01:59:04Z,447.376,-13.5695,1.17,0.9408,175.072,0.55747,0.0671,0.27307,-0.4253,-0.7838,149.6582,0.62451
2014-09-24T01:59:05Z,446.895,-13.6647,1.545,0.7433,173.549,0.45219,0.0632,0.25697,-0.484,-0.7558,149.7555,0.59751
2014-09-24T01:59:06Z,446.99,-13.7432,0.929,0.6905,176.133,0.46402,0.06773,0.23961,-0.3273,-0.6004,149.693,0.63293
2014-09-24T01:59:07Z,447.327,-13.3484,1.1887,0.66,174.911,0.52082,0.12206,0.27117,-0.3453,-0.5646,149.8235,0.62208
2014-09-24T01:59:08Z,447.07,-13.4924,1.1627,0.7388,175.075,0.50502,0.09853,0.28835,-0.2426,-0.5938,149.8239,0.61328
2014-09-24T01:59:09Z,447.58,-13.5689,1.3787,0.7156,174.198,0.47611,0.07238,0.26945,-0.2824,-0.6046,149.7164,0.61445
2014-09-24T01:59:10Z,447.021,-13.6569,1.3822,0.6983,174.221,0.48605,0.10582,0.24207,-0.359,-0.6724,149.6603,0.62788
2014-09-24T01:59:11Z,447.1,-13.5286,1.3115,0.7036,174.463,0.48968,0.04187,0.28055,-0.2074,-0.592,149.581,0.62854
2014-09-24T01:59:12Z,447.112,-13.4259,0.9469,0.8246,175.966,0.53547,0.11621,0.29416,-0.2707,-0.6408,149.928,0.61597
2014-09-24T01:59:13Z,447.169,-13.6997,1.2598,0.9744,174.746,0.54384,0.11446,0.32337,-0.2094,-0.5095,149.7024,0.61002
2014-09-24T01:59:14Z,447.777,-13.5716,1.1873,0.8529,175.0,0.55488,0.13827,0.30386,-0.1961,-0.7349,149.6591,0.62164
2014-09-24T01:59:15Z,447.637,-13.4438,0.8415,0.883,176.419,0.47452,0.10792,0.24245,-0.2442,-0.6038,149.8337,0.62285
2014-09-24T01:59:16Z,448.04,-13.8617,0.7628,0.7325,176.85,0.48042,0.09383,0.2888,-0.2064,-0.7549,149.6841,0.62462
2014-09-24T01:59:17Z,448.26,-13.5792,1.2094,0.7804,174.91,0.47905,0.11546,0.27352,-0.2054,-0.5957,149.8578,0.61538
2014-09-24T01:59:18Z,447.13,-13.6485,1.0087,0.8131,175.773,0.5475,0.06781,0.23807,-0.2434,-0.7837,149.8234,0.6187
2014-09-24T01:59:19Z,447.541,-13.6013,0.8236,0.7041,176.535,0.52605,0.07384,0.27372,-0.3269,-0.7395,149.9615,0.61965
2014-09-24T01:59:20Z,447.129,-13.6624,0.9666,0.7275,175.953,0.51795,0.0824,0.31434,-0.1909,-0.7414,149.9649,0.62706
2014-09-24T01:59:21Z,447.293,-13.5662,1.0333,0.8552,175.644,0.52201,0.1185,0.29603,-0.0995,-0.6149,150.0037,0.62981
2014-09-24T01:59:22Z,447.369,-13.299,0.9472,0.8786,175.926,0.51517,0.06316,0.24054,-0.0086,-0.6031,149.9261,0.63184
2014-09-24T01:59:23Z,447.244,-13.6388,0.708,0.7762,177.028,0.48887,0.06079,0.26597,-0.0116,-0.4318,149.8318,0.62934
2014-09-24T01:59:24Z,447.271,-13.5476,1.2046,0.6497,174.919,0.53004,0.09103,0.27766,-0.0775,-0.6315,149.8261,0.63332
2014-09-24T01:59:25Z,447.613,-13.2899,1.0532,0.7393,175.469,0.51286,0.10334,0.22186,-0.0893,-0.5589,149.8889,0.62683
2014-09-24T01:59:26Z,447.262,-13.6766,0.8336,0.6247,176.512,0.4878,0.0681,0.22246,-0.029,-0.6043,150.1536,0.61394
2014-09-24T01:59:27Z,448.007,-13.3153,0.8201,0.7757,176.476,0.53245,0.10272,0.26845,-0.0723,-0.5585,149.9415,0.63086
2014-09-24T01:59:28Z,447.415,-13.5943,0.8997,0.7939,176.213,0.50774,0.12046,0.26851,-0.1431,-0.5987,149.9947,0.60754
2014-09-24T01:59:29Z,448.744,-13.315,0.6565,0.7403,177.177,0.52435,0.11654,0.21808,-0.0771,-0.5187,150.1427,0.63744
2014-09-24T01:59:30Z,447.627,-13.4828,0.8561,0.792,176.367,0.51581,0.09565,0.27347,0.177,-0.6875,150.0286,0.61071
2014-09-24T01:59:31Z,447.834,-13.5483,0.589,0.8092,177.511,0.54149,0.08484,0.29067,0.2361,-0.7957,149.9405,0.62561
2014-09-24T01:59:32Z,447.38,-13.6102,0.7593,0.7933,176.807,0.52497,0.13078,0.25777,0.1685,-0.5632,150.1006,0.63008
2014-09-24T01:59:33Z,448.455,-13.6837,0.575,0.6466,177.594,0.49763,0.08806,0.26444,0.1241,-0.7377,149.997,0.62223
2014-09-24T01:59:34Z,448.273,-13.5818,0.5637,0.7413,177.623,0.52803,0.11147,0.27695,0.038,-0.485,150.0811,0.60219
2014-09-24T01:59:35Z,448.01,-13.4624,0.9594,0.8076,175.924,0.52909,0.13721,0.27335,0.1572,-0.6306,150.1157,0.61107
2014-09-24T01:59:36Z,447.458,-13.6059,0.7028,0.9246,177.043,0.53325,0.10942,0.22038,0.2398,-0.6666,150.0274,0.62157
2014-09-24T01:59:37Z,448.027,-13.6465,0.7057,0.739,177.04,0.54659,0.0639,0.23917,0.278,-0.3643,150.1077,0.62388
2014-09-24T01:59:38Z,447.585,-13.6423,0.3542,0.8214,178.513,0.50553,0.05814,0.25161,0.2875,-0.5786,150.2614,0.61746
2014-09-24T01:59:39Z,448.513,-13.4469,0.5469,0.8534,177.671,0.53785,0.08197,0.2397,0.35,-0.5908,150.0511,0.61959
2014-09-24T01:59:40Z,448.309,-13.4152,0.6867,0.7458,177.07,0.47824,0.10744,0.29759,0.4295,-0.5111,150.2578,0.60736
2014-09-24T01:59:41Z,448.083,-13.7024,0.6278,0.8803,177.377,0.51858,0.10111,0.27648,0.2626,-0.5026,150.0795,0.63343
2014-09-24T01:59:42Z,447.22,-13.7127,0.2569,0.886,178.927,0.51492,0.14546,0.23258,0.5403,-0.4737,150.3311,0.61635
2014-09-24T01:59:43Z,447.752,-13.5507,0.5919,0.9033,177.499,0.55818,0.10146,0.25466,0.1752,-0.6684,150.0777,0.62583
2014-09-24T01:59:44Z,448.361,-13.3729,0.5965,0.8105,177.446,0.51827,0.08269,0.28797,0.2955,-0.5159,150.1363,0.6309
2014-09-24T01:59:45Z,448.568,-13.4287,0.715,1.0004,176.952,0.53756,0.06284,0.24325,0.3947,-0.5793,150.3389,0.6106
2014-09-24T01:59:46Z,448.556,-13.7893,0.4052,0.7026,178.317,0.4785,0.12098,0.28038,0.4435,-0.6266,150.3557,0.62104
2014-09-24T01:59:47Z,447.634,-13.6518,0.1486,0.9769,179.377,0.51393,0.09161,0.29336,0.4061,-0.5462,150.2947,0.62242
2014-09-24T01:59:48Z,448.32,-13.7452,0.3161,0.8407,178.683,0.50174,0.0544,0.28886,0.4019,-0.6921,150.1171,0.61832
2014-09-24T01:59:49Z,448.594,-13.6436,0.282,0.8976,178.816,0.58495,0.09291,0.26265,0.6387,-0.4705,150.246,0.62801
2014-09-24T01:59:50Z,447.681,-13.3732,0.5383,0.7319,177.695,0.50655,0.06776,0.2891,0.44,-0.5648,150.2503,0.61546
2014-09-24T01:59:51Z,448.282,-13.8215,0.0011,0.8478,179.995,0.5252,0.08231,0.24444,0.4229,-0.577,150.1771,0.62145
2014-09-24T01:59:52Z,448.404,-13.8503,0.3223,0.9057,178.667,0.52668,0.0934,0.31932,0.6607,-0.5471,150.3448,0.61827
2014-09-24T01:59:53Z,448.226,-13.7343,0.5845,0.6542,177.563,0.48392,0.07092,0.26287,0.6144,-0.5468,150.2099,0.64007
2014-09-24T01:59:54Z,447.707,-13.573,0.3529,0.7467,178.511,0.51064,0.08166,0.28519,0.655,-0.4395,150.171,0.61639
2014-09-24T01:59:55Z,448.264,-13.5176,0.4671,0.5484,178.021,0.53404,0.07554,0.24713,0.604,-0.6158,150.1505,0.6279
2014-09-24T01:59:56Z,448.287,-13.5454,0.0674,0.7445,179.715,0.52619,0.07652,0.26833,0.4992,-0.5561,150.4963,0.63655
2014-09-24T01:59:57Z,448.373,-13.4343,0.0543,0.6805,179.768,0.46665,0.06955,0.2691,0.637,-0.5403,150.2865,0.61508
2014-09-24T01:59:58Z,448.25,-13.8769,0.4912,0.7402,177.973,0.5101,0.08298,0.23195,0.5301,-0.6056,150.3011,0.62345
2014-09-24T01:59:59Z,448.316,-13.434,0.2718,1.0541,178.841,0.5499,0.07299,0.23087,0.6914,-0.5052,150.2596,0.61505
2014-09-24T02:00:00Z,448.48,-13.6577,0.2531,0.9332,178.938,0.53919,0.11032,0.24937,0.7452,-0.5733,150.5119,0.6071
2014-09-24T02:00:01Z,448.672,-13.4995,0.0508,0.6172,179.784,0.55502,0.10098,0.28177,0.7998,-0.6253,150.2497,0.61719
2014-09-24T02:00:02Z,448.433,-13.8107,0.2147,0.8166,179.109,0.50002,0.12613,0.20801,0.7272,-0.4685,150.2798,0.61917
2014-09-24T02:00:03Z,448.419,-13.6119,0.0087,0.8407,179.963,0.55677,0.14373,0.24437,0.8152,-0.3844,150.3806,0.61992
2014-09-24T02:00:04Z,448.618,-13.5755,0.3396,0.7267,178.567,0.52371,0.1138,0.28583,0.7038,-0.502,150.4232,0.62188
2014-09-24T02:00:05Z,447.936,-13.4451,0.5518,0.7786,177.65,0.56469,0.10841,0.22193,0.8742,-0.5118,150.5038,0.6246
2014-09-24T02:00:06Z,448.798,-13.8474,0.1961,0.7876,179.189,0.52503,0.11599,0.28372,0.8716,-0.5112,150.3829,0.61525
2014-09-24T02:00:07Z,448.654,-13.6067,0.0093,0.6252,179.961,0.47382,0.10945,0.22382,0.7742,-0.5403,150.6175,0.62791
2014-09-24T02:00:08Z,448.69,-13.774,-0.2945,0.6565,181.225,0.54629,0.09934,0.22874,0.9013,-0.4032,150.4088,0.63508
2014-09-24T02:00:09Z,449.035,-13.5319,-0.1862,0.7765,180.788,0.51401,0.09766,0.24761,0.9666,-0.4871,150.3874,0.63629
2014-09-24T02:00:10Z,448.038,-13.5019,0.2808,0.7696,178.809,0.51573,0.07316,0.29776,0.9063,-0.6668,150.3905,0.62384
2014-09-24T02:00:11Z,448.054,-13.4254,-0.1259,0.6886,180.537,0.48884,0.11998,0.23455,0.8547,-0.3944,150.4361,0.63335
2014-09-24T02:00:12Z,448.863,-13.6903,-0.0461,0.6793,180.193,0.56575,0.09853,0.20686,0.9551,-0.412,150.4092,0.62102
2014-09-24T02:00:13Z,448.787,-13.4718,0.0888,0.7496,179.622,0.51219,0.13586,0.21476,1.0055,-0.4381,150.6138,0.62399
2014-09-24T02:00:14Z,448.871,-13.4059,0.1938,0.847,179.172,0.56461,0.12281,0.27273,0.9153,-0.7046,150.4512,0.63019
2014-09-24T02:00:15Z,448.673,-13.8587,-0.0775,0.7506,180.32,0.51446,0.08459,0.21518,0.9213,-0.4824,150.5506,0.62459
2014-09-24T02:00:16Z,449.089,-13.5159,-0.1272,0.9201,180.539,0.50205,0.13171,0.27837,1.0639,-0.4088,150.4736,0.61742
2014-09-24T02:00:17Z,449.205,-13.4628,-0.0748,0.688,180.318,0.55823,0.03683,0.25003,1.1082,-0.448,150.4717,0.63445
2014-09-24T02:00:18Z,449.071,-13.6468,-0.1986,0.7767,180.834,0.52339,0.14942,0.2471,1.2344,-0.46,150.7125,0.62141
2014-09-24T02:00:19Z,448.832,-13.792,-0.2096,0.7219,180.871,0.52362,0.06801,0.25495,1.1357,-0.4029,150.7748,0.62413
2014-09-24T02:00:20Z,448.208,-13.4755,-0.0808,0.8163,180.344,0.49315,0.11416,0.22711,1.0057,-0.4616,150.754,0.637
2014-09-24T02:00:21Z,449.237,-13.7858,-0.1337,0.6786,180.556,0.51372,0.11277,0.25019,1.2855,-0.3747,150.4927,0.63307
2014-09-24T02:00:22Z,449.418,-13.6306,0.1393,0.9492,179.415,0.53584,0.13049,0.21652,1.2266,-0.4563,150.5192,0.63041
2014-09-24T02:00:23Z,449.238,-13.6116,-0.1337,0.5873,180.563,0.4926,0.09449,0.27967,1.0015,-0.4609,150.863,0.61748
2014-09-24T02:00:24Z,448.726,-13.5035,-0.0459,0.928,180.195,0.51155,0.04938,0.21987,1.0992,-0.3944,150.6524,0.62015
2014-09-24T02:00:25Z,449.292,-13.6986,-0.3982,0.7649,181.665,0.51447,0.09514,0.25613,1.1619,-0.496,150.553,0.63285
2014-09-24T02:00:26Z,449.379,-13.7061,-0.1777,0.8109,180.743,0.52658,0.09815,0.21888,1.2878,-0.5503,150.8114,0.63492
2014-09-24T02:00:27Z,449.646,-13.5854,-0.3838,0.8887,181.618,0.56184,0.05271,0.23102,1.0498,-0.4606,150.7226,0.6321
2014-09-24T02:00:28Z,448.816,-13.4578,-0.2353,0.8413,181.001,0.51728,0.10539,0.2346,1.25,-0.4121,150.7855,0.62648
2014-09-24T02:00:29Z,449.065,-13.2627,-0.2102,0.6822,180.908,0.50744,0.07767,0.31807,1.3413,-0.3838,150.5174,0.6264
2014-09-24T02:00:30Z,449.427,-13.8277,-0.3249,0.8148,181.346,0.59327,0.1211,0.24276,1.0713,-0.3818,150.7213,0.63236
2014-09-24T02:00:31Z,449.208,-13.5563,0.0096,0.9414,179.959,0.51369,0.09903,0.22217,1.3768,-0.4603,150.8615,0.62079
2014-09-24T02:00:32Z,448.818,-13.7703,-0.1564,0.666,180.651,0.51966,0.15452,0.23118,1.4054,-0.4671,150.7152,0.63169
2014-09-24T02:00:33Z,449.376,-13.4481,-0.2128,0.966,180.907,0.51538,0.0994,0.20427,1.2873,-0.4994,150.9155,0.62
2014-09-24T02:00:34Z,449.455,-13.7404,-0.2937,0.7925,181.225,0.51729,0.11687,0.23739,1.2815,-0.4307,150.673,0.62283
2014-09-24T02:00:35Z,449.305,-13.7019,-0.1629,0.7105,180.681,0.52604,0.1011,0.28732,1.3235,-0.5806,150.8061,0.6328
2014-09-24T02:00:36Z,449.373,-13.6879,-0.6619,0.6642,182.769,0.54699,0.06615,0.24902,1.1973,-0.4462,150.9946,0.63616
2014-09-24T02:00:37Z,449.227,-13.6119,-0.2599,0.7311,181.094,0.53394,0.10193,0.26278,1.4035,-0.2188,150.7277,0.63434
2014-09-24T02:00:38Z,449.856,-13.5448,-0.6329,0.5573,182.675,0.55064,0.12619,0.21702,1.4656,-0.5658,150.8827,0.62279
2014-09-24T02:00:39Z,449.045,-13.5287,-0.5881,0.7116,182.489,0.54967,0.12272,0.23426,1.3688,-0.4318,150.9267,0.61682
2014-09-24T02:00:40Z,449.176,-13.6001,-0.4382,0.7266,181.846,0.52863,0.10064,0.24401,1.5623,-0.4129,150.8901,0.6318
2014-09-24T02:00:41Z,449.407,-13.7956,-0.3563,0.6451,181.48,0.53267,0.07187,0.22035,1.5108,-0.4015,150.8687,0.61673
2014-09-24T02:00:42Z,449.732,-13.4828,-0.7332,0.8269,183.113,0.55083,0.12471,0.24804,1.5413,-0.5183,150.8187,0.63953
2014-09-24T02:00:43Z,448.922,-13.6079,-0.6564,0.7305,182.762,0.49516,0.11939,0.25299,1.5062,-0.3986,150.9387,0.62337
2014-09-24T02:00:44Z,449.008,-13.424,-0.5838,0.6885,182.49,0.58522,0.1303,0.25074,1.6155,-0.4816,150.9216,0.64992
2014-09-24T02:00:45Z,448.775,-13.7061,-0.6455,0.7195,182.697,0.50978,0.10267,0.23295,1.6769,-0.5521,150.8009,0.62436
2014-09-24T02:00:46Z,449.521,-13.8316,-0.5081,0.7869,182.104,0.51363,0.06773,0.26356,1.5586,-0.3607,151.0672,0.63576
2014-09-24T02:00:47Z,449.139,-13.5996,-0.14,0.7587,180.59,0.49192,0.12349,0.2294,1.6694,-0.3828,150.879,0.62615
2014-09-24T02:00:48Z,449.417,-13.3964,-0.6113,0.681,182.613,0.49246,0.11023,0.22668,1.6875,-0.5124,150.8417,0.63068
2014-09-24T02:00:49Z,449.804,-13.5616,-0.8033,0.7632,183.39,0.54616,0.14556,0.27099,1.6763,-0.4777,150.9359,0.63345
2014-09-24T02:00:50Z,449.369,-13.6195,-0.9067,0.7456,183.809,0.57836,0.11179,0.20682,1.794,-0.4798,150.9189,0.63881
2014-09-24T02:00:51Z,449.696,-13.7157,-0.7798,0.6363,183.254,0.50721,0.11025,0.19147,1.6186,-0.5641,150.9951,0.64002
2014-09-24T02:00:52Z,449.531,-13.3223,-0.8911,0.7213,183.827,0.52985,0.12213,0.2119,1.6597,-0.3708,150.9094,0.6376
2014-09-24T02:00:53Z,449.892,-13.7356,-0.6987,0.8077,182.912,0.52644,0.09708,0.24282,1.6478,-0.3671,151.0911,0.63999
2014-09-24T02:00:54Z,449.844,-13.6895,-0.72,0.8068,183.011,0.54571,0.09618,0.26477,1.7844,-0.457,151.1972,0.62665
2014-09-24T02:00:55Z,449.456,-13.4982,-0.8765,0.7266,183.715,0.57593,0.11017,0.21571,1.7209,-0.432,151.0824,0.63664
2014-09-24T02:00:56Z,449.66,-13.8589,-0.5281,0.8169,182.182,0.55824,0.08992,0.27713,1.7032,-0.4199,150.9401,0.62859
2014-09-24T02:00:57Z,450.105,-13.3836,-0.9549,0.6508,184.081,0.514,0.10751,0.23198,1.9079,-0.4089,151.0059,0.63905
2014-09-24T02:00:58Z,449.898,-13.4822,-0.8816,0.6538,183.741,0.53292,0.16203,0.22794,1.9355,-0.5357,151.1321,0.63192
2014-09-24T02:00:59Z,449.292,-13.4463,-0.7871,0.7237,183.35,0.53514,0.13992,0.20911,1.7802,-0.3883,150.926,0.63577
2014-09-24T02:01:00Z,450.031,-13.4884,-0.7677,0.8979,183.257,0.51866,0.12186,0.27868,1.7127,-0.521,151.0121,0.63295
2014-09-24T02:01:01Z,449.443,-13.6014,-0.7292,0.7646,183.069,0.49149,0.15326,0.22567,1.9866,-0.372,150.9834,0.63648
2014-09-24T02:01:02Z,450.337,-13.726,-0.8749,0.7201,183.647,0.49863,0.09415,0.19565,1.8905,-0.5112,151.1724,0.62371
2014-09-24T02:01:03Z,450.222,-13.5875,-0.8005,0.9019,183.372,0.54702,0.17734,0.28992,1.9016,-0.5297,151.3898,0.61735
2014-09-24T02:01:04Z,449.985,-13.7141,-1.0771,0.7187,184.491,0.5493,0.10387,0.23784,1.8913,-0.4275,151.0602,0.63758
2014-09-24T02:01:05Z,449.959,-13.4939,-0.8586,0.9706,183.641,0.51253,0.16578,0.24749,1.8337,-0.429,151.2806,0.64016
2014-09-24T02:01:06Z,449.852,-13.4456,-0.8796,0.6959,183.743,0.52393,0.16598,0.26908,1.8793,-0.4164,151.1553,0.62818
2014-09-24T02:01:07Z,450.182,-13.3402,-0.8071,0.6455,183.462,0.54702,0.07247,0.24192,1.9811,-0.4958,151.0924,0.63529
2014-09-24T02:01:08Z,449.836,-13.5083,-1.3035,0.73,185.512,0.47417,0.15328,0.25045,1.9054,-0.408,151.3935,0.61545
2014-09-24T02:01:09Z,450.068,-13.4215,-1.2081,0.7214,185.143,0.50529,0.10981,0.22695,1.99,-0.4002,151.4658,0.62318
2014-09-24T02:01:10Z,450.311,-13.6008,-0.9672,0.6651,184.068,0.56656,0.10301,0.24345,1.9705,-0.3306,151.3037,0.62845
2014-09-24T02:01:11Z,449.829,-13.6316,-1.5078,1.0062,186.312,0.52326,0.13063,0.22377,1.8987,-0.4089,151.3115,0.61355
2014-09-24T02:01:12Z,449.83,-13.4874,-1.0552,0.7776,184.473,0.4872,0.09262,0.22363,2.1266,-0.4716,151.2941,0.61481
2014-09-24T02:01:13Z,449.648,-13.6168,-0.9891,0.7921,184.155,0.51801,0.13067,0.22663,2.058,-0.5314,151.2858,0.62792
2014-09-24T02:01:14Z,449.714,-13.5163,-1.2534,0.6992,185.298,0.54026,0.0949,0.21323,2.0502,-0.546,151.3473,0.6214
2014-09-24T02:01:15Z,449.466,-13.7169,-1.2507,0.6876,185.21,0.45069,0.12315,0.23526,2.0813,-0.3977,151.3936,0.62304
2014-09-24T02:01:16Z,450.382,-13.6787,-1.3653,0.8472,185.7,0.51839,0.15241,0.2347,1.9065,-0.3602,151.505,0.62212
2014-09-24T02:01:17Z,450.779,-13.4453,-1.301,0.5766,185.527,0.5043,0.12899,0.24213,2.0233,-0.4949,151.299,0.61465
2014-09-24T02:01:18Z,450.665,-13.4072,-1.3157,0.6297,185.605,0.47218,0.11063,0.23715,1.9532,-0.4034,151.3767,0.62271
2014-09-24T02:01:19Z,449.617,-13.6975,-1.3642,0.7197,185.687,0.51489,0.13346,0.27065,2.0978,-0.4379,151.3678,0.62385
2014-09-24T02:01:20Z,450.46,-13.4385,-1.3905,0.8788,185.907,0.50904,0.08506,0.24647,2.1262,-0.3667,151.4917,0.6188
2014-09-24T02:01:21Z,450.723,-13.6145,-1.3391,0.7059,185.618,0.51145,0.09955,0.21446,2.1236,-0.3551,151.642,0.61894
2014-09-24T02:01:22Z,450.086,-13.5371,-1.3605,0.7851,185.739,0.50294,0.11006,0.23047,2.2185,-0.6059,151.5205,0.62079
2014-09-24T02:01:23Z,450.301,-13.323,-1.0556,0.7459,184.53,0.4857,0.14079,0.25395,2.0161,-0.3424,151.5071,0.62843
2014-09-24T02:01:24Z,449.582,-13.4202,-1.4155,0.873,186.021,0.47445,0.13156,0.19437,2.0835,-0.4051,151.5307,0.62056
2014-09-24T02:01:25Z,450.398,-13.4115,-1.3228,0.5842,185.633,0.49312,0.13509,0.26797,2.192,-0.4681,151.5793,0.60534
2014-09-24T02:01:26Z,449.952,-13.2475,-1.4803,0.8163,186.376,0.53144,0.12132,0.19773,2.1911,-0.4663,151.7067,0.61061
2014-09-24T02:01:27Z,450.414,-13.6326,-1.5006,0.7223,186.282,0.51535,0.1026,0.23909,2.0758,-0.4239,151.3093,0.62702
2014-09-24T02:01:28Z,449.817,-13.6794,-1.6874,0.8349,187.032,0.50736,0.1598,0.21623,2.2875,-0.4672,151.5505,0.61347
2014-09-24T02:01:29Z,450.573,-13.6299,-1.6855,0.6598,187.05,0.48265,0.10545,0.21427,2.3259,-0.5023,151.245,0.61762
2014-09-24T02:01:30Z,450.761,-13.5558,-1.6495,0.7438,186.938,0.49884,0.13366,0.18246,2.2469,-0.4845,151.6109,0.63309
2014-09-24T02:01:31Z,450.147,-13.8753,-1.4605,0.7313,186.009,0.52616,0.12067,0.2372,2.1024,-0.5116,151.5834,0.6221
2014-09-24T02:01:32Z,450.043,-13.5524,-1.3457,0.6411,185.671,0.51988,0.13784,0.18178,2.2459,-0.3213,151.4863,0.59919
2014-09-24T02:01:33Z,449.706,-13.6045,-1.7944,0.6133,187.514,0.49486,0.10892,0.17739,2.2702,-0.4252,151.2865,0.62727
2014-09-24T02:01:34Z,450.386,-13.396,-1.6268,0.6827,186.924,0.44103,0.15067,0.24193,2.2308,-0.2501,151.5647,0.61622
2014-09-24T02:01:35Z,450.295,-13.4596,-1.7685,0.7536,187.485,0.48896,0.1591,0.25715,2.3698,-0.4013,151.601,0.61728
2014-09-24T02:01:36Z,449.975,-13.6038,-1.6224,0.6649,186.801,0.49328,0.14971,0.1952,2.262,-0.3846,151.585,0.61605
2014-09-24T02:01:37Z,450.696,-13.4155,-1.4393,0.7069,186.124,0.48218,0.12916,0.23643,2.4487,-0.5174,151.5417,0.6202
2014-09-24T02:01:38Z,450.399,-13.3965,-1.687,0.5513,187.177,0.49403,0.11463,0.23073,2.3518,-0.4507,151.5268,0.61153
2014-09-24T02:01:39Z,450.199,-13.6202,-1.6462,0.7027,186.892,0.52426,0.19635,0.208,2.3199,-0.4283,151.6238,0.59957
2014-09-24T02:01:40Z,450.4,-13.5745,-1.4394,0.8418,186.053,0.50241,0.10129,0.24315,2.3799,-0.486,151.5614,0.61326
2014-09-24T02:01:41Z,450.988,-13.826,-1.6071,0.8094,186.63,0.52757,0.14839,0.20513,2.4369,-0.4731,151.735,0.59886
2014-09-24T02:01:42Z,450.843,-13.655,-1.8088,0.7301,187.546,0.46459,0.13497,0.22162,2.3944,-0.4032,151.6588,0.62368
2014-09-24T02:01:43Z,450.606,-13.603,-1.6901,0.763,187.082,0.49415,0.12537,0.1768,2.3243,-0.4026,151.5067,0.60547
2014-09-24T02:01:44Z,450.887,-13.4752,-1.8566,0.6555,187.845,0.45276,0.13184,0.17733,2.2851,-0.5457,151.7094,0.60716
2014-09-24T02:01:45Z,450.283,-13.6322,-1.689,0.9009,187.063,0.49004,0.11474,0.23629,2.2556,-0.4171,151.7456,0.60137
2014-09-24T02:01:46Z,450.719,-13.5604,-1.693,0.9447,187.117,0.47401,0.13846,0.2203,2.1573,-0.3966,151.8785,0.60869
2014-09-24T02:01:47Z,450.778,-13.6642,-1.9942,0.7542,188.303,0.53164,0.13598,0.20241,2.3735,-0.4892,151.822,0.6088
2014-09-24T02:01:48Z,450.581,-13.4544,-1.7819,0.9967,187.544,0.50929,0.19528,0.25313,2.3353,-0.4984,151.6518,0.59892
2014-09-24T02:01:49Z,450.917,-13.4103,-1.8442,0.6692,187.83,0.52386,0.15539,0.25232,2.3462,-0.4089,151.8968,0.60714
2014-09-24T02:01:50Z,450.51,-13.4156,-1.7643,0.6121,187.492,0.48719,0.14179,0.21531,2.4616,-0.6513,151.6281,0.60323
2014-09-24T02:01:51Z,450.98,-13.4666,-1.7394,0.6658,187.36,0.47186,0.14356,0.16739,2.3764,-0.4465,151.7819,0.60108
2014-09-24T02:01:52Z,451.013,-13.6968,-1.8113,0.7145,187.533,0.47048,0.17544,0.20044,2.5429,-0.3172,151.867,0.59499
2014-09-24T02:01:53Z,449.818,-13.5686,-1.9489,0.9682,188.174,0.50282,0.10546,0.18187,2.3512,-0.657,151.9499,0.61867
2014-09-24T02:01:54Z,451.274,-13.5189,-1.7801,0.7078,187.501,0.54085,0.12543,0.20437,2.3249,-0.3848,152.0054,0.60876
2014-09-24T02:01:55Z,449.809,-13.531,-2.0721,0.6506,188.706,0.50531,0.08259,0.17817,2.3072,-0.4084,151.9564,0.60426
2014-09-24T02:01:56Z,450.679,-13.4475,-2.1567,0.646,189.111,0.48504,0.14451,0.17111,2.4707,-0.5684,151.8276,0.60658
2014-09-24T02:01:57Z,451.271,-13.2361,-2.4558,0.8493,190.511,0.48908,0.15202,0.1439,2.5099,-0.4132,151.9117,0.5991
2014-09-24T02:01:58Z,450.82,-13.3302,-2.0065,0.835,188.56,0.49241,0.10619,0.20408,2.3749,-0.3762,151.8886,0.59303
2014-09-24T02:01:59Z,450.436,-13.6014,-2.1386,0.6867,188.936,0.54324,0.16723,0.14187,2.3417,-0.5519,151.8076,0.57381
2014-09-24T02:02:00Z,450.585,-13.3472,-1.9743,0.5474,188.414,0.52279,0.11365,0.19078,2.5535,-0.5159,151.8793,0.58432
2014-09-24T02:02:01Z,451.345,-13.3422,-2.3472,0.6215,189.978,0.49782,0.12333,0.21558,2.319,-0.4588,152.083,0.61051
2014-09-24T02:02:02Z,450.331,-13.567,-2.169,0.9068,189.083,0.49344,0.13515,0.1796,2.5196,-0.3843,151.9802,0.60159
2014-09-24T02:02:03Z,451.417,-13.3046,-2.0184,0.8027,188.627,0.49754,0.17228,0.16997,2.3967,-0.5074,152.1339,0.59304
2014-09-24T02:02:04Z,451.021,-13.4573,-2.2629,0.7404,189.545,0.50177,0.11123,0.19483,2.4774,-0.4692,151.832,0.57792
2014-09-24T02:02:05Z,450.641,-13.6458,-2.0664,0.9207,188.611,0.47843,0.14023,0.17524,2.5349,-0.5207,151.9145,0.59473
2014-09-24T02:02:06Z,450.872,-13.3608,-2.2297,0.9293,189.475,0.46701,0.15258,0.20003,2.4898,-0.4673,152.0065,0.58654
2014-09-24T02:02:07Z,450.738,-13.395,-2.1701,0.7298,189.202,0.51326,0.14768,0.169,2.4307,-0.3873,152.0515,0.59347
2014-09-24T02:02:08Z,451.416,-13.4517,-2.0935,0.731,188.846,0.48734,0.14887,0.19164,2.5685,-0.4644,151.9779,0.5781
2014-09-24T02:02:09Z,451.387,-13.4205,-2.0587,0.6744,188.721,0.50984,0.15303,0.18502,2.4821,-0.5033,152.0819,0.5822
2014-09-24T02:02:10Z,450.547,-13.5285,-2.2079,0.7044,189.269,0.5266,0.12038,0.19282,2.7556,-0.4792,152.0934,0.59231
2014-09-24T02:02:11Z,451.025,-13.3211,-2.3618,0.5837,190.054,0.49778,0.1767,0.23341,2.3264,-0.5425,151.8876,0.59978
2014-09-24T02:02:12Z,450.882,-13.4176,-2.3274,0.5831,189.841,0.49305,0.13198,0.19695,2.3267,-0.5599,152.1139,0.57821
2014-09-24T02:02:13Z,451.655,-13.3749,-2.1805,0.5593,189.259,0.5634,0.12892,0.20399,2.5452,-0.3861,152.1582,0.57461
2014-09-24T02:02:14Z,450.747,-13.3527,-2.4496,0.8403,190.395,0.48788,0.16896,0.17518,2.4642,-0.3533,152.0927,0.58992
2014-09-24T02:02:15Z,451.799,-13.5654,-2.3399,0.5749,189.787,0.45474,0.11976,0.19581,2.5311,-0.6297,151.8913,0.57079
2014-09-24T02:02:16Z,451.243,-13.529,-2.3908,0.9261,190.022,0.47427,0.14378,0.18278,2.3805,-0.4419,152.0598,0.5705
2014-09-24T02:02:17Z,450.866,-13.7271,-2.3679,0.6581,189.787,0.51938,0.11795,0.18981,2.4731,-0.4219,152.1434,0.58127
2014-09-24T02:02:18Z,451.053,-13.3057,-2.5221,0.9045,190.733,0.44752,0.19925,0.20471,2.5056,-0.5897,152.0253,0.59498
2014-09-24T02:02:19Z,451.027,-13.5693,-2.6673,0.6941,191.121,0.46035,0.19423,0.1754,2.4255,-0.5326,152.2158,0.57065
2014-09-24T02:02:20Z,450.879,-13.3659,-2.3304,0.5738,189.89,0.5061,0.13401,0.17737,2.4873,-0.5433,152.2091,0.57364
2014-09-24T02:02:21Z,451.376,-13.3217,-2.2816,0.8583,189.719,0.47092,0.15,0.17457,2.3594,-0.3473,152.1617,0.57666
2014-09-24T02:02:22Z,450.931,-13.2883,-2.7146,0.8701,191.546,0.47422,0.13738,0.1735,2.4992,-0.3694,152.1621,0.57116
2014-09-24T02:02:23Z,450.615,-13.5592,-2.4098,0.6393,190.077,0.50307,0.12878,0.18989,2.5824,-0.5776,152.1918,0.55998
2014-09-24T02:02:24Z,451.262,-13.3783,-2.3201,0.6962,189.838,0.45757,0.14072,0.17587,2.3666,-0.623,152.1842,0.57972
2014-09-24T02:02:25Z,450.782,-13.1196,-2.4128,0.6388,190.421,0.43803,0.13696,0.22183,2.3605,-0.4468,152.0681,0.57399
2014-09-24T02:02:26Z,451.167,-13.1056,-2.5826,0.7169,191.148,0.43927,0.10019,0.25077,2.5579,-0.4675,152.1657,0.57464
2014-09-24T02:02:27Z,451.129,-13.2116,-2.6804,0.7395,191.468,0.48778,0.14502,0.16901,2.3557,-0.4139,152.228,0.56978
2014-09-24T02:02:28Z,451.16,-13.3053,-2.5453,0.6934,190.83,0.47895,0.13763,0.18996,2.5262,-0.6007,152.3747,0.58225
2014-09-24T02:02:29Z,452.182,-13.4925,-2.5369,0.5458,190.648,0.45439,0.14672,0.20797,2.4611,-0.4605,152.3141,0.56534
2014-09-24T02:02:30Z,451.519,-13.2374,-2.5797,0.6698,191.027,0.44197,0.13721,0.17478,2.4208,-0.5795,152.4041,0.56
2014-09-24T02:02:31Z,451.602,-13.3645,-2.6395,0.7979,191.172,0.4634,0.13037,0.15597,2.5689,-0.4737,152.1284,0.58118
2014-09-24T02:02:32Z,450.911,-13.2603,-2.795,0.7069,191.902,0.49729,0.16149,0.22369,2.5229,-0.5291,152.2452,0.54954
2014-09-24T02:02:33Z,451.321,-13.4314,-2.587,0.6945,190.902,0.4477,0.15317,0.19679,2.4679,-0.3767,152.5002,0.56518
2014-09-24T02:02:34Z,451.643,-13.3555,-2.5977,0.6338,191.007,0.45124,0.17497,0.18701,2.27,-0.4956,152.2304,0.56509
2014-09-24T02:02:35Z,451.226,-13.3056,-2.6577,0.6659,191.296,0.43725,0.15266,0.21471,2.4956,-0.5593,152.2404,0.56408
2014-09-24T02:02:36Z,451.919,-13.2824,-2.6884,0.8672,191.442,0.45703,0.13558,0.1971,2.3492,-0.5258,152.3014,0.55189
2014-09-24T02:02:37Z,451.197,-13.2491,-2.4733,0.6125,190.574,0.47386,0.15616,0.17605,2.4131,-0.5477,152.5423,0.55415
2014-09-24T02:02:38Z,451.535,-13.4028,-2.8367,0.7981,191.95,0.51748,0.09145,0.15223,2.4272,-0.6348,152.2852,0.57063
2014-09-24T02:02:39Z,451.447,-13.5146,-2.5696,0.7306,190.766,0.46924,0.19378,0.16371,2.574,-0.3913,152.42,0.5734
2014-09-24T02:02:40Z,451.726,-13.0627,-2.89,0.75,192.475,0.46164,0.14826,0.20556,2.3973,-0.4202,152.4153,0.55834
2014-09-24T02:02:41Z,451.461,-12.932,-2.6327,0.6522,191.507,0.48373,0.19623,0.19189,2.2988,-0.5651,152.1951,0.55362
2014-09-24T02:02:42Z,451.607,-13.2329,-2.6323,0.6899,191.25,0.47874,0.1201,0.16957,2.5251,-0.4979,152.3982,0.54618
2014-09-24T02:02:43Z,451.636,-13.4945,-2.8798,0.7243,192.046,0.44606,0.11411,0.2178,2.4603,-0.3928,152.3563,0.56739
2014-09-24T02:02:44Z,451.479,-13.4096,-2.6056,0.6727,190.996,0.51722,0.15141,0.1691,2.4577,-0.4609,152.4912,0.56729
2014-09-24T02:02:45Z,451.922,-13.2088,-2.802,0.7574,191.977,0.45823,0.15154,0.19711,2.51,-0.5875,152.6091,0.53624
2014-09-24T02:02:46Z,451.852,-13.0808,-3.0227,0.7698,193.011,0.4639,0.15114,0.17731,2.5228,-0.573,152.4125,0.53879
2014-09-24T02:02:47Z,451.754,-13.4609,-2.966,0.9412,192.426,0.47093,0.14754,0.21953,2.3075,-0.7065,152.4242,0.55875
2014-09-24T02:02:48Z,451.651,-13.2947,-2.7587,0.7516,191.723,0.46495,0.1274,0.18942,2.2611,-0.5102,152.7222,0.55928
2014-09-24T02:02:49Z,452.097,-13.2381,-2.8077,0.532,191.975,0.49358,0.10617,0.17114,2.4332,-0.4759,152.4109,0.55283
2014-09-24T02:02:50Z,451.752,-13.1373,-3.1242,0.8395,193.377,0.43984,0.15059,0.16491,2.338,-0.4785,152.3595,0.55591
2014-09-24T02:02:51Z,451.744,-13.3146,-3.005,0.7026,192.718,0.47331,0.11165,0.16838,2.3382,-0.5256,152.6432,0.55374
2014-09-24T02:02:52Z,451.904,-13.4919,-2.9717,0.9239,192.422,0.45698,0.10949,0.15002,2.255,-0.5568,152.512,0.55548
2014-09-24T02:02:53Z,452.478,-13.1541,-3.0956,0.8692,193.243,0.47656,0.1346,0.13338,2.384,-0.6681,152.5571,0.54764
2014-09-24T02:02:54Z,451.431,-13.0852,-2.6868,0.672,191.603,0.44575,0.15508,0.17465,2.3618,-0.566,152.7635,0.55434
2014-09-24T02:02:55Z,452.186,-13.2544,-3.0221,0.7941,192.844,0.44148,0.1942,0.15298,2.3093,-0.6454,152.4117,0.54866
2014-09-24T02:02:56Z,451.27,-13.1865,-3.0871,0.6628,193.176,0.46766,0.16918,0.1523,2.2026,-0.5563,152.544,0.54762
2014-09-24T02:02:57Z,452.025,-13.3064,-2.9159,0.7218,192.36,0.45743,0.18073,0.16287,2.4021,-0.6628,152.4515,0.5384
2014-09-24T02:02:58Z,452.516,-13.3528,-3.1666,0.7886,193.341,0.42708,0.16143,0.16578,2.3173,-0.5636,152.6202,0.55159
2014-09-24T02:02:59Z,452.152,-13.0715,-2.9801,0.8323,192.843,0.48034,0.15445,0.16404,2.3776,-0.5027,152.5429,0.55911
2014-09-24T02:03:00Z,452.057,-13.164,-3.4001,0.8103,194.482,0.46411,0.20811,0.2067,2.111,-0.5819,152.4924,0.54979
2014-09-24T02:03:01Z,451.817,-13.1467,-3.2371,0.7282,193.833,0.44305,0.11258,0.17919,2.2747,-0.5894,152.6944,0.54929
2014-09-24T02:03:02Z,452.04,-12.9883,-3.0296,0.9687,193.13,0.43229,0.1355,0.2147,2.2035,-0.5462,152.6337,0.56191
2014-09-24T02:03:03Z,451.957,-13.3683,-2.9701,0.6837,192.526,0.45219,0.13764,0.15042,2.2542,-0.4812,152.5189,0.55983
2014-09-24T02:03:04Z,451.786,-13.2903,-3.3405,0.5593,194.109,0.45869,0.16854,0.18037,2.3171,-0.635,152.5365,0.56529
2014-09-24T02:03:05Z,451.976,-13.1774,-3.376,0.5783,194.37,0.40141,0.12191,0.15057,2.2613,-0.5884,152.6877,0.56928
2014-09-24T02:03:06Z,452.163,-13.2794,-3.1754,0.8668,193.448,0.44974,0.16564,0.1455,2.223,-0.5129,152.5113,0.55152
2014-09-24T02:03:07Z,451.84,-13.0761,-3.3732,0.7117,194.465,0.45574,0.16122,0.21255,2.2123,-0.584,152.7125,0.54164
2014-09-24T02:03:08Z,451.843,-13.2172,-3.3385,0.735,194.176,0.37969,0.16724,0.13909,2.076,-0.8014,152.835,0.54659
2014-09-24T02:03:09Z,451.664,-13.3353,-3.1856,0.6647,193.435,0.44248,0.16696,0.10188,2.1175,-0.7023,152.7791,0.55523
2014-09-24T02:03:10Z,452.293,-13.1655,-3.4155,0.6731,194.543,0.45401,0.18571,0.13935,2.2688,-0.5888,152.6614,0.56207
2014-09-24T02:03:11Z,452.363,-13.1445,-3.6469,0.6394,195.507,0.45023,0.14619,0.10622,2.1276,-0.6847,152.7624,0.54209
2014-09-24T02:03:12Z,452.269,-13.0262,-3.5659,0.7651,195.31,0.45483,0.16084,0.13202,2.248,-0.5413,152.6211,0.55247
2014-09-24T02:03:13Z,452.541,-13.1001,-3.387,0.7079,194.496,0.42564,0.12934,0.13371,2.2114,-0.5118,152.7712,0.54406
2014-09-24T02:03:14Z,452.25,-13.0882,-3.6871,0.761,195.733,0.40688,0.12379,0.15544,2.204,-0.7116,152.7361,0.54922
2014-09-24T02:03:15Z,452.372,-13.1034,-3.4703,0.7512,194.834,0.38694,0.1922,0.10269,2.1484,-0.751,152.676,0.54911
2014-09-24T02:03:16Z,452.356,-13.1751,-3.6529,0.6744,195.497,0.45829,0.12793,0.18321,2.0749,-0.7013,152.8535,0.55349
2014-09-24T02:03:17Z,452.233,-13.2509,-3.2168,0.571,193.645,0.4476,0.16443,0.10579,2.0854,-0.7099,152.6046,0.56675
2014-09-24T02:03:18Z,452.095,-13.0968,-3.1568,0.5621,193.552,0.45828,0.16183,0.14886,2.1363,-0.5576,152.6949,0.55437
2014-09-24T02:03:19Z,453.071,-13.1753,-3.656,1.0186,195.509,0.40998,0.17808,0.14333,1.9025,-0.7674,152.718,0.54722
2014-09-24T02:03:20Z,452.154,-12.8764,-3.4796,0.864,195.122,0.44724,0.1074,0.17144,2.1592,-0.6293,152.7852,0.54602
2014-09-24T02:03:21Z,452.094,-12.9244,-3.6807,0.85,195.896,0.38861,0.17129,0.15897,2.0068,-0.5818,152.9767,0.54939
2014-09-24T02:03:22Z,452.494,-13.0218,-3.6003,0.6481,195.455,0.40347,0.14771,0.17922,2.0267,-0.6315,152.9333,0.5441
2014-09-24T02:03:23Z,452.446,-13.0556,-3.3019,0.7163,194.193,0.42738,0.13431,0.13989,2.0141,-0.6663,152.8794,0.55237
2014-09-24T02:03:24Z,451.881,-13.1264,-3.6623,0.6339,195.589,0.43984,0.14318,0.13668,2.0036,-0.7185,152.8857,0.53216
2014-09-24T02:03:25Z,452.781,-13.2883,-3.651,0.5835,195.363,0.46426,0.17551,0.15799,1.8881,-0.5618,152.8897,0.54998
2014-09-24T02:03:26Z,452.371,-13.1308,-3.7689,0.6559,196.015,0.4153,0.16802,0.17277,1.9915,-0.7337,153.039,0.55085
2014-09-24T02:03:27Z,452.03,-13.0816,-3.4749,0.8473,194.876,0.39867,0.14668,0.16703,2.0129,-0.6425,152.7312,0.54289
2014-09-24T02:03:28Z,452.85,-13.049,-4.1523,0.7981,197.651,0.3964,0.12153,0.15382,1.7876,-0.7355,153.0009,0.5494
2014-09-24T02:03:29Z,452.668,-13.0098,-3.748,0.6169,196.071,0.40114,0.12343,0.15097,1.8327,-0.8745,152.8838,0.56171
2014-09-24T02:03:30Z,452.021,-12.9436,-3.7087,0.6825,195.988,0.47287,0.16911,0.14361,1.9939,-0.7532,152.9958,0.56261
2014-09-24T02:03:31Z,453.101,-13.1695,-3.8161,0.7881,196.16,0.43527,0.11847,0.15414,1.9644,-0.7485,153.0071,0.54915
2014-09-24T02:03:32Z,452.724,-13.1669,-3.6068,0.6561,195.319,0.44317,0.14759,0.19413,1.9167,-0.752,153.0405,0.55797
2014-09-24T02:03:33Z,452.505,-12.8439,-3.5749,0.721,195.554,0.40838,0.2177,0.13656,1.8232,-0.7979,153.1364,0.54217
2014-09-24T02:03:34Z,453.08,-12.9349,-3.9836,0.7527,197.117,0.41331,0.16229,0.13289,1.9198,-0.6995,152.8517,0.55219
2014-09-24T02:03:35Z,452.594,-13.1089,-3.4774,0.7516,194.857,0.42982,0.16948,0.13034,1.751,-0.6952,153.1001,0.55683
2014-09-24T02:03:36Z,452.544,-13.0617,-4.0233,0.7378,197.12,0.39869,0.12452,0.15047,1.8208,-0.7832,153.0039,0.56763
2014-09-24T02:03:37Z,452.337,-13.0579,-3.6354,0.6469,195.558,0.40304,0.12048,0.08706,1.7116,-0.7885,152.9749,0.56542
2014-09-24T02:03:38Z,452.787,-13.0279,-3.8231,0.6567,196.355,0.39244,0.17118,0.1361,1.7874,-0.8521,153.2351,0.55802
2014-09-24T02:03:39Z,452.765,-12.9566,-3.9394,0.5982,196.912,0.39711,0.14434,0.16086,1.7019,-0.7524,153.1125,0.54955
2014-09-24T02:03:40Z,452.618,-12.6435,-3.9439,0.5553,197.325,0.4085,0.18085,0.12505,1.8287,-0.6672,153.0113,0.56823
2014-09-24T02:03:41Z,452.351,-12.9926,-3.9066,0.6998,196.735,0.38571,0.1552,0.14224,1.7867,-0.6719,153.1593,0.55517
2014-09-24T02:03:42Z,452.687,-12.9129,-3.8875,0.7925,196.755,0.41238,0.24064,0.18968,1.69,-0.8349,153.0696,0.56203
2014-09-24T02:03:43Z,452.632,-13.2605,-4.0751,0.5727,197.083,0.41132,0.14003,0.1446,1.8063,-0.6325,153.0415,0.55802
2014-09-24T02:03:44Z,452.204,-13.0791,-3.9917,0.738,196.972,0.3987,0.16167,0.0797,1.6259,-0.8256,153.0347,0.57553
2014-09-24T02:03:45Z,452.171,-12.817,-4.0905,0.789,197.7,0.38147,0.1322,0.0998,1.6828,-0.8828,153.1363,0.55531
2014-09-24T02:03:46Z,452.898,-12.9281,-4.1731,0.5262,197.89,0.40374,0.18045,0.12814,1.6194,-0.9153,153.0549,0.56814
2014-09-24T02:03:47Z,451.804,-13.6524,-4.135,0.6832,196.85,0.38746,0.16576,0.11368,1.7109,-0.8974,153.1423,0.56075
2014-09-24T02:03:48Z,452.801,-12.8773,-4.1999,0.8741,198.064,0.40022,0.13082,0.13573,1.6857,-0.7896,153.2259,0.56664
2014-09-24T02:03:49Z,452.576,-12.6874,-4.1093,0.7645,197.947,0.42547,0.14701,0.12515,1.721,-0.8418,153.1587,0.57571
2014-09-24T02:03:50Z,453.216,-13.2625,-3.9975,0.5217,196.774,0.36565,0.18933,0.16103,1.606,-0.8768,153.3557,0.5474
2014-09-24T02:03:51Z,452.6,-12.7359,-4.0644,0.7747,197.699,0.45027,0.18642,0.10396,1.345,-0.8991,153.1697,0.56361
2014-09-24T02:03:52Z,453.017,-13.3697,-3.8031,0.6336,195.879,0.39307,0.11986,0.12542,1.5295,-0.9232,153.3137,0.55769
2014-09-24T02:03:53Z,452.662,-12.8112,-4.4501,0.7775,199.155,0.40414,0.14366,0.13541,1.6713,-0.9126,153.2867,0.56913
2014-09-24T02:03:54Z,452.855,-12.9456,-4.0656,0.639,197.435,0.37398,0.20093,0.13787,1.502,-0.7653,153.3519,0.57184
2014-09-24T02:03:55Z,453.087,-13.2887,-4.1524,0.7024,197.353,0.4203,0.15129,0.13238,1.3565,-0.7075,153.4068,0.5633
2014-09-24T02:03:56Z,452.682,-12.8677,-4.0504,0.6539,197.473,0.38755,0.16014,0.06779,1.5276,-0.7077,153.0437,0.56365
2014-09-24T02:03:57Z,453.207,-12.7509,-4.0817,0.7075,197.75,0.37979,0.18131,0.12952,1.5152,-0.8071,153.2566,0.57024
2014-09-24T02:03:58Z,452.524,-12.8701,-4.2342,0.6506,198.211,0.3742,0.12241,0.12304,1.3966,-0.9067,153.229,0.55921
2014-09-24T02:03:59Z,452.989,-12.8265,-4.2001,0.6845,198.131,0.38082,0.13229,0.14778,1.4164,-0.926,153.2615,0.57287
2014-09-24T02:04:00Z,453.223,-12.9678,-4.3549,0.5889,198.563,0.39693,0.14776,0.14361,1.3496,-0.8174,153.2208,0.56448
2014-09-24T02:04:01Z,453.145,-13.1802,-4.1695,0.7553,197.555,0.38973,0.18604,0.13093,1.4403,-0.9029,153.2163,0.57772
2014-09-24T02:04:02Z,453.599,-12.7867,-4.5599,0.7233,199.627,0.38335,0.18149,0.1321,1.3841,-0.8556,153.1707,0.56215
2014-09-24T02:04:03Z,452.675,-12.6315,-4.1827,0.5444,198.321,0.3655,0.17405,0.15745,1.2673,-0.7395,153.3005,0.569
2014-09-24T02:04:04Z,452.473,-12.7206,-4.3214,0.8052,198.764,0.36299,0.15264,0.15176,1.3406,-0.882,153.3942,0.56839
2014-09-24T02:04:05Z,452.622,-13.1808,-4.4085,0.688,198.493,0.36964,0.18442,0.12925,1.2634,-0.7225,153.2614,0.57289
2014-09-24T02:04:06Z,453.215,-13.0979,-4.3863,0.7212,198.515,0.3916,0.15243,0.17537,1.4196,-1.0004,153.2879,0.58716
2014-09-24T02:04:07Z,453.172,-12.992,-4.3935,0.7813,198.684,0.39558,0.17075,0.1054,1.3547,-0.8799,153.2608,0.58381
2014-09-24T02:04:08Z,453.047,-13.0993,-4.1934,0.7375,197.751,0.39788,0.17916,0.09083,1.2539,-0.8961,153.2411,0.5741
2014-09-24T02:04:09Z,452.632,-12.8518,-3.9224,0.8212,196.972,0.37684,0.19883,0.11957,1.2505,-1.0055,153.3268,0.575
2014-09-24T02:04:10Z,453.307,-12.7866,-4.2401,0.6748,198.346,0.3854,0.15505,0.10986,1.3054,-0.8682,153.3946,0.58685
2014-09-24T02:04:11Z,452.624,-13.0609,-4.5282,0.8077,199.121,0.37052,0.14744,0.05694,1.1905,-0.8154,153.4958,0.57138
2014-09-24T02:04:12Z,453.472,-12.7152,-4.364,0.7158,198.943,0.3301,0.18893,0.10163,1.2452,-0.7673,153.2607,0.5818
2014-09-24T02:04:13Z,454.08,-12.7293,-4.3733,0.7537,198.961,0.36718,0.19089,0.1259,1.2827,-0.9162,153.3866,0.57771
2014-09-24T02:04:14Z,453.222,-12.9041,-4.634,0.7436,199.754,0.36212,0.14305,0.11522,1.1051,-1.1068,153.5172,0.58212
2014-09-24T02:04:15Z,453.311,-12.8407,-4.7019,0.827,200.111,0.34445,0.12905,0.09663,1.2559,-0.9224,153.2912,0.59092
2014-09-24T02:04:16Z,452.948,-13.1047,-4.5415,0.775,199.114,0.35516,0.18719,0.11647,1.2123,-0.9069,153.5455,0.58004
2014-09-24T02:04:17Z,452.501,-12.8603,-4.4304,0.6586,199.009,0.37164,0.1157,0.11785,1.1035,-0.9908,153.3845,0.59415
2014-09-24T02:04:18Z,452.937,-12.7987,-4.8097,0.6383,200.596,0.33885,0.11446,0.13202,1.0276,-0.9606,153.5092,0.60492
2014-09-24T02:04:19Z,452.779,-12.7698,-4.6945,0.6973,200.185,0.34833,0.1501,0.09748,1.0615,-1.0222,153.4258,0.59312
2014-09-24T02:04:20Z,452.668,-12.733,-4.5187,0.6261,199.539,0.40371,0.1569,0.13473,1.0025,-1.0001,153.5031,0.58859
2014-09-24T02:04:21Z,453.791,-12.7357,-4.6122,0.5961,199.908,0.32386,0.12786,0.08498,0.938,-0.9139,153.6276,0.59949
2014-09-24T02:04:22Z,453.297,-12.8105,-4.4257,0.4885,199.059,0.35826,0.15993,0.09903,1.0234,-0.89,153.4641,0.58234
2014-09-24T02:04:23Z,453.348,-12.7211,-4.8675,0.5461,200.939,0.3326,0.16107,0.15346,0.8781,-1.1087,153.5853,0.60436
2014-09-24T02:04:24Z,453.12,-12.6095,-4.3217,0.8995,198.918,0.34188,0.14241,0.08476,0.9121,-1.0539,153.5226,0.58715
2014-09-24T02:04:25Z,453.181,-12.7671,-4.9228,0.635,201.086,0.35464,0.20528,0.09326,0.8923,-1.146,153.4259,0.6115
2014-09-24T02:04:26Z,453.592,-12.6946,-5.0128,0.8906,201.548,0.3338,0.1652,0.07777,0.7881,-0.8779,153.4993,0.5894
2014-09-24T02:04:27Z,453.256,-12.767,-4.7363,0.7405,200.354,0.37175,0.18268,0.08779,0.929,-0.9613,153.5024,0.60141
2014-09-24T02:04:28Z,453.467,-12.8275,-4.9147,0.6949,200.964,0.39009,0.11807,0.1113,0.8371,-1.197,153.3914,0.58463
2014-09-24T02:04:29Z,453.225,-12.6479,-4.769,0.5497,200.66,0.37626,0.11786,0.12487,0.9381,-1.0482,153.5878,0.59638
2014-09-24T02:04:30Z,453.187,-12.8034,-4.7922,0.7,200.521,0.37975,0.16599,0.10611,0.7935,-1.0718,153.6169,0.59043
2014-09-24T02:04:31Z,452.828,-12.6592,-4.8297,0.8887,200.883,0.31854,0.20086,0.09784,0.7594,-1.1157,153.6416,0.58852
2014-09-24T02:04:32Z,452.641,-12.7081,-4.9452,0.8551,201.263,0.34587,0.12924,0.07425,0.6983,-0.9785,153.7125,0.61068
2014-09-24T02:04:33Z,453.255,-12.7452,-4.7694,0.7262,200.516,0.36254,0.15807,0.08652,0.7525,-0.9865,153.6741,0.59219
2014-09-24T02:04:34Z,453.379,-12.7409,-4.8992,0.5836,201.033,0.37154,0.1236,0.06542,0.7316,-1.0522,153.5275,0.5971
2014-09-24T02:04:35Z,452.922,-12.7657,-4.7055,0.6028,200.234,0.3925,0.13651,0.12186,0.766,-1.1313,153.5579,0.59714
2014-09-24T02:04:36Z,453.373,-12.9252,-4.9141,0.6128,200.817,0.3743,0.15929,0.12297,0.6907,-1.1368,153.6899,0.61404
2014-09-24T02:04:37Z,453.417,-12.6137,-5.0493,0.8256,201.816,0.36889,0.14214,0.10118,0.8314,-1.0889,153.654,0.61403
2014-09-24T02:04:38Z,452.656,-12.6372,-5.1784,0.8611,202.283,0.41122,0.1218,0.1126,0.6789,-1.1353,153.6223,0.61701
2014-09-24T02:04:39Z,453.104,-12.5332,-4.9671,0.717,201.619,0.34669,0.12122,0.12284,0.542,-1.1055,153.5455,0.60152
2014-09-24T02:04:40Z,453.579,-12.7289,-5.1475,0.6667,202.018,0.33596,0.10725,0.10284,0.5137,-1.0667,153.5889,0.61956
2014-09-24T02:04:41Z,453.585,-12.358,-5.1773,0.8516,202.731,0.34653,0.16629,0.13453,0.6207,-1.2404,153.7091,0.60335
2014-09-24T02:04:42Z,453.058,-12.6975,-4.9154,0.5989,201.162,0.31812,0.16929,0.07347,0.4749,-1.1847,153.4647,0.60461
2014-09-24T02:04:43Z,453.53,-12.7603,-5.277,0.7015,202.468,0.34159,0.16914,0.08972,0.5824,-1.1332,153.4346,0.60599
2014-09-24T02:04:44Z,453.845,-12.7681,-4.815,0.7422,200.662,0.29563,0.13157,0.08612,0.5849,-1.0117,153.7467,0.60721
2014-09-24T02:04:45Z,453.772,-12.8729,-5.0208,0.6094,201.307,0.32447,0.17942,0.11337,0.5652,-1.0758,153.6328,0.6127
2014-09-24T02:04:46Z,453.48,-12.3788,-5.0701,0.632,202.273,0.33373,0.1719,0.06072,0.4005,-1.1502,153.7418,0.60763
2014-09-24T02:04:47Z,453.362,-12.3972,-5.2369,0.6241,202.9,0.35925,0.15438,0.13215,0.5221,-1.1242,153.8613,0.6171
2014-09-24T02:04:48Z,453.318,-12.5062,-4.9848,0.8369,201.732,0.36219,0.15024,0.10937,0.4526,-1.171,153.611,0.59527
2014-09-24T02:04:49Z,453.714,-12.7198,-5.1159,0.8862,201.91,0.30923,0.13789,0.13846,0.3565,-1.0833,153.554,0.61886
2014-09-24T02:04:50Z,453.632,-12.3074,-5.2364,0.7061,203.048,0.38412,0.15888,0.09307,0.3707,-1.1413,153.7019,0.60919
2014-09-24T02:04:51Z,453.796,-12.6232,-5.1204,0.6675,202.079,0.33484,0.19446,0.07971,0.3996,-1.0803,153.6697,0.61343
2014-09-24T02:04:52Z,453.634,-12.6052,-5.421,0.6341,203.271,0.33603,0.18243,0.10927,0.2864,-1.2977,153.7442,0.61448
2014-09-24T02:04:53Z,453.887,-12.3397,-5.4305,0.6939,203.753,0.28849,0.14753,0.11799,0.3428,-1.2604,153.809,0.62804
2014-09-24T02:04:54Z,453.646,-12.4516,-5.3717,0.6386,203.336,0.31234,0.16734,0.07375,0.4126,-1.1806,153.7964,0.62537
2014-09-24T02:04:55Z,453.9,-12.2106,-5.1678,0.6836,202.939,0.35299,0.12629,0.04105,0.3525,-1.1698,153.7768,0.62084
2014-09-24T02:04:56Z,453.943,-12.4959,-5.2381,0.7343,202.743,0.32989,0.17202,0.04471,0.2603,-1.0239,153.8864,0.61727
2014-09-24T02:04:57Z,453.368,-12.5911,-5.1001,0.6526,202.051,0.32725,0.13293,0.09629,0.2509,-1.3673,153.856,0.63006
2014-09-24T02:04:58Z,453.03,-12.6194,-5.4144,0.6741,203.222,0.32914,0.1709,0.12764,0.1676,-1.2321,153.7791,0.63895
2014-09-24T02:04:59Z,454.215,-12.7858,-5.2028,0.6736,202.143,0.28628,0.2278,0.056,0.1483,-1.2425,153.8691,0.62516
2014-09-24T02:05:00Z,453.777,-12.5475,-5.3254,0.6604,202.997,0.31885,0.13926,0.0811,0.0446,-1.224,153.6593,0.61337
2014-09-24T02:05:01Z,453.099,-12.3333,-5.4701,0.6482,203.918,0.35538,0.22651,0.07858,0.1661,-1.1112,153.9285,0.6213
2014-09-24T02:05:02Z,453.461,-12.4042,-5.2868,0.7681,203.084,0.34625,0.16563,0.13469,0.1792,-1.1866,153.8325,0.63214
2014-09-24T02:05:03Z,453.994,-12.4785,-5.3698,0.5143,203.283,0.31486,0.13455,0.14253,0.0975,-1.3919,153.7184,0.62487
2014-09-24T02:05:04Z,453.638,-12.6268,-5.4732,0.8487,203.435,0.35599,0.13333,0.09606,0.0115,-1.1478,153.8049,0.62226
2014-09-24T02:05:05Z,453.568,-12.4368,-5.3903,0.7047,203.433,0.28433,0.21226,0.10729,0.0656,-1.1569,153.9584,0.62263
2014-09-24T02:05:06Z,454.25,-12.3048,-5.4306,0.7515,203.814,0.29042,0.16538,0.10598,0.1463,-1.2633,153.786,0.63128
2014-09-24T02:05:07Z,453.405,-12.3928,-5.4552,0.7632,203.759,0.36021,0.13881,0.05161,0.0895,-1.4207,153.9118,0.61896
2014-09-24T02:05:08Z,453.504,-12.424,-5.5111,0.6196,203.921,0.32698,0.14779,0.10047,-0.006,-1.3104,153.9666,0.63162
2014-09-24T02:05:09Z,453.87,-12.5574,-5.6608,0.5986,204.265,0.30422,0.16356,0.0569,0.139,-1.2677,153.8892,0.63326
2014-09-24T02:05:10Z,453.944,-12.2996,-5.4709,0.5865,203.98,0.30897,0.15248,0.0775,0.1699,-1.2325,153.8082,0.6296
2014-09-24T02:05:11Z,453.993,-12.8914,-5.6197,0.6648,203.554,0.2891,0.16125,0.10967,-0.1056,-1.4609,153.8961,0.62548
2014-09-24T02:05:12Z,454.15,-12.355,-5.6691,0.7591,204.648,0.31509,0.19685,0.08259,-0.1079,-1.3879,153.7694,0.64259
2014-09-24T02:05:13Z,453.913,-12.0216,-5.5705,0.6307,204.862,0.31203,0.12421,0.10752,-0.0538,-1.2456,153.8693,0.62438
2014-09-24T02:05:14Z,454.026,-12.6246,-5.4412,0.7495,203.316,0.3065,0.16842,0.11184,-0.2033,-1.2204,153.8153,0.63701
2014-09-24T02:05:15Z,453.776,-12.4293,-5.5418,0.4519,204.031,0.27593,0.15038,0.03483,-0.0833,-1.3133,153.929,0.64202
2014-09-24T02:05:16Z,453.901,-12.3854,-5.6662,0.6498,204.583,0.31046,0.13961,0.0237,-0.164,-1.263,153.8145,0.63802
2014-09-24T02:05:17Z,453.928,-12.4456,-5.6894,0.8048,204.567,0.28952,0.17878,0.10659,-0.1632,-1.3256,153.9574,0.64714
2014-09-24T02:05:18Z,453.978,-12.2126,-5.5254,0.6707,204.344,0.27702,0.11533,0.107,-0.2597,-1.2922,154.07,0.62873
2014-09-24T02:05:19Z,454.184,-12.2874,-5.9967,0.6046,206.014,0.33226,0.09259,0.08275,-0.2974,-1.3648,154.0839,0.63199
2014-09-24T02:05:20Z,454.12,-12.3282,-5.5352,0.6216,204.179,0.35376,0.15725,0.08554,-0.4138,-1.3453,153.8473,0.63512
2014-09-24T02:05:21Z,453.953,-12.2253,-5.9539,0.3843,205.967,0.347,0.14806,0.09746,-0.1567,-1.4886,153.9128,0.66562
2014-09-24T02:05:22Z,453.666,-12.3373,-5.9036,0.5859,205.572,0.31361,0.11757,0.09639,-0.2207,-1.3404,154.0722,0.64382
2014-09-24T02:05:23Z,453.984,-11.8519,-5.7843,0.7924,206.015,0.28964,0.1085,0.06633,-0.2626,-1.5057,154.0647,0.64576
2014-09-24T02:05:24Z,453.962,-12.2985,-5.399,0.6282,203.701,0.29344,0.19941,0.09723,-0.3089,-1.3551,153.9402,0.64586
2014-09-24T02:05:25Z,454.051,-12.2831,-5.4897,0.6397,204.082,0.30427,0.16259,0.06407,-0.5413,-1.4552,153.9605,0.64168
2014-09-24T02:05:26Z,454.767,-12.5542,-5.6494,0.4523,204.228,0.28255,0.15137,0.07822,-0.4373,-1.3979,154.0247,0.64984
2014-09-24T02:05:27Z,453.823,-12.3802,-5.7234,0.5227,204.811,0.32495,0.20562,0.07654,-0.4178,-1.5111,153.8404,0.62687
2014-09-24T02:05:28Z,454.166,-12.1153,-6.0718,0.8044,206.619,0.24002,0.17616,0.04946,-0.5038,-1.4825,154.0836,0.64442
2014-09-24T02:05:29Z,454.403,-12.4774,-5.7851,0.7467,204.875,0.28245,0.1947,0.05177,-0.5727,-1.4202,154.1466,0.64598
2014-09-24T02:05:30Z,454.075,-12.5959,-5.9097,0.5552,205.135,0.3088,0.12082,0.12561,-0.5352,-1.3967,154.0065,0.65104
2014-09-24T02:05:31Z,454.871,-12.2517,-5.9633,0.6212,205.954,0.26658,0.11974,0.04686,-0.4729,-1.377,153.9107,0.63396
2014-09-24T02:05:32Z,453.931,-12.0518,-5.839,0.6816,205.85,0.28064,0.16546,0.07782,-0.4925,-1.564,154.201,0.63486
2014-09-24T02:05:33Z,454.188,-12.2405,-5.9489,0.5646,205.92,0.30042,0.16024,0.08247,-0.4434,-1.5996,154.0887,0.63565
2014-09-24T02:05:34Z,453.807,-12.2928,-5.7667,0.4837,205.132,0.32247,0.18097,0.06603,-0.3704,-1.565,154.1447,0.64826
2014-09-24T02:05:35Z,453.975,-12.5114,-6.2039,0.6679,206.375,0.2511,0.1088,0.08358,-0.5,-1.5798,153.9487,0.64863
2014-09-24T02:05:36Z,454.196,-12.1545,-5.9183,0.7407,205.963,0.24819,0.16701,0.07443,-0.5881,-1.3767,153.956,0.63698
2014-09-24T02:05:37Z,454.416,-12.1129,-6.0775,0.7423,206.645,0.25768,0.17399,0.04386,-0.4492,-1.4024,154.1361,0.66013
2014-09-24T02:05:38Z,454.243,-12.4727,-6.025,0.7705,205.783,0.24183,0.1725,0.07845,-0.7389,-1.5969,154.2043,0.64732
2014-09-24T02:05:39Z,454.583,-12.0238,-5.9334,0.5272,206.265,0.24256,0.13876,0.05082,-0.7976,-1.388,153.9955,0.64622
2014-09-24T02:05:40Z,454.12,-12.0752,-6.1659,0.6884,207.05,0.25384,0.16172,0.10737,-0.721,-1.43,154.105,0.64374
2014-09-24T02:05:41Z,454.048,-12.0126,-5.991,0.6555,206.507,0.30794,0.1292,0.074,-0.6038,-1.6704,153.9632,0.65302
2014-09-24T02:05:42Z,455.122,-12.0765,-6.0595,0.6728,206.646,0.26825,0.14109,0.04518,-0.6739,-1.6301,154.0585,0.64884
2014-09-24T02:05:43Z,454.325,-12.0651,-6.1475,0.6606,207.0,0.27579,0.12217,0.07066,-0.7962,-1.6881,154.1096,0.66099
2014-09-24T02:05:44Z,453.946,-12.0803,-6.1378,0.6157,206.935,0.25007,0.1291,0.0384,-0.7825,-1.57,154.1909,0.63628
2014-09-24T02:05:45Z,453.966,-12.0196,-6.1074,0.3797,206.936,0.28875,0.14186,0.06739,-0.8419,-1.5694,153.938,0.63374
2014-09-24T02:05:46Z,453.89,-12.4149,-6.2167,0.7975,206.599,0.31876,0.13543,0.05472,-0.86,-1.5773,154.2872,0.64028
2014-09-24T02:05:47Z,454.559,-12.3525,-6.1143,0.7137,206.335,0.24863,0.12854,0.03911,-0.6546,-1.7484,154.1446,0.65071
2014-09-24T02:05:48Z,454.114,-12.2335,-6.1762,0.5322,206.787,0.3129,0.11484,0.03822,-0.8081,-1.7082,154.2976,0.64293
2014-09-24T02:05:49Z,454.297,-12.1323,-6.2422,0.7277,207.226,0.27785,0.19616,0.1195,-0.6728,-1.581,154.2445,0.65658
2014-09-24T02:05:50Z,454.241,-12.0467,-5.9293,0.6354,206.206,0.26812,0.13443,0.06033,-0.9032,-1.5598,154.2663,0.6433
2014-09-24T02:05:51Z,454.531,-12.0449,-6.121,0.6379,206.939,0.27667,0.155,0.04668,-0.8102,-1.779,154.3894,0.65514
2014-09-24T02:05:52Z,453.989,-11.9226,-6.2602,0.603,207.703,0.27539,0.10257,0.04178,-0.8487,-1.7277,154.1156,0.63986
2014-09-24T02:05:53Z,453.92,-11.91,-6.1982,0.7333,207.493,0.31103,0.18029,0.0681,-0.8138,-1.5513,154.2135,0.65597
2014-09-24T02:05:54Z,454.385,-12.2001,-6.3888,0.5991,207.639,0.27657,0.15032,0.03979,-0.8809,-1.7389,154.1072,0.65745
2014-09-24T02:05:55Z,454.528,-12.0235,-6.3164,0.5691,207.715,0.27607,0.13484,0.02781,-0.8394,-1.65,154.2022,0.64196
2014-09-24T02:05:56Z,454.445,-12.1786,-6.3162,0.7918,207.413,0.25097,0.13485,0.0538,-0.8907,-1.7623,154.2906,0.65037
2014-09-24T02:05:57Z,454.056,-12.0746,-6.474,0.6607,208.199,0.28146,0.16725,0.05304,-1.039,-1.5981,154.3375,0.64855
2014-09-24T02:05:58Z,454.587,-11.9844,-6.2431,0.6633,207.517,0.23554,0.07148,0.04305,-0.9096,-1.8339,154.1926,0.65049
2014-09-24T02:05:59Z,454.1,-12.5398,-6.3963,0.7473,207.025,0.26117,0.12449,0.03062,-0.9929,-1.7049,154.1164,0.65657
2014-09-24T02:06:00Z,454.189,-11.6573,-6.3902,0.611,208.73,0.3295,0.14189,0.04256,-1.063,-1.6133,154.2502,0.654
2014-09-24T02:06:01Z,454.051,-11.9265,-6.4397,0.6308,208.367,0.1938,0.14139,0.04003,-0.9615,-1.6477,154.1636,0.65025
2014-09-24T02:06:02Z,454.848,-12.0846,-5.9234,0.7075,206.112,0.26122,0.20706,0.036,-0.9592,-1.7416,154.1969,0.65134
2014-09-24T02:06:03Z,454.625,-11.6994,-6.4845,0.5227,208.998,0.26117,0.13576,0.05756,-1.0874,-1.7684,154.3278,0.63578
2014-09-24T02:06:04Z,454.625,-12.0317,-6.7122,0.6987,209.156,0.24766,0.16873,0.10574,-1.0924,-1.7391,154.315,0.6455
2014-09-24T02:06:05Z,454.861,-11.9487,-6.6575,0.6007,209.125,0.24724,0.18903,0.08281,-1.1909,-1.8317,154.3557,0.63689
2014-09-24T02:06:06Z,455.419,-12.0275,-6.3175,0.7613,207.711,0.25363,0.16027,0.09751,-1.2396,-1.7446,154.2443,0.64543
2014-09-24T02:06:07Z,453.847,-11.7124,-6.2556,0.731,208.107,0.24404,0.12643,0.03421,-1.1298,-1.7513,154.3846,0.65437
2014-09-24T02:06:08Z,454.197,-11.9638,-6.5733,0.7174,208.786,0.25489,0.11092,0.08971,-1.0621,-1.7862,154.2908,0.64523
2014-09-24T02:06:09Z,454.25,-11.9161,-6.2957,0.5149,207.849,0.23615,0.16143,0.05296,-1.1861,-1.6808,154.2666,0.62509
2014-09-24T02:06:10Z,454.179,-11.7497,-6.3933,0.6651,208.552,0.2979,0.18367,0.07139,-1.0407,-1.8546,154.1907,0.6366
2014-09-24T02:06:11Z,454.11,-11.8341,-6.55,0.5575,208.964,0.24004,0.15595,0.05761,-1.1859,-1.9135,154.0971,0.64945
2014-09-24T02:06:12Z,454.392,-11.9184,-6.5759,0.6712,208.888,0.25959,0.17289,0.03704,-1.1999,-1.8273,154.1552,0.64032
2014-09-24T02:06:13Z,454.082,-11.7375,-6.528,0.4432,209.081,0.22763,0.2066,0.06305,-1.2212,-1.7835,154.3386,0.65072
2014-09-24T02:06:14Z,454.635,-11.5091,-6.4373,0.5202,209.22,0.26669,0.16248,0.05664,-1.1335,-1.8101,154.2317,0.63461
2014-09-24T02:06:15Z,454.546,-11.8339,-6.5265,0.793,208.877,0.26071,0.11378,-0.00024,-1.3026,-1.8219,154.1633,0.64713
2014-09-24T02:06:16Z,454.707,-11.8534,-6.7034,0.7106,209.489,0.25187,0.14231,0.04031,-1.2499,-1.9081,154.2913,0.64733
2014-09-24T02:06:17Z,454.726,-11.836,-6.6445,0.6381,209.309,0.21472,0.17503,0.06467,-1.2969,-1.9048,154.3665,0.65
2014-09-24T02:06:18Z,454.77,-11.6555,-6.3376,0.5824,208.535,0.22062,0.13429,0.04925,-1.3114,-1.8735,154.3852,0.63823
2014-09-24T02:06:19Z,454.438,-11.9358,-6.6154,0.5647,208.997,0.2806,0.17789,0.05351,-1.2768,-1.8881,154.346,0.6495
2014-09-24T02:06:20Z,455.321,-11.8703,-6.5346,0.6925,208.833,0.21838,0.1383,0.02244,-1.3016,-1.7631,154.348,0.65511
2014-09-24T02:06:21Z,454.671,-12.0559,-6.604,0.6382,208.713,0.25252,0.14806,0.04709,-1.2212,-1.8381,154.3054,0.62466
2014-09-24T02:06:22Z,453.947,-12.0003,-6.6643,0.8274,209.045,0.21191,0.13066,0.03773,-1.3189,-1.9101,154.4277,0.64304
2014-09-24T02:06:23Z,454.259,-11.8882,-6.7039,0.6538,209.419,0.25976,0.14314,0.03451,-1.286,-1.7882,154.3516,0.62796
2014-09-24T02:06:24Z,454.01,-11.8119,-6.6035,0.6781,209.207,0.21643,0.14419,0.02207,-1.3289,-1.8484,154.3667,0.63531
2014-09-24T02:06:25Z,454.636,-11.5231,-6.6435,0.5328,209.965,0.20854,0.09838,0.06139,-1.2425,-2.0011,154.483,0.63574
2014-09-24T02:06:26Z,454.597,-11.699,-6.7284,0.6354,209.904,0.21385,0.12727,0.04661,-1.3908,-2.1601,154.4633,0.64121
2014-09-24T02:06:27Z,454.486,-11.9079,-6.8892,0.6889,210.051,0.21685,0.1072,0.04355,-1.4023,-2.0152,154.3705,0.64454
2014-09-24T02:06:28Z,455.363,-11.8628,-6.7391,0.6333,209.6,0.23986,0.12756,0.08817,-1.3303,-1.8699,154.3611,0.64854
2014-09-24T02:06:29Z,454.862,-11.5426,-6.8261,0.622,210.599,0.23052,0.11757,0.04821,-1.4265,-1.8546,154.3651,0.64319
2014-09-24T02:06:30Z,454.934,-11.5697,-6.8783,0.703,210.732,0.20045,0.16245,0.06585,-1.3724,-2.0671,154.2012,0.64625
2014-09-24T02:06:31Z,454.364,-11.7302,-6.4497,0.8218,208.804,0.22618,0.16244,0.04212,-1.2362,-1.89,154.5177,0.63201
2014-09-24T02:06:32Z,454.35,-11.7915,-7.0989,0.6846,211.05,0.19735,0.15057,0.02594,-1.5123,-1.9015,154.3441,0.64888
2014-09-24T02:06:33Z,454.722,-11.5434,-6.7387,0.7841,210.275,0.24108,0.10457,0.00776,-1.322,-1.8479,154.5027,0.61384
2014-09-24T02:06:34Z,454.78,-11.8511,-7.028,0.7316,210.669,0.24472,0.1335,0.03974,-1.4943,-1.892,154.4259,0.65221
2014-09-24T02:06:35Z,454.079,-11.6401,-6.899,0.778,210.655,0.22251,0.10197,-0.03341,-1.3581,-1.8683,154.5654,0.65056
2014-09-24T02:06:36Z,454.676,-11.343,-6.5466,0.608,209.991,0.22896,0.13166,0.03947,-1.4202,-1.9458,154.4837,0.64558
2014-09-24T02:06:37Z,454.754,-11.6428,-7.0922,0.648,211.348,0.26503,0.15122,0.04001,-1.4368,-1.957,154.5263,0.65721
2014-09-24T02:06:38Z,454.683,-11.7809,-7.0731,0.6483,210.98,0.21636,0.15952,0.02617,-1.5065,-2.0289,154.3803,0.62475
2014-09-24T02:06:39Z,454.483,-11.5952,-6.9846,0.723,211.063,0.19576,0.14622,0.02877,-1.5238,-1.9448,154.3153,0.64522
2014-09-24T02:06:40Z,454.589,-11.7166,-7.1248,0.7473,211.303,0.23292,0.16554,-0.00072,-1.5707,-2.1255,154.4628,0.63988
2014-09-24T02:06:41Z,454.726,-11.8443,-6.8806,0.6803,210.153,0.1892,0.14026,0.06468,-1.5214,-2.0385,154.2606,0.64057
2014-09-24T02:06:42Z,454.829,-11.5194,-7.1092,0.7552,211.681,0.21133,0.1276,0.02109,-1.5454,-1.9928,154.4097,0.62913
2014-09-24T02:06:43Z,455.019,-11.4454,-6.9461,0.6108,211.253,0.20069,0.15496,0.0047,-1.5239,-1.9318,154.3417,0.64142
2014-09-24T02:06:44Z,455.195,-11.6483,-7.2589,0.7554,211.93,0.19721,0.15545,0.0421,-1.6604,-2.0913,154.3808,0.64088
2014-09-24T02:06:45Z,454.723,-11.6528,-7.3494,0.7684,212.24,0.20758,0.11935,0.03074,-1.5539,-1.9843,154.5284,0.63243
2014-09-24T02:06:46Z,454.676,-11.731,-7.1292,0.7344,211.288,0.23542,0.1416,0.0185,-1.4627,-2.086,154.5258,0.63725
2014-09-24T02:06:47Z,454.999,-11.5965,-7.3445,0.6797,212.348,0.23965,0.12443,0.01534,-1.4959,-1.9998,154.4606,0.62714
2014-09-24T02:06:48Z,455.069,-11.6479,-6.8973,0.7373,210.632,0.23426,0.08124,0.02629,-1.5771,-2.1515,154.5127,0.63436
2014-09-24T02:06:49Z,454.713,-11.7085,-7.3727,0.5765,212.198,0.21861,0.14211,0.05956,-1.3813,-2.0379,154.4305,0.64508
2014-09-24T02:06:50Z,455.151,-11.2592,-7.3126,0.6853,213.003,0.20285,0.09841,0.03715,-1.6396,-2.1122,154.7311,0.64513
2014-09-24T02:06:51Z,455.226,-11.4625,-7.1107,0.6952,211.813,0.14945,0.13863,0.02404,-1.6072,-2.2081,154.5223,0.64332
2014-09-24T02:06:52Z,455.345,-11.4356,-7.2762,0.5319,212.468,0.21669,0.09169,0.0457,-1.723,-2.1342,154.4369,0.64476
2014-09-24T02:06:53Z,455.525,-11.3773,-7.4311,0.712,213.15,0.14962,0.11174,0.02457,-1.6458,-2.0248,154.5871,0.64478
2014-09-24T02:06:54Z,454.609,-11.3924,-6.9186,0.5399,211.27,0.15763,0.11854,0.03342,-1.4767,-2.2207,154.6273,0.63176
2014-09-24T02:06:55Z,454.926,-11.5572,-7.3892,0.6216,212.593,0.20078,0.15907,0.02665,-1.655,-2.2666,154.4294,0.63956
2014-09-24T02:06:56Z,454.935,-11.4442,-7.2844,0.6681,212.477,0.21055,0.11533,0.03712,-1.7539,-2.1247,154.3685,0.64549
2014-09-24T02:06:57Z,454.906,-11.5156,-7.3026,0.5908,212.381,0.19178,0.10143,0.01077,-1.5675,-2.2995,154.3919,0.62571
2014-09-24T02:06:58Z,454.722,-11.4011,-7.1818,0.672,212.208,0.24056,0.13705,-0.00711,-1.6116,-2.0489,154.4504,0.62564
2014-09-24T02:06:59Z,454.439,-11.408,-7.2366,0.6703,212.389,0.21284,0.12216,0.04355,-1.5815,-2.0596,154.5153,0.62518
2014-09-24T02:07:00Z,455.001,-11.5015,-7.4428,0.5811,212.908,0.19418,0.14698,0.058,-1.6767,-2.1083,154.3612,0.62241
2014-09-24T02:07:01Z,454.709,-11.636,-7.3854,0.7199,212.403,0.2342,0.10155,-0.00742,-1.7382,-2.201,154.4856,0.62829
2014-09-24T02:07:02Z,455.017,-11.4017,-7.3848,0.5863,212.931,0.2378,0.13175,0.02387,-1.6769,-2.0757,154.5099,0.63252
2014-09-24T02:07:03Z,454.718,-11.4468,-7.2561,0.8914,212.371,0.21062,0.18784,0.00767,-1.6222,-2.1099,154.5664,0.64885
2014-09-24T02:07:04Z,454.62,-11.6903,-7.5603,0.6515,212.891,0.17755,0.11974,0.04049,-1.6765,-2.2689,154.5983,0.6333
2014-09-24T02:07:05Z,455.097,-11.3161,-7.0955,0.5448,212.089,0.18232,0.13002,0.02408,-1.6436,-2.12,154.5804,0.62473
2014-09-24T02:07:06Z,455.077,-11.2374,-7.5282,0.5633,213.819,0.15904,0.08344,0.10061,-1.7213,-2.3168,154.7226,0.63826
2014-09-24T02:07:07Z,455.236,-10.9913,-7.4306,0.7761,214.061,0.19329,0.10326,0.0094,-1.6478,-2.2684,154.6558,0.63551
2014-09-24T02:07:08Z,455.807,-11.4138,-7.6159,0.6199,213.713,0.16725,0.13569,0.05488,-1.6853,-2.4049,154.5716,0.63087
2014-09-24T02:07:09Z,455.148,-11.4315,-7.6564,0.5246,213.813,0.18442,0.11557,0.05682,-1.7446,-2.2585,154.4553,0.63254
2014-09-24T02:07:10Z,455.23,-11.506,-7.6082,0.746,213.474,0.19831,0.13878,0.02881,-1.6797,-2.3026,154.4877,0.64591
2014-09-24T02:07:11Z,454.692,-11.3027,-7.6417,0.6191,214.062,0.14135,0.13366,0.01592,-1.7245,-2.324,154.4152,0.62625
2014-09-24T02:07:12Z,454.628,-11.2938,-7.5745,0.7258,213.849,0.15851,0.08969,0.01688,-1.6465,-2.3099,154.5762,0.62436
2014-09-24T02:07:13Z,455.642,-11.4265,-7.6691,0.7533,213.868,0.17659,0.14762,0.01428,-1.6282,-2.3518,154.5967,0.64161
2014-09-24T02:07:14Z,454.773,-11.3282,-7.4388,0.6874,213.292,0.18711,0.09077,0.04188,-1.6599,-2.311,154.6556,0.63316
2014-09-24T02:07:15Z,454.74,-11.5886,-7.6766,0.8993,213.522,0.17523,0.10232,-0.00875,-1.8325,-2.2205,154.5957,0.6507
2014-09-24T02:07:16Z,455.101,-11.1392,-7.707,0.4868,214.679,0.17998,0.12677,0.00857,-1.7804,-2.417,154.677,0.63727
2014-09-24T02:07:17Z,455.092,-11.3833,-7.6477,0.5773,213.894,0.16826,0.15981,0.00506,-1.7555,-2.2719,154.6816,0.63795
2014-09-24T02:07:18Z,454.817,-11.2648,-7.4572,0.6334,213.504,0.14885,0.09513,-0.03151,-1.7693,-2.3325,154.4738,0.64531
2014-09-24T02:07:19Z,455.035,-11.4611,-7.5884,0.8848,213.508,0.17089,0.1235,0.03264,-1.7499,-2.3287,154.5273,0.62592
2014-09-24T02:07:20Z,455.581,-11.3191,-7.6481,0.8379,214.046,0.1781,0.1233,0.03727,-1.6331,-2.3699,154.5804,0.64229
2014-09-24T02:07:21Z,454.877,-11.2693,-7.868,0.7871,214.922,0.17485,0.13542,-0.00563,-1.6516,-2.4337,154.5133,0.63698
2014-09-24T02:07:22Z,454.681,-11.2201,-7.8413,0.5787,214.948,0.18459,0.14817,0.03551,-1.7416,-2.3496,154.5619,0.64845
2014-09-24T02:07:23Z,455.507,-11.1286,-7.8725,0.5897,215.276,0.19145,0.10805,-0.0303,-1.6604,-2.3526,154.6186,0.63541
2014-09-24T02:07:24Z,455.359,-10.9754,-7.5012,0.5744,214.351,0.19721,0.14302,0.00942,-1.6811,-2.4671,154.5784,0.64237
2014-09-24T02:07:25Z,454.978,-11.0739,-7.6356,0.5789,214.587,0.16351,0.15056,0.0052,-1.7096,-2.519,154.5929,0.63846
2014-09-24T02:07:26Z,454.65,-11.0317,-7.8621,0.8064,215.477,0.13915,0.16148,0.01009,-1.6145,-2.414,154.5007,0.64504
2014-09-24T02:07:27Z,454.952,-10.9457,-7.8313,0.6324,215.583,0.20952,0.129,0.00949,-1.7583,-2.3694,154.6477,0.64014
2014-09-24T02:07:28Z,455.202,-11.0643,-7.8846,0.6453,215.474,0.18657,0.11995,0.00504,-1.7001,-2.3583,154.6424,0.64469
2014-09-24T02:07:29Z,455.638,-11.1407,-7.9067,0.7334,215.364,0.15226,0.10372,-0.00319,-1.787,-2.3514,154.5248,0.65707
2014-09-24T02:07:30Z,454.876,-10.9796,-7.725,0.4898,215.129,0.18227,0.07867,0.00333,-1.7816,-2.4269,154.4737,0.64123
2014-09-24T02:07:31Z,455.218,-10.9563,-7.8506,0.661,215.623,0.20123,0.10776,0.03967,-1.8085,-2.4866,154.7279,0.64723
2014-09-24T02:07:32Z,455.493,-11.0067,-7.5092,0.5456,214.303,0.21697,0.11708,-0.00933,-1.7765,-2.4746,154.7815,0.66281
2014-09-24T02:07:33Z,454.432,-11.3205,-7.6559,0.6262,214.07,0.17921,0.11109,0.06106,-1.6888,-2.5829,154.6319,0.64816
2014-09-24T02:07:34Z,455.636,-11.2072,-7.6552,0.5961,214.335,0.19865,0.12833,-0.01165,-1.7172,-2.547,154.574,0.62611
2014-09-24T02:07:35Z,454.869,-11.118,-7.7711,0.5911,214.952,0.14113,0.07658,0.00977,-1.712,-2.5056,154.7165,0.64082
2014-09-24T02:07:36Z,455.408,-10.9442,-7.9474,0.677,215.986,0.16969,0.10794,0.0176,-1.7115,-2.5316,154.6606,0.6371
2014-09-24T02:07:37Z,455.386,-11.0536,-7.81,0.6763,215.243,0.16143,0.16191,-0.00442,-1.5426,-2.5119,154.594,0.6547
2014-09-24T02:07:38Z,455.688,-10.8663,-7.9656,0.6318,216.243,0.17759,0.13648,0.03698,-1.7722,-2.6383,154.7134,0.64719
2014-09-24T02:07:39Z,455.51,-10.8301,-7.6853,0.6907,215.36,0.20853,0.12654,0.0156,-1.7772,-2.6294,154.5371,0.65709
2014-09-24T02:07:40Z,454.494,-10.8452,-7.8909,0.5671,216.039,0.17372,0.12044,-0.00359,-1.7416,-2.4842,154.5505,0.65412
2014-09-24T02:07:41Z,455.06,-10.8284,-7.9241,0.7216,216.196,0.14326,0.10108,0.03536,-1.6758,-2.6219,154.6573,0.65476
2014-09-24T02:07:42Z,455.391,-11.1509,-7.9578,0.6324,215.513,0.13434,0.0659,-0.02475,-1.6247,-2.6183,154.6337,0.6408
2014-09-24T02:07:43Z,455.283,-10.9128,-7.7319,0.6045,215.318,0.20631,0.12072,-0.01394,-1.6121,-2.5656,154.6873,0.65533
2014-09-24T02:07:44Z,455.527,-11.0631,-8.2218,0.573,216.619,0.17724,0.04761,0.01382,-1.5814,-2.6567,154.7441,0.66295
2014-09-24T02:07:45Z,455.645,-11.2072,-7.7457,0.628,214.65,0.17484,0.10022,0.01935,-1.6609,-2.5027,154.4707,0.64117
2014-09-24T02:07:46Z,455.59,-10.9923,-8.065,0.839,216.267,0.15428,0.10779,0.00694,-1.679,-2.7008,154.631,0.65097
2014-09-24T02:07:47Z,455.311,-10.7417,-8.2651,0.6455,217.576,0.16881,0.09623,-0.00474,-1.5114,-2.6092,154.8183,0.65712
2014-09-24T02:07:48Z,454.748,-10.8649,-8.1859,0.5375,216.995,0.13668,0.16122,-0.00828,-1.8594,-2.6782,154.5695,0.65586
2014-09-24T02:07:49Z,455.243,-10.6159,-8.3329,0.7433,218.13,0.17028,0.15207,0.02585,-1.626,-2.6148,154.5587,0.66737
2014-09-24T02:07:50Z,455.557,-10.8781,-8.0005,0.6039,216.333,0.13048,0.1318,0.00314,-1.5908,-2.6762,154.407,0.66253
2014-09-24T02:07:51Z,455.038,-10.5307,-8.2729,0.6794,218.153,0.15012,0.08237,-0.02511,-1.4693,-2.6473,154.6421,0.66079
2014-09-24T02:07:52Z,455.649,-10.8548,-8.1032,0.59,216.742,0.14228,0.15305,-0.02698,-1.7458,-2.5567,154.6909,0.66494
2014-09-24T02:07:53Z,455.754,-10.8659,-7.973,0.7783,216.27,0.07617,0.12001,0.03368,-1.6402,-2.7185,154.6914,0.66538
2014-09-24T02:07:54Z,455.489,-11.0521,-8.2608,0.5911,216.776,0.1482,0.0805,-0.02256,-1.7085,-2.7282,154.5306,0.66049
2014-09-24T02:07:55Z,454.381,-10.6917,-8.2225,0.7902,217.562,0.13365,0.10437,0.0018,-1.7369,-2.7068,154.6341,0.65822
2014-09-24T02:07:56Z,455.014,-10.9168,-8.3889,0.545,217.54,0.15012,0.12703,0.02833,-1.6024,-2.5727,154.6577,0.6699
2014-09-24T02:07:57Z,456.13,-10.9178,-8.2597,0.6198,217.109,0.15469,0.0876,0.00768,-1.5121,-2.7068,154.6414,0.65697
2014-09-24T02:07:58Z,455.287,-10.6243,-7.8359,0.7893,216.411,0.19811,0.10559,-0.02523,-1.4749,-2.61,154.5272,0.66329
2014-09-24T02:07:59Z,454.792,-10.6355,-8.1237,0.6661,217.374,0.1608,0.10949,-0.03211,-1.6063,-2.7319,154.6449,0.65557
2014-09-24T02:08:00Z,455.927,-10.6184,-8.2879,0.8756,217.973,0.1608,0.07356,0.03961,-1.5025,-2.6316,154.5561,0.67166
2014-09-24T02:08:01Z,455.508,-10.8346,-8.3578,0.6216,217.646,0.16411,0.09382,-0.03359,-1.5636,-2.7033,154.4507,0.67666
2014-09-24T02:08:02Z,455.898,-10.7732,-8.285,0.6737,217.562,0.17279,0.07443,-0.02181,-1.4951,-2.7006,154.7064,0.66032
2014-09-24T02:08:03Z,455.616,-10.7654,-8.276,0.8385,217.552,0.16162,0.12128,0.00092,-1.4388,-2.8688,154.6525,0.66759
2014-09-24T02:08:04Z,455.688,-10.6269,-8.373,0.4963,218.235,0.15659,0.07636,-0.01428,-1.5381,-2.8898,154.6979,0.66601
2014-09-24T02:08:05Z,455.663,-10.4999,-8.2458,0.4837,218.143,0.1666,0.10584,0.00512,-1.4275,-2.6865,154.5854,0.6795
2014-09-24T02:08:06Z,455.788,-10.6651,-8.4826,0.5676,218.497,0.08744,0.06328,-0.04634,-1.6017,-2.6966,154.7016,0.68329
2014-09-24T02:08:07Z,456.35,-10.4078,-8.4947,0.728,219.221,0.19961,0.06918,-0.01532,-1.443,-2.5965,154.7412,0.6692
2014-09-24T02:08:08Z,455.9,-10.5616,-8.3133,0.4856,218.207,0.18641,0.06746,0.00647,-1.4034,-2.9182,154.8144,0.64938
2014-09-24T02:08:09Z,455.016,-10.7272,-8.5649,0.7065,218.605,0.15138,0.08925,0.00615,-1.4021,-2.7695,154.7203,0.68443
2014-09-24T02:08:10Z,455.733,-10.55,-8.2905,0.6989,218.161,0.10991,0.10047,-0.0256,-1.5615,-2.8994,154.6773,0.67667
2014-09-24T02:08:11Z,455.985,-10.4047,-8.4153,0.8473,218.966,0.17479,0.10456,-0.03724,-1.4732,-2.8858,154.5007,0.67782
2014-09-24T02:08:12Z,456.014,-10.3489,-8.7021,0.7502,220.06,0.12647,0.05061,-0.00676,-1.4224,-2.8758,154.6278,0.68626
2014-09-24T02:08:13Z,455.452,-10.4636,-8.4301,0.6821,218.857,0.15646,0.09018,-0.04532,-1.4008,-2.8141,154.496,0.67678
2014-09-24T02:08:14Z,456.017,-10.6213,-8.7105,0.7811,219.355,0.11033,0.0751,0.01919,-1.4165,-2.9069,154.556,0.6758
2014-09-24T02:08:15Z,455.942,-10.6466,-8.3691,0.6989,218.17,0.19736,0.10669,-0.00938,-1.3007,-2.8602,154.833,0.67915
2014-09-24T02:08:16Z,456.526,-10.5111,-8.5214,0.5984,219.032,0.10494,0.08611,-0.03114,-1.5079,-2.8054,154.5348,0.68707
2014-09-24T02:08:17Z,455.371,-10.3441,-8.2289,0.5303,218.503,0.14202,0.09024,-0.04049,-1.4124,-2.7908,154.4024,0.69137
2014-09-24T02:08:18Z,455.464,-10.5176,-8.3601,0.5876,218.48,0.08654,0.07311,-0.03035,-1.5169,-2.8347,154.7174,0.69858
2014-09-24T02:08:19Z,455.543,-10.502,-8.6942,0.6402,219.62,0.13787,0.13431,-0.05397,-1.3208,-2.8631,154.5682,0.68993
2014-09-24T02:08:20Z,455.486,-10.551,-8.8534,0.6615,220.0,0.12757,0.05856,-0.00295,-1.3146,-2.9196,154.7117,0.68675
2014-09-24T02:08:21Z,455.354,-10.5971,-8.6792,0.4303,219.318,0.16593,0.08011,-0.03579,-1.0793,-2.9629,154.5172,0.6962
2014-09-24T02:08:22Z,454.707,-10.5657,-8.7683,0.622,219.689,0.12618,0.09225,-0.00613,-1.2531,-2.8833,154.5909,0.68255
2014-09-24T02:08:23Z,455.53,-10.5024,-8.3205,0.6462,218.388,0.16458,0.08273,-0.00308,-1.2966,-3.0196,154.7522,0.7029
2014-09-24T02:08:24Z,455.819,-10.2507,-8.6087,0.6977,220.024,0.10982,0.06937,0.00724,-1.2905,-2.9351,154.4996,0.69446
2014-09-24T02:08:25Z,455.525,-10.5348,-8.4838,0.8055,218.845,0.12768,0.04263,-0.01101,-1.3238,-3.0398,154.614,0.69216
2014-09-24T02:08:26Z,456.383,-10.472,-8.6755,0.6607,219.64,0.1275,0.07008,0.01044,-1.2754,-2.9661,154.6591,0.68748
2014-09-24T02:08:27Z,455.718,-10.6031,-8.6789,0.5513,219.301,0.14575,0.06283,0.01657,-1.251,-3.0562,154.557,0.70148
2014-09-24T02:08:28Z,456.173,-10.35,-8.6684,0.46,219.947,0.14188,0.12824,-0.01202,-1.4173,-3.013,154.6521,0.69547
2014-09-24T02:08:29Z,455.821,-10.2434,-8.5146,0.7104,219.734,0.15004,0.14231,-0.0109,-1.2313,-3.0441,154.6283,0.6982
2014-09-24T02:08:30Z,456.026,-10.191,-8.6471,0.5545,220.315,0.13797,0.08387,-0.03319,-1.2258,-3.0628,154.679,0.68684
2014-09-24T02:08:31Z,455.843,-10.3935,-8.8683,0.7279,220.472,0.14714,0.04946,-0.04433,-1.0801,-3.0152,154.8085,0.69798
2014-09-24T02:08:32Z,456.232,-10.3226,-8.4783,0.7806,219.397,0.10748,0.10246,0.01203,-1.2174,-3.2112,154.8906,0.69817
2014-09-24T02:08:33Z,455.78,-10.4234,-8.7832,0.4864,220.119,0.13897,0.05892,-0.00527,-1.2544,-3.1706,154.668,0.70732
2014-09-24T02:08:34Z,455.942,-10.3077,-8.8211,0.6959,220.556,0.16877,0.06915,-0.00363,-1.1578,-2.9712,154.6093,0.70309
2014-09-24T02:08:35Z,455.905,-10.3279,-9.192,0.7696,221.67,0.08588,0.06659,-0.03595,-1.1593,-3.0327,154.6629,0.6853
2014-09-24T02:08:36Z,455.683,-10.3559,-8.6885,0.7421,219.996,0.13943,0.06922,0.01904,-1.1615,-3.1115,154.5941,0.70444
2014-09-24T02:08:37Z,455.934,-10.3297,-8.7813,0.4302,220.368,0.14344,0.07229,-0.02766,-1.2391,-2.9848,154.457,0.69738
2014-09-24T02:08:38Z,456.582,-10.2652,-8.7915,0.5539,220.578,0.16237,0.04775,-0.04237,-1.1348,-3.1229,154.6095,0.70193
2014-09-24T02:08:39Z,455.713,-10.3718,-8.8874,0.5114,220.592,0.14332,0.06246,-0.03705,-1.154,-3.1272,154.7207,0.71957
2014-09-24T02:08:40Z,455.962,-10.3498,-8.926,0.6914,220.775,0.127,0.10493,0.0162,-1.1103,-3.1526,154.4643,0.69928
2014-09-24T02:08:41Z,456.264,-10.0426,-8.9075,0.68,221.572,0.13456,0.07801,-0.05124,-1.0195,-2.9465,154.5105,0.71641
2014-09-24T02:08:42Z,456.23,-9.8801,-8.7972,0.3687,221.682,0.10476,0.0814,-0.04262,-1.117,-3.0893,154.5489,0.71125
2014-09-24T02:08:43Z,455.843,-10.4581,-8.7879,0.6084,220.04,0.11276,0.02188,0.04825,-1.0656,-3.1015,154.6425,0.71096
2014-09-24T02:08:44Z,455.012,-10.4607,-8.9386,0.7187,220.514,0.08839,0.10079,-0.00106,-0.9893,-3.0889,154.841,0.70998
2014-09-24T02:08:45Z,456.035,-10.3948,-8.7689,0.6527,220.151,0.15828,0.05937,-0.04329,-1.0387,-3.2835,154.5204,0.72161
2014-09-24T02:08:46Z,455.085,-10.2619,-8.9441,0.6528,221.075,0.13169,0.10401,-0.05238,-0.7928,-3.1919,154.6083,0.72375
2014-09-24T02:08:47Z,456.384,-10.0893,-9.0132,0.6008,221.776,0.09685,0.07918,-0.06753,-0.9659,-3.117,154.5977,0.70774
2014-09-24T02:08:48Z,455.937,-10.1261,-8.9252,0.5314,221.393,0.12586,0.06068,-0.02366,-1.0694,-3.1628,154.5648,0.73197
2014-09-24T02:08:49Z,456.235,-10.1742,-9.1711,0.6352,222.032,0.14739,0.03219,-0.00826,-1.0212,-2.9951,154.5879,0.71451
2014-09-24T02:08:50Z,455.577,-10.1134,-8.9512,0.6422,221.512,0.14255,0.1279,0.01114,-1.0132,-3.2234,154.5439,0.72833
2014-09-24T02:08:51Z,455.357,-10.2858,-9.2333,0.6984,221.913,0.09386,0.09301,-0.07455,-0.9878,-3.1142,154.8623,0.71699
2014-09-24T02:08:52Z,455.999,-10.201,-9.1659,0.7059,221.94,0.03803,0.09391,-0.0607,-0.8625,-3.1342,154.6606,0.72397
2014-09-24T02:08:53Z,455.904,-10.1556,-9.3294,0.6447,222.572,0.12559,0.1172,-0.03092,-0.9776,-3.1963,154.5376,0.71862
2014-09-24T02:08:54Z,455.751,-10.3789,-9.0682,0.7454,221.144,0.09286,0.07672,0.04139,-0.899,-3.1908,154.699,0.72582
2014-09-24T02:08:55Z,455.961,-10.3013,-8.8132,0.5981,220.548,0.12991,0.10432,-0.00652,-0.7644,-3.2491,154.6038,0.72963
2014-09-24T02:08:56Z,456.907,-10.2753,-9.0797,0.4905,221.465,0.13743,0.05794,-0.01972,-0.8806,-3.3927,154.5812,0.72322
2014-09-24T02:08:57Z,456.238,-9.9851,-8.9845,0.6827,221.981,0.14084,0.08773,-0.06003,-0.7684,-3.216,154.5546,0.7361
2014-09-24T02:08:58Z,456.321,-10.0496,-8.7418,0.6474,221.019,0.15594,0.05293,-0.08277,-0.9398,-3.2187,154.545,0.73831
2014-09-24T02:08:59Z,456.257,-9.9826,-9.0486,0.6842,222.19,0.14255,0.05547,-0.02916,-0.8177,-3.2152,154.4452,0.75755
2014-09-24T02:09:00Z,456.487,-10.3358,-9.2365,0.5077,221.785,0.1547,0.06987,-0.03298,-0.8417,-3.266,154.397,0.74447
2014-09-24T02:09:01Z,455.91,-10.2742,-9.234,0.8133,221.948,0.14476,0.03514,-0.03756,-0.7296,-3.2025,154.5985,0.74758
2014-09-24T02:09:02Z,455.265,-9.9445,-9.1585,0.7054,222.644,0.14626,0.07444,-0.04074,-0.8189,-3.3584,154.5392,0.72514
2014-09-24T02:09:03Z,455.926,-10.4429,-9.2629,0.605,221.573,0.1079,0.05778,-0.0503,-0.553,-3.1807,154.6431,0.72474
2014-09-24T02:09:04Z,456.283,-9.8269,-9.2631,0.5398,223.309,0.07601,0.01527,-0.05639,-0.8322,-3.3862,154.4633,0.73913
2014-09-24T02:09:05Z,455.667,-10.2761,-9.0501,0.7411,221.37,0.16962,0.05289,0.00242,-0.5925,-3.3248,154.4393,0.75689
2014-09-24T02:09:06Z,455.953,-9.8611,-9.0559,0.5229,222.563,0.10845,0.05508,-0.05484,-0.5953,-3.2708,154.6235,0.76346
2014-09-24T02:09:07Z,455.78,-10.1094,-9.4721,0.859,223.136,0.13691,0.08439,-0.03994,-0.6229,-3.3754,154.5131,0.73923
2014-09-24T02:09:08Z,456.555,-9.7999,-9.3562,0.571,223.673,0.09175,0.06957,-0.03437,-0.6253,-3.2833,154.6248,0.74109
2014-09-24T02:09:09Z,456.299,-9.4652,-9.3189,0.8042,224.554,0.12892,0.09799,-0.0161,-0.4633,-3.3797,154.5392,0.75117
2014-09-24T02:09:10Z,456.272,-10.2748,-9.1735,0.6135,221.759,0.043,0.07417,-0.05541,-0.3959,-3.3518,154.7201,0.74626
2014-09-24T02:09:11Z,456.269,-9.8166,-9.1059,0.7898,222.849,0.09318,0.04668,-0.01003,-0.5919,-3.3848,154.6044,0.74747
2014-09-24T02:09:12Z,456.046,-10.181,-8.8876,0.5581,221.12,0.10029,0.05843,-0.04933,-0.5444,-3.4255,154.5662,0.75492
2014-09-24T02:09:13Z,456.136,-9.8321,-9.3759,0.6332,223.64,0.11362,0.05055,-0.03924,-0.5829,-3.2082,154.6016,0.77255
2014-09-24T02:09:14Z,455.659,-9.9179,-9.3858,0.7118,223.421,0.12816,0.0708,0.00552,-0.6138,-3.4645,154.4906,0.76223
2014-09-24T02:09:15Z,455.316,-9.8571,-9.2515,0.6975,223.185,0.0733,0.05946,-0.06015,-0.4647,-3.5892,154.3499,0.7677
2014-09-24T02:09:16Z,456.142,-9.994,-9.4499,0.7407,223.397,0.11646,0.0416,-0.01825,-0.4632,-3.4796,154.5464,0.73893
2014-09-24T02:09:17Z,456.21,-9.7266,-9.3821,0.5816,223.967,0.12992,0.05688,-0.01152,-0.5933,-3.4138,154.7006,0.7632
2014-09-24T02:09:18Z,456.527,-10.0455,-9.4347,0.6385,223.204,0.1572,0.06754,-0.02924,-0.4093,-3.4634,154.2734,0.7479
2014-09-24T02:09:19Z,456.661,-9.6279,-9.7784,0.7545,225.444,0.11551,0.0302,-0.04029,-0.4044,-3.3608,154.5454,0.7698
2014-09-24T02:09:20Z,456.668,-9.8625,-9.3804,0.5589,223.565,0.08565,0.06263,0.01543,-0.4563,-3.3727,154.3409,0.76812
2014-09-24T02:09:21Z,455.777,-10.0052,-9.4465,0.6869,223.355,0.06463,0.01458,-0.03841,-0.4427,-3.4857,154.4879,0.76295
2014-09-24T02:09:22Z,456.01,-9.5407,-9.2405,0.6074,224.084,0.14144,0.08102,-0.03332,-0.3365,-3.6038,154.494,0.75301
2014-09-24T02:09:23Z,456.309,-9.7746,-9.4419,0.6495,224.008,0.11343,0.0659,-0.0472,-0.2227,-3.5809,154.5564,0.7559
2014-09-24T02:09:24Z,457.034,-9.4598,-9.6393,0.6368,225.538,0.09372,0.09279,-0.03537,-0.3005,-3.4898,154.4984,0.75735
2014-09-24T02:09:25Z,456.674,-9.5523,-9.5061,0.5495,224.861,0.05306,0.02348,-0.0154,-0.2508,-3.6213,154.6104,0.76746
2014-09-24T02:09:26Z,456.555,-9.843,-9.7955,0.6021,224.862,0.06955,0.07906,-0.04675,-0.3607,-3.5346,154.5852,0.76536
2014-09-24T02:09:27Z,456.035,-9.7267,-9.681,0.6427,224.865,0.10788,0.07345,-0.09294,-0.3081,-3.4004,154.4444,0.77424
2014-09-24T02:09:28Z,455.869,-9.6839,-9.4189,0.6177,224.205,0.10021,0.04482,-0.02774,-0.2071,-3.4956,154.5689,0.7765
2014-09-24T02:09:29Z,456.461,-9.4554,-9.5605,0.7848,225.317,0.04197,0.03929,-0.0679,-0.3452,-3.5284,154.4235,0.75756
2014-09-24T02:09:30Z,455.807,-9.6104,-9.4035,0.7286,224.377,0.1057,0.0209,-0.02276,-0.2006,-3.6243,154.4016,0.76882
2014-09-24T02:09:31Z,456.116,-9.634,-9.8481,0.6562,225.63,0.04993,0.0137,-0.0417,-0.1584,-3.5354,154.3248,0.7694
2014-09-24T02:09:32Z,456.167,-9.6767,-9.6026,0.5506,224.78,0.12225,0.02789,-0.01845,-0.1816,-3.5796,154.5716,0.76559
2014-09-24T02:09:33Z,456.772,-9.6365,-9.6466,0.544,225.03,0.09286,0.01459,-0.0661,-0.1336,-3.5488,154.4055,0.77452
2014-09-24T02:09:34Z,456.098,-9.4249,-9.4504,0.8239,225.077,0.0753,0.08519,-0.05613,-0.1351,-3.5187,154.1884,0.77153
2014-09-24T02:09:35Z,455.375,-9.6121,-9.5118,0.5257,224.699,0.11088,0.00706,-0.05162,-0.17,-3.5139,154.4797,0.76361
2014-09-24T02:09:36Z,456.413,-9.6508,-9.5221,0.6373,224.615,0.0942,0.04765,-0.08054,-0.1951,-3.5844,154.3769,0.76765
2014-09-24T02:09:37Z,455.999,-9.666,-9.4037,0.662,224.212,0.11772,0.05412,-0.01606,-0.0886,-3.5627,154.3853,0.76655
2014-09-24T02:09:38Z,456.266,-9.649,-9.7016,0.5944,225.156,0.08583,0.05147,-0.08485,0.0425,-3.6536,154.3865,0.76407
2014-09-24T02:09:39Z,456.228,-9.7631,-9.4598,0.5251,224.096,0.08651,0.05297,-0.01714,0.0396,-3.531,154.3709,0.76972
2014-09-24T02:09:40Z,456.17,-9.6523,-9.8305,0.5466,225.524,0.07512,0.0648,-0.03433,-0.0504,-3.7015,154.6719,0.76053
2014-09-24T02:09:41Z,456.549,-9.2987,-9.8465,0.57,226.639,0.08804,0.02929,-0.05028,-0.0326,-3.6561,154.5599,0.77518
2014-09-24T02:09:42Z,455.743,-9.547,-9.5909,0.5539,225.132,0.12312,0.04192,-0.03705,-0.0189,-3.5495,154.458,0.78309
2014-09-24T02:09:43Z,456.106,-9.3941,-9.9401,0.7572,226.618,0.0673,0.03169,-0.03811,0.0006,-3.6959,154.4066,0.7727
2014-09-24T02:09:44Z,456.534,-9.8549,-9.6386,0.6231,224.364,0.09526,0.07088,-0.05644,0.0784,-3.7736,154.4897,0.78029
2014-09-24T02:09:45Z,456.087,-9.3876,-9.726,0.5716,226.014,0.05623,0.09011,-0.03935,0.1595,-3.7081,154.3954,0.77436
2014-09-24T02:09:46Z,455.746,-9.4861,-9.5963,0.6346,225.331,0.02575,0.00705,-0.0289,0.2754,-3.5729,154.4468,0.76533
2014-09-24T02:09:47Z,456.55,-9.5146,-9.7731,0.6901,225.768,0.08178,-0.0146,-0.07117,0.0475,-3.8748,154.4151,0.78993
2014-09-24T02:09:48Z,456.717,-9.4004,-9.7678,0.5885,226.098,0.08502,0.04969,-0.03927,0.1855,-3.6939,154.3661,0.75483
2014-09-24T02:09:49Z,456.315,-9.4913,-9.7161,0.7132,225.67,0.07217,0.0615,-0.11397,0.1963,-3.7618,154.4413,0.77462
2014-09-24T02:09:50Z,455.652,-9.7267,-9.9101,0.496,225.535,0.03667,0.08294,-0.09693,0.1461,-3.7334,154.2991,0.76869
2014-09-24T02:09:51Z,456.592,-9.2493,-9.9226,0.7395,227.012,0.08082,0.05173,-0.03496,0.1098,-3.7569,154.3407,0.78778
2014-09-24T02:09:52Z,455.771,-9.3435,-9.765,0.6217,226.264,0.079,0.06745,-0.05991,0.2334,-3.6611,154.2306,0.77712
2014-09-24T02:09:53Z,456.468,-9.4083,-9.8484,0.6172,226.309,0.04925,0.07332,-0.07118,0.4004,-3.7426,154.2358,0.79608
2014-09-24T02:09:54Z,456.056,-9.4954,-9.9213,0.5527,226.257,0.03675,0.0677,-0.05156,0.2718,-3.675,154.0628,0.77615
2014-09-24T02:09:55Z,455.968,-9.5579,-9.8865,0.499,225.968,0.06338,0.05237,-0.06053,0.2066,-3.6621,154.3549,0.76998
2014-09-24T02:09:56Z,456.227,-9.2882,-9.6459,0.4548,226.082,0.08511,-0.00245,-0.07574,0.2764,-3.7714,154.3757,0.76258
2014-09-24T02:09:57Z,456.324,-9.0653,-9.9639,0.5449,227.704,0.07829,0.02865,-0.0924,0.2171,-3.8115,154.4044,0.78528
2014-09-24T02:09:58Z,456.17,-9.2642,-9.9825,0.6798,227.137,0.04493,0.03561,-0.10103,0.3291,-3.7616,154.1788,0.7699
2014-09-24T02:09:59Z,456.609,-9.4851,-10.1774,0.5244,227.017,0.06944,0.02486,-0.03376,0.4015,-3.7551,154.3262,0.77335
2014-09-24T02:10:00Z,456.254,-9.2327,-9.9434,0.4657,227.123,0.08726,0.02564,-0.0632,0.3106,-3.902,154.2752,0.78665
2014-09-24T02:10:01Z,456.76,-9.257,-9.8476,0.5291,226.771,0.0348,0.06502,-0.0288,0.1247,-3.7998,154.342,0.78534
2014-09-24T02:10:02Z,456.523,-9.1073,-9.8355,0.5814,227.202,0.06473,0.00615,-0.06427,0.4265,-3.848,154.1959,0.77212
2014-09-24T02:10:03Z,456.187,-9.1344,-9.9603,0.5853,227.477,0.09566,0.04428,-0.045,0.3833,-3.8704,154.2202,0.77342
2014-09-24T02:10:04Z,456.136,-9.6598,-9.8465,0.6068,225.548,0.02931,0.03145,-0.05743,0.3823,-3.901,154.0912,0.76304
2014-09-24T02:10:05Z,455.869,-9.1181,-9.8952,0.7228,227.34,0.08906,0.00132,-0.05361,0.4006,-3.9049,154.1674,0.76067
2014-09-24T02:10:06Z,456.555,-9.3316,-9.8454,0.7439,226.535,0.09963,-0.00494,-0.05282,0.5123,-3.7634,154.2319,0.78323
2014-09-24T02:10:07Z,456.336,-9.382,-9.8793,0.8194,226.479,0.05256,-0.02134,-0.06672,0.4665,-3.902,154.2414,0.7841
2014-09-24T02:10:08Z,455.637,-9.188,-9.8098,0.4565,226.875,0.04849,0.03255,-0.08676,0.5923,-3.7905,154.0477,0.77993
2014-09-24T02:10:09Z,456.287,-9.0795,-10.0785,0.5328,227.985,0.08182,0.01803,-0.03731,0.6128,-3.8806,154.1573,0.77853
2014-09-24T02:10:10Z,456.166,-9.3741,-10.2659,0.6881,227.6,0.05026,-0.00183,-0.01707,0.5336,-3.9908,154.2165,0.77132
2014-09-24T02:10:11Z,457.04,-9.0021,-9.9732,0.5722,227.93,-0.00502,-0.02889,-0.01589,0.5321,-3.894,154.3333,0.78863
2014-09-24T02:10:12Z,455.9,-8.9874,-9.9774,0.704,227.988,0.05021,0.02802,-0.07166,0.6025,-4.0134,154.0998,0.76252
2014-09-24T02:10:13Z,455.999,-9.0801,-9.871,0.6384,227.39,0.0633,0.01205,-0.07662,0.5991,-3.879,154.2251,0.77293
2014-09-24T02:10:14Z,456.899,-9.1968,-9.9199,0.7749,227.166,0.06888,-0.00227,-0.07263,0.4888,-3.9533,154.1115,0.77784
2014-09-24T02:10:15Z,456.992,-9.1989,-9.8323,0.721,226.906,0.02718,-0.00936,-0.06365,0.8004,-3.8775,154.1146,0.77641
2014-09-24T02:10:16Z,456.264,-8.8891,-10.0495,0.723,228.506,0.04124,0.00795,-0.06105,0.7226,-3.8404,154.0628,0.77624
2014-09-24T02:10:17Z,456.31,-9.2553,-10.1205,0.5754,227.557,0.07118,0.02482,-0.08519,0.6464,-4.1032,154.0374,0.77193
2014-09-24T02:10:18Z,456.754,-8.8517,-10.3717,0.6064,229.521,0.04399,0.00398,-0.09774,0.5481,-4.0105,154.0854,0.78022
2014-09-24T02:10:19Z,455.731,-9.0291,-10.1385,0.5859,228.312,0.00599,-0.01834,-0.06001,0.7048,-4.0797,154.2287,0.76597
2014-09-24T02:10:20Z,455.902,-9.0034,-10.2789,0.4655,228.785,0.07383,0.00906,-0.15005,0.69,-3.8196,154.0392,0.77433
2014-09-24T02:10:21Z,456.462,-9.2271,-10.1724,0.7628,227.79,0.03619,0.03578,-0.06484,0.7498,-4.0369,154.0143,0.77871
2014-09-24T02:10:22Z,457.11,-8.9742,-10.2034,0.6896,228.667,0.06744,0.00977,-0.0865,0.5991,-4.1163,154.1168,0.77236
2014-09-24T02:10:23Z,456.422,-8.8507,-10.1588,0.5807,228.937,0.00385,0.00958,-0.04394,0.7518,-3.8414,154.0868,0.7748
2014-09-24T02:10:24Z,456.617,-9.1276,-10.2552,0.7454,228.329,0.03425,-0.00117,-0.03783,0.774,-4.0882,154.0696,0.77622
2014-09-24T02:10:25Z,456.985,-8.8355,-10.1099,0.5515,228.848,0.04852,-0.01618,-0.03783,0.8086,-4.1695,154.0918,0.76013
2014-09-24T02:10:26Z,457.333,-8.8803,-10.6684,0.4303,230.226,0.03205,-0.01794,-0.07388,0.8221,-4.142,153.9552,0.76059
2014-09-24T02:10:27Z,456.401,-8.9824,-10.2513,0.7151,228.775,0.00305,-0.03735,-0.09423,0.8621,-4.0476,153.9558,0.7747
2014-09-24T02:10:28Z,456.604,-8.7419,-10.1103,0.4861,229.151,-0.0287,0.03277,-0.08687,0.9963,-4.0652,154.1336,0.76845
2014-09-24T02:10:29Z,457.255,-9.1816,-10.0174,0.5939,227.492,0.06733,0.01383,-0.05999,0.8499,-4.1457,154.0095,0.76861
2014-09-24T02:10:30Z,456.091,-8.793,-10.2098,0.6344,229.264,0.03366,0.00335,-0.10902,0.8346,-4.1276,154.0725,0.77722
2014-09-24T02:10:31Z,456.991,-8.5815,-10.0721,0.6517,229.569,0.05476,0.00767,-0.03377,0.7855,-4.0947,154.1237,0.76441
2014-09-24T02:10:32Z,456.282,-8.5989,-10.3175,0.6981,230.191,0.04685,0.00773,-0.07764,0.8988,-4.0033,154.074,0.75267
2014-09-24T02:10:33Z,456.681,-8.7393,-10.3516,0.6709,229.827,0.03649,-0.02018,-0.05767,0.8434,-4.093,153.8402,0.78487
2014-09-24T02:10:34Z,456.568,-8.8294,-10.2858,0.6677,229.357,0.01134,-0.01104,-0.11557,1.0478,-4.1753,153.9528,0.78092
2014-09-24T02:10:35Z,456.324,-8.8668,-10.38,0.5335,229.496,0.02928,-0.0159,-0.0951,0.9786,-4.1595,154.0553,0.78044
2014-09-24T02:10:36Z,456.323,-8.8024,-10.5092,0.6418,230.051,0.05032,0.05755,-0.12058,1.0764,-4.0908,153.9895,0.76152
2014-09-24T02:10:37Z,456.771,-8.6579,-10.4778,0.4613,230.433,0.0138,0.01902,-0.04849,1.133,-4.0296,153.9408,0.76947
2014-09-24T02:10:38Z,457.029,-8.8443,-10.5775,0.7678,230.1,0.05615,-0.00362,-0.07924,0.9606,-4.2646,153.7424,0.75954
2014-09-24T02:10:39Z,456.643,-8.5977,-10.3468,0.4713,230.275,-0.03254,0.02484,-0.06239,1.0154,-4.1003,153.8269,0.7688
2014-09-24T02:10:40Z,456.72,-8.3763,-10.4359,0.5766,231.248,-0.03998,0.01991,-0.07695,1.1618,-4.2295,153.8739,0.76609
2014-09-24T02:10:41Z,457.04,-8.6889,-10.5013,0.479,230.395,0.0189,-0.0477,-0.06919,1.0809,-4.3517,153.6986,0.75983
2014-09-24T02:10:42Z,457.278,-8.8651,-10.5425,0.5375,229.94,-0.02566,-0.01911,-0.08906,1.1252,-4.373,153.9169,0.77206
2014-09-24T02:10:43Z,458.915,-8.8396,-10.3805,0.6109,229.584,0.04651,-0.01429,-0.08543,1.1838,-4.126,153.822,0.76553
2014-09-24T02:10:44Z,460.155,-8.4985,-10.3412,0.5559,230.586,0.02947,0.00107,-0.08235,1.1904,-4.1219,153.6319,0.78095
2014-09-24T02:10:45Z,462.127,-8.5962,-10.6239,0.722,231.022,0.03634,-0.02016,-0.06963,1.1689,-4.2891,153.7694,0.76742
2014-09-24T02:10:46Z,462.546,-8.4384,-10.6561,0.6299,231.625,0.01938,-0.01737,-0.06868,1.265,-4.266,153.7935,0.74591
2014-09-24T02:10:47Z,464.079,-8.6252,-10.3193,0.5599,230.11,-0.02516,-0.02678,-0.00891,1.165,-4.397,153.8052,0.75135
2014-09-24T02:10:48Z,466.16,-8.3922,-10.6638,0.5917,231.798,-0.04299,0.01063,-0.03686,1.229,-4.1988,153.9561,0.78217
2014-09-24T02:10:49Z,467.909,-8.5145,-10.3732,0.7259,230.62,0.03649,-0.05201,-0.12308,1.1902,-4.2674,153.868,0.76208
2014-09-24T02:10:50Z,469.242,-8.5773,-10.2138,0.694,229.977,-0.03776,-0.02695,-0.08189,1.3027,-4.3946,153.6695,0.76643
2014-09-24T02:10:51Z,471.163,-8.5004,-10.2098,0.4881,230.22,0.03997,-0.0627,-0.08816,1.1816,-4.2594,153.653,0.76413
2014-09-24T02:10:52Z,473.434,-8.5904,-10.3354,0.5327,230.268,0.0177,-0.04269,-0.04572,1.1195,-4.3922,153.7711,0.77493
2014-09-24T02:10:53Z,474.956,-8.088,-10.3392,0.6473,231.965,-0.00033,-0.00936,-0.08531,1.3229,-4.2417,153.8062,0.74789
2014-09-24T02:10:54Z,477.161,-8.3721,-10.1017,0.6339,230.349,0.01324,-0.00922,-0.06551,1.205,-4.3781,153.8885,0.77333
2014-09-24T02:10:55Z,479.45,-8.2316,-10.7828,0.4923,232.642,0.01444,-0.02579,-0.13524,1.2132,-4.2698,153.958,0.77232
2014-09-24T02:10:56Z,481.933,-8.3783,-10.494,0.6708,231.396,-0.00164,0.0098,-0.11435,1.4198,-4.3542,153.9591,0.76184
2014-09-24T02:10:57Z,483.589,-8.4305,-10.2953,0.5059,230.687,0.03968,0.01522,-0.02389,1.4117,-4.4963,153.7321,0.76464
2014-09-24T02:10:58Z,485.42,-8.2816,-10.47,0.7243,231.657,0.03943,-0.0207,-0.07463,1.3226,-4.2325,153.8653,0.75792
2014-09-24T02:10:59Z,487.705,-8.0523,-10.2266,0.6456,231.784,0.00915,-0.01304,-0.10054,1.1218,-4.2333,153.81,0.74695
2014-09-24T02:11:00Z,490.289,-8.2647,-10.4093,0.478,231.551,-0.00912,-0.03095,-0.06919,1.4234,-4.3642,153.6538,0.76463
2014-09-24T02:11:01Z,492.669,-8.2877,-10.376,0.537,231.384,0.03914,-0.0043,-0.10128,1.4489,-4.3056,153.5696,0.76152
2014-09-24T02:11:02Z,495.514,-8.1015,-10.4256,0.5338,232.15,-0.04346,-0.05015,-0.08172,1.4522,-4.2975,153.7682,0.76124
2014-09-24T02:11:03Z,497.632,-8.0223,-10.4572,0.6032,232.506,0.01881,0.02426,-0.11063,1.4634,-4.3,153.5997,0.76253
2014-09-24T02:11:04Z,500.321,-7.8195,-10.4507,0.5654,233.195,0.02682,0.00753,-0.09372,1.4259,-4.2046,153.6594,0.7534
2014-09-24T02:11:05Z,502.853,-7.9828,-10.3191,0.4699,232.275,-0.01177,-0.05127,-0.08409,1.4221,-4.3143,153.6713,0.76975
2014-09-24T02:11:06Z,505.564,-7.9081,-10.4656,0.4436,232.924,0.0339,-0.04135,-0.04534,1.3808,-4.3812,153.7569,0.75745
2014-09-24T02:11:07Z,508.812,-7.8625,-10.1918,0.6363,232.352,0.0095,-0.01142,-0.06143,1.4277,-4.3233,153.8583,0.7613
2014-09-24T02:11:08Z,511.246,-8.1141,-10.2287,0.6087,231.576,-0.00287,-0.03074,-0.05674,1.5233,-4.3968,153.7267,0.75437
2014-09-24T02:11:09Z,513.72,-8.0562,-10.1533,0.5893,231.569,0.03546,-0.00899,-0.07302,1.5384,-4.4526,153.6666,0.76454
2014-09-24T02:11:10Z,516.287,-8.0444,-10.4783,0.6045,232.486,-0.01515,-0.03192,-0.05147,1.5883,-4.2746,153.5088,0.75657
2014-09-24T02:11:11Z,519.063,-8.0506,-10.553,0.5141,232.661,0.03433,0.01486,-0.09355,1.4261,-4.3343,153.7565,0.75466
2014-09-24T02:11:12Z,522.128,-7.6987,-10.2856,0.5928,233.185,-0.03635,-0.02338,-0.0897,1.4193,-4.5308,153.7085,0.76462
2014-09-24T02:11:13Z,525.047,-7.7428,-9.8381,0.8268,231.797,0.02095,0.0366,-0.06086,1.5348,-4.4413,153.6457,0.74079
2014-09-24T02:11:14Z,527.386,-7.7462,-10.0756,0.6892,232.447,0.01551,-0.00917,-0.07769,1.4966,-4.3308,153.8121,0.75196
2014-09-24T02:11:15Z,530.607,-8.1137,-10.3343,0.5412,231.864,0.00153,-0.05829,-0.07072,1.6059,-4.5213,153.5713,0.74894
2014-09-24T02:11:16Z,532.804,-7.3892,-10.1811,0.5166,234.029,0.02537,0.02728,-0.07414,1.4989,-4.4611,153.6168,0.75647
2014-09-24T02:11:17Z,536.539,-7.7956,-10.1172,0.2811,232.385,0.01424,0.00227,-0.03836,1.7106,-4.1926,153.6555,0.75566
2014-09-24T02:11:18Z,539.71,-7.3209,-10.4176,0.6724,234.903,0.0432,-0.01601,-0.03671,1.5628,-4.4367,153.6186,0.7527
2014-09-24T02:11:19Z,542.351,-7.8166,-9.9971,0.6428,231.979,0.03144,-0.00967,-0.08466,1.7681,-4.3283,153.7246,0.74675
2014-09-24T02:11:20Z,546.119,-7.6851,-10.209,0.508,233.028,0.02935,-0.05588,-0.11266,1.6946,-4.2995,153.7106,0.75195
2014-09-24T02:11:21Z,548.235,-7.8673,-10.1917,0.4181,232.334,0.02593,-0.07158,-0.0861,1.58,-4.4968,153.7639,0.75442
2014-09-24T02:11:22Z,551.708,-7.4486,-10.1583,0.444,233.749,0.00743,-0.02783,-0.09039,1.8435,-4.4074,153.7036,0.7501
2014-09-24T02:11:23Z,554.733,-7.6368,-9.9773,0.6025,232.569,0.01228,0.00736,-0.04682,1.7086,-4.2685,153.6364,0.7601
2014-09-24T02:11:24Z,557.85,-7.6008,-10.2488,0.5476,233.438,0.02663,-0.01753,-0.04425,1.7119,-4.401,153.6085,0.75586
2014-09-24T02:11:25Z,561.01,-7.6138,-10.3777,0.6242,233.734,0.01668,0.015,-0.09269,1.7044,-4.253,153.6825,0.75085
2014-09-24T02:11:26Z,564.278,-7.2589,-10.0585,0.5621,234.183,0.0494,0.00499,-0.08542,1.7577,-4.4977,153.6123,0.73167
2014-09-24T02:11:27Z,567.753,-7.2354,-10.3973,0.6485,235.166,0.02454,-0.02784,-0.10318,1.7731,-4.3074,153.6305,0.74844
2014-09-24T02:11:28Z,571.177,-7.0373,-10.1201,0.5871,235.186,0.03219,0.00093,-0.06249,1.6723,-4.4543,153.6711,0.755
2014-09-24T02:11:29Z,573.958,-7.3826,-9.8859,0.6317,233.248,-0.01169,0.00909,-0.06661,1.7347,-4.4862,153.6283,0.7475
2014-09-24T02:11:30Z,577.531,-7.2133,-9.9602,0.3382,234.087,0.04755,-0.03129,-0.0454,1.7711,-4.4132,153.6395,0.75195
2014-09-24T02:11:31Z,580.311,-7.4104,-9.8798,0.4224,233.128,0.01003,-0.03494,-0.05233,1.8183,-4.4776,153.5238,0.74753
2014-09-24T02:11:32Z,584.158,-7.2324,-9.9241,0.5076,233.916,-0.00093,-0.02639,-0.04914,1.8293,-4.4798,153.7321,0.751
2014-09-24T02:11:33Z,586.98,-7.2308,-9.6444,0.6506,233.14,0.06688,-0.0905,-0.10258,1.804,-4.4385,153.4806,0.76018
2014-09-24T02:11:34Z,591.007,-7.0478,-10.0739,0.7289,235.023,0.04375,-0.0235,-0.07933,1.7561,-4.6262,153.6293,0.75511
2014-09-24T02:11:35Z,594.801,-6.9307,-9.9074,0.5227,235.025,0.05131,-0.0128,-0.03958,1.7611,-4.5498,153.5308,0.7383
2014-09-24T02:11:36Z,597.407,-6.9069,-10.0233,0.4767,235.43,0.03883,-0.0275,-0.07639,1.7227,-4.4323,153.6817,0.73527
2014-09-24T02:11:37Z,600.128,-7.1537,-9.8036,0.3411,233.882,0.02571,-0.0228,-0.10325,1.8741,-4.415,153.6558,0.75196
2014-09-24T02:11:38Z,604.17,-6.8425,-9.9361,0.6211,235.447,0.02163,-0.0328,-0.04199,1.7859,-4.4699,153.5612,0.75766
2014-09-24T02:11:39Z,608.28,-6.9635,-9.6482,0.4779,234.18,0.04867,-0.08194,-0.07625,1.8281,-4.4805,153.7108,0.73494
2014-09-24T02:11:40Z,611.552,-6.9748,-9.9712,0.8272,235.027,0.05808,0.00925,-0.03487,1.8705,-4.4745,153.5304,0.74647
2014-09-24T02:11:41Z,614.975,-7.001,-9.6649,0.4559,234.082,0.02863,-0.04181,-0.06152,1.8597,-4.4342,153.6312,0.76707
2014-09-24T02:11:42Z,618.79,-6.9453,-9.7685,0.7387,234.587,0.08272,-0.04835,-0.06761,1.8666,-4.629,153.4642,0.74589
2014-09-24T02:11:43Z,622.177,-6.569,-9.847,0.6015,236.293,0.02654,0.00075,-0.02623,1.8021,-4.5597,153.571,0.76821
2014-09-24T02:11:44Z,626.024,-6.7509,-9.7421,0.4221,235.28,-0.00282,-0.00903,-0.09249,1.9032,-4.5289,153.431,0.74139
2014-09-24T02:11:45Z,629.53,-6.7395,-9.7682,0.5466,235.397,-0.01044,-0.02696,-0.02369,1.8637,-4.5112,153.5199,0.7428
2014-09-24T02:11:46Z,633.371,-6.772,-9.7354,0.5988,235.177,-0.00904,-0.01484,-0.07514,1.8887,-4.6996,153.5064,0.74236
2014-09-24T02:11:47Z,636.614,-6.336,-9.8057,0.4977,237.131,0.02337,-0.06324,-0.05472,1.9948,-4.6354,153.593,0.73778
2014-09-24T02:11:48Z,640.474,-6.4743,-9.8613,0.6024,236.713,0.02847,-0.03668,-0.05409,1.949,-4.54,153.4317,0.73452
2014-09-24T02:11:49Z,643.737,-6.7485,-9.792,0.5987,235.426,0.05189,-0.00257,-0.06868,1.8691,-4.4615,153.7996,0.74634
2014-09-24T02:11:50Z,647.341,-6.6501,-9.9775,0.5752,236.316,0.03467,-0.05216,-0.07667,1.9088,-4.5799,153.3475,0.74933
2014-09-24T02:11:51Z,651.875,-6.6056,-9.5753,0.512,235.4,0.05702,-0.06047,-0.06647,2.0544,-4.6036,153.5025,0.74252
2014-09-24T02:11:52Z,655.097,-6.5224,-9.873,0.3947,236.55,0.0376,-0.03383,-0.0822,1.9075,-4.5118,153.5013,0.74455
2014-09-24T02:11:53Z,659.066,-6.6168,-9.7011,0.5029,235.703,0.03737,-0.03353,-0.00739,1.9406,-4.5841,153.5197,0.76004
2014-09-24T02:11:54Z,662.608,-6.4153,-9.555,0.5266,236.122,0.02313,-0.02017,-0.06807,1.9956,-4.4911,153.4077,0.75637
2014-09-24T02:11:55Z,666.159,-6.2329,-9.5101,0.3199,236.759,0.07368,-0.0711,-0.02668,1.9646,-4.583,153.4767,0.74667
2014-09-24T02:11:56Z,670.185,-6.6153,-9.8827,0.5228,236.202,0.00037,-0.10066,-0.02958,1.9223,-4.6582,153.3893,0.75234
2014-09-24T02:11:57Z,674.518,-6.5536,-9.6085,0.4944,235.704,0.04673,-0.01417,-0.04578,1.8971,-4.459,153.6263,0.73598
2014-09-24T02:11:58Z,678.062,-6.4269,-9.5097,0.3729,235.948,0.03519,-0.06455,-0.05785,1.96,-4.4773,153.3687,0.75141
2014-09-24T02:11:59Z,681.139,-6.3923,-9.5581,0.4679,236.226,0.0598,-0.053,-0.04921,2.0175,-4.6563,153.4105,0.74896
2014-09-24T02:12:00Z,685.549,-5.9932,-9.3422,0.4682,237.319,0.04027,-0.0926,-0.03935,2.0743,-4.5518,153.3521,0.74668
2014-09-24T02:12:01Z,690.153,-6.1082,-9.6436,0.6906,237.65,0.04154,-0.01272,-0.05074,1.855,-4.6131,153.3314,0.75017
2014-09-24T02:12:02Z,693.375,-6.0888,-9.814,0.5182,238.184,0.03518,-0.02981,-0.09202,2.1167,-4.541,153.2644,0.74912
2014-09-24T02:12:03Z,696.758,-6.2415,-9.3703,0.5984,236.333,0.0772,-0.03108,-0.0979,1.9558,-4.6641,153.4647,0.7399
2014-09-24T02:12:04Z,702.006,-6.2078,-9.5446,0.4809,236.96,0.04295,-0.03152,-0.01432,2.0558,-4.5278,153.3231,0.76412
2014-09-24T02:12:05Z,705.554,-6.3535,-9.7119,0.3039,236.808,0.09265,-0.09088,-0.1175,1.9255,-4.5053,153.3036,0.75857
2014-09-24T02:12:06Z,709.279,-5.9886,-9.4548,0.557,237.65,0.05073,-0.06427,-0.04633,1.8581,-4.6801,153.2799,0.74816
2014-09-24T02:12:07Z,713.178,-6.0018,-9.2282,0.4224,236.961,0.04498,-0.0512,-0.05669,1.8843,-4.6023,153.3994,0.7375
2014-09-24T02:12:08Z,717.708,-5.8494,-9.5797,0.4529,238.592,0.04131,-0.05888,-0.04638,1.9649,-4.5138,153.364,0.73226
2014-09-24T02:12:09Z,721.176,-6.0456,-9.0245,0.3797,236.182,0.05956,-0.04721,-0.07849,2.0351,-4.6945,153.3572,0.76829
2014-09-24T02:12:10Z,725.821,-6.0019,-9.4774,0.4905,237.654,0.03125,-0.03453,-0.04081,1.9973,-4.6712,153.2711,0.75122
2014-09-24T02:12:11Z,729.678,-5.9254,-9.3208,0.5882,237.555,0.05011,-0.01578,-0.04402,1.9762,-4.5681,153.3835,0.75908
2014-09-24T02:12:12Z,733.658,-5.787,-9.4981,0.5734,238.647,0.04716,-0.07821,0.02027,2.0869,-4.6371,153.2664,0.74576
2014-09-24T02:12:13Z,737.724,-6.1109,-9.2898,0.6371,236.663,0.05559,-0.04168,-0.04508,1.9985,-4.7535,153.3322,0.75129
2014-09-24T02:12:14Z,741.728,-5.75,-9.2974,0.6498,238.265,0.0567,-0.02392,-0.01421,2.0215,-4.6563,153.3038,0.7521
2014-09-24T02:12:15Z,746.287,-5.8312,-9.4784,0.2706,238.4,0.05849,-0.06507,-0.08497,2.2485,-4.4941,153.1415,0.7565
2014-09-24T02:12:16Z,749.765,-5.9594,-8.816,0.3545,235.942,0.0513,-0.04704,-0.02158,1.9993,-4.4719,153.5057,0.75572
2014-09-24T02:12:17Z,753.662,-6.0842,-9.2962,0.2915,236.796,0.08864,-0.0308,-0.041,1.9443,-4.691,153.3527,0.74806
2014-09-24T02:12:18Z,758.622,-5.7585,-9.2712,0.5337,238.155,0.06046,-0.04244,-0.03949,2.0383,-4.7162,153.3057,0.74843
2014-09-24T02:12:19Z,762.82,-5.4907,-9.0319,0.3996,238.703,0.11553,-0.02611,-0.03872,2.0582,-4.6828,153.3139,0.7557
2014-09-24T02:12:20Z,766.974,-5.4269,-8.8856,0.4184,238.586,0.0521,-0.04084,-0.00273,2.023,-4.5051,153.4777,0.7428
2014-09-24T02:12:21Z,771.171,-5.5949,-8.9691,0.4441,238.044,0.0753,-0.05125,-0.03859,2.0106,-4.5848,153.3784,0.75073
2014-09-24T02:12:22Z,775.153,-5.325,-9.3,0.5025,240.205,0.03365,-0.07301,-0.06414,2.1156,-4.538,153.2919,0.75658
2014-09-24T02:12:23Z,779.792,-5.5944,-9.0653,0.314,238.32,0.08729,-0.03776,-0.05951,2.1044,-4.5782,153.1784,0.7615
2014-09-24T02:12:24Z,783.767,-5.4164,-9.3614,0.3352,239.947,0.03512,-0.04168,-0.02326,1.9849,-4.7665,153.1864,0.77086
2014-09-24T02:12:25Z,787.893,-5.598,-8.9249,0.4597,237.903,0.06459,-0.06923,-0.03207,1.9411,-4.7398,153.0533,0.75555
2014-09-24T02:12:26Z,792.249,-5.5777,-9.285,0.5778,239.006,0.04704,-0.0301,-0.08109,2.025,-4.7224,153.1889,0.76018
2014-09-24T02:12:27Z,797.375,-5.5695,-9.1347,0.4536,238.629,0.06541,-0.01319,-0.02953,1.9366,-4.7113,153.2841,0.7455
2014-09-24T02:12:28Z,800.384,-5.7526,-9.003,0.3758,237.423,0.04869,-0.06162,-0.06902,2.057,-4.7266,153.2733,0.76367
2014-09-24T02:12:29Z,805.503,-5.2181,-8.9105,0.2383,239.646,0.03527,-0.06354,-0.03057,2.0176,-4.72,153.2636,0.75428
2014-09-24T02:12:30Z,809.092,-5.4811,-9.001,0.5471,238.661,0.04866,-0.06468,-0.06124,2.1944,-4.6266,153.1424,0.75965
2014-09-24T02:12:31Z,814.008,-5.4738,-8.7102,0.3765,237.853,0.09443,-0.08778,-0.0477,2.0957,-4.6697,153.241,0.7665
2014-09-24T02:12:32Z,818.273,-5.5019,-8.81,0.3338,238.015,0.06801,0.00407,-0.05385,1.8883,-4.5856,153.2602,0.76742
2014-09-24T02:12:33Z,822.088,-5.3287,-8.805,0.2757,238.818,0.02455,-0.05748,-0.00182,1.9296,-4.6657,152.947,0.75224
2014-09-24T02:12:34Z,827.361,-5.0014,-9.0603,0.3015,241.101,0.08458,-0.06795,-0.02931,1.8143,-4.7425,153.192,0.77088
2014-09-24T02:12:35Z,831.513,-4.924,-8.6022,0.3478,240.213,0.03534,-0.07488,-0.00739,1.7925,-4.676,153.3615,0.76475
2014-09-24T02:12:36Z,835.345,-5.4607,-8.9609,0.4187,238.642,0.07664,-0.05663,0.0339,1.9686,-4.8145,153.116,0.77581
2014-09-24T02:12:37Z,840.821,-5.2323,-8.5528,0.3198,238.543,0.0723,-0.06453,-0.03687,1.8597,-4.8811,152.8847,0.77798
2014-09-24T02:12:38Z,845.491,-5.3049,-8.4883,0.4576,237.996,0.0743,-0.01141,-4e-05,2.0819,-4.6472,153.0473,0.77975
2014-09-24T02:12:39Z,849.984,-4.973,-8.694,0.4129,240.231,0.10564,-0.0788,-0.05464,2.0384,-4.6196,152.9388,0.75613
2014-09-24T02:12:40Z,854.076,-5.0513,-8.598,0.6583,239.566,0.039,-0.08626,-0.00534,1.9191,-4.6977,153.0485,0.77137
2014-09-24T02:12:41Z,858.467,-5.1618,-9.1953,0.2641,240.692,0.0754,-0.03421,-0.05645,1.9094,-4.7372,152.9811,0.75617
2014-09-24T02:12:42Z,863.43,-5.0256,-8.7387,0.4491,240.097,0.09202,-0.0509,-0.03628,2.0491,-4.8156,153.1882,0.77983
2014-09-24T02:12:43Z,868.08,-5.0796,-8.5227,0.4488,239.205,0.04485,-0.054,-0.02196,2.0618,-4.6173,153.1645,0.78161
2014-09-24T02:12:44Z,872.428,-4.7385,-8.5299,0.3268,240.947,0.04268,-0.03465,-0.01758,1.8442,-4.6736,153.1124,0.77852
2014-09-24T02:12:45Z,876.255,-4.8731,-8.8352,0.4381,241.121,0.05454,-0.04542,-0.0663,1.8279,-4.692,153.1922,0.76794
2014-09-24T02:12:46Z,881.22,-4.8255,-8.6731,0.5039,240.91,0.07023,-0.05022,-0.05571,1.8824,-4.7179,153.0045,0.77633
2014-09-24T02:12:47Z,885.882,-5.2979,-8.9883,0.435,239.484,0.02723,-0.08439,-0.0183,1.9345,-4.7573,153.0598,0.76821
2014-09-24T02:12:48Z,889.686,-4.8829,-8.5298,0.5626,240.211,0.07666,-0.09115,-0.04233,1.8523,-4.811,153.2632,0.77338
2014-09-24T02:12:49Z,895.087,-4.5301,-8.8487,0.2046,242.89,0.02805,-0.06716,-0.06763,1.9226,-4.7039,153.0937,0.77318
2014-09-24T02:12:50Z,900.335,-4.614,-8.372,0.3365,241.14,0.09597,-0.07696,-0.03402,2.0354,-4.7693,153.0847,0.75858
2014-09-24T02:12:51Z,904.392,-5.0645,-8.3468,0.5668,238.752,0.07685,-0.04331,-0.03476,1.7596,-4.7623,152.9409,0.76873
2014-09-24T02:12:52Z,909.325,-4.8062,-8.5728,0.509,240.723,0.1122,-0.0952,-0.02692,1.8289,-4.593,152.9673,0.79402
2014-09-24T02:12:53Z,913.527,-4.9137,-8.4053,0.4704,239.69,0.08145,-0.06161,-0.01765,1.7459,-4.7363,152.8998,0.7758
2014-09-24T02:12:54Z,918.103,-4.45,-8.4957,0.5382,242.355,0.05747,-0.05494,-0.01879,1.782,-4.9307,153.1594,0.77842
2014-09-24T02:12:55Z,922.94,-4.6424,-8.405,0.2217,241.086,0.04548,-0.0518,-0.04918,1.8172,-4.7793,152.8266,0.77771
2014-09-24T02:12:56Z,927.212,-4.7687,-8.5949,0.4916,240.977,0.07177,-0.04102,-0.03979,1.7743,-4.8186,153.0649,0.77513
2014-09-24T02:12:57Z,931.863,-4.6217,-8.3089,0.517,240.916,0.06539,-0.05934,-0.00587,1.8655,-4.7515,153.0227,0.77934
2014-09-24T02:12:58Z,937.358,-4.9887,-8.623,0.343,239.949,0.09615,-0.06805,-0.04219,1.8272,-4.8562,152.7953,0.77642
2014-09-24T02:12:59Z,942.122,-4.7335,-8.6301,0.6703,241.256,0.04362,-0.02043,-0.03803,1.8301,-4.7095,153.0609,0.76204
2014-09-24T02:13:00Z,946.033,-4.5414,-8.3578,0.4257,241.482,0.11769,-0.05972,-0.06531,1.7726,-4.7697,152.9117,0.78722
2014-09-24T02:13:01Z,951.469,-4.3914,-8.3463,0.1852,242.249,0.09937,-0.01642,-0.02796,1.7706,-4.7859,152.7964,0.79445
2014-09-24T02:13:02Z,955.862,-4.7842,-8.2549,0.4412,239.905,0.06274,-0.06021,-0.01815,1.7502,-4.7376,152.9559,0.77284
2014-09-24T02:13:03Z,960.786,-4.5234,-8.3714,0.3296,241.616,0.1131,-0.05266,-0.07571,1.7486,-4.7575,152.828,0.77946
2014-09-24T02:13:04Z,965.614,-4.2885,-7.9699,0.5166,241.716,0.0489,-0.05589,-0.05262,1.7921,-4.7638,152.8806,0.79536
2014-09-24T02:13:05Z,970.599,-4.631,-8.2067,0.4534,240.564,0.07393,-0.04681,-0.06095,1.5945,-4.7727,152.8414,0.77779
2014-09-24T02:13:06Z,975.089,-4.3539,-8.1767,0.3374,241.966,0.03719,-0.06326,-0.00523,1.7611,-4.758,152.7948,0.78765
2014-09-24T02:13:07Z,980.375,-4.3511,-8.1584,0.5459,241.928,0.11558,-0.05053,-0.07229,1.6581,-4.7306,152.7546,0.81974
2014-09-24T02:13:08Z,984.822,-4.0792,-8.0188,0.4883,243.037,0.02853,-0.01483,-0.02599,1.6898,-4.7422,152.9438,0.79076
2014-09-24T02:13:09Z,989.776,-4.3448,-8.0612,0.3101,241.676,0.034,-0.02704,-0.00561,1.5811,-4.671,152.8873,0.78682
2014-09-24T02:13:10Z,994.121,-4.3119,-8.0632,0.3763,241.864,0.05444,-0.02703,-0.0184,1.6662,-4.8064,152.8715,0.79388
2014-09-24T02:13:11Z,1000.035,-4.1294,-7.9923,0.4415,242.676,0.10366,-0.08713,-0.03363,1.7059,-4.7452,152.7997,0.79358
2014-09-24T02:13:12Z,1004.322,-4.4329,-8.3587,0.3521,242.062,0.09476,-0.08324,-0.0135,1.7088,-4.57,152.8318,0.78261
2014-09-24T02:13:13Z,1009.297,-4.2415,-8.3316,0.3537,243.02,0.07422,-0.04845,0.00422,1.5656,-4.7704,152.7436,0.77454
2014-09-24T02:13:14Z,1013.385,-4.2538,-8.0585,0.3896,242.172,0.09692,-0.03478,-0.02393,1.6814,-4.7687,152.7324,0.7937
2014-09-24T02:13:15Z,1018.572,-4.1804,-8.0543,0.2778,242.569,0.06884,-0.06718,-0.07674,1.7279,-4.871,152.9693,0.79541
2014-09-24T02:13:16Z,1024.216,-4.0052,-7.9128,0.1595,243.153,0.08256,-0.07179,0.00839,1.585,-4.8283,152.8771,0.78758
2014-09-24T02:13:17Z,1028.818,-4.0254,-7.9776,0.4054,243.225,0.11356,-0.01965,-0.00983,1.6122,-4.7811,152.723,0.8036
2014-09-24T02:13:18Z,1032.993,-4.1981,-7.8765,0.1814,241.943,0.06636,-0.0375,-0.0202,1.4341,-4.7312,152.6199,0.80247
2014-09-24T02:13:19Z,1038.982,-4.0377,-8.1241,0.2793,243.572,0.05362,-0.02834,-0.06841,1.5151,-4.7232,152.5898,0.79757
2014-09-24T02:13:20Z,1043.396,-3.8115,-7.9209,0.2002,244.303,0.08479,-0.06597,-0.02589,1.5956,-4.7503,152.6868,0.7896
2014-09-24T02:13:21Z,1049.058,-4.1334,-8.0959,0.2109,242.953,0.09179,-0.06808,-0.03985,1.6373,-4.7132,152.7513,0.77554
2014-09-24T02:13:22Z,1053.522,-3.9639,-7.8186,0.4171,243.116,0.07629,-0.03149,-0.04791,1.4997,-4.8587,152.7426,0.79129
2014-09-24T02:13:23Z,1058.625,-3.99,-8.1369,0.3509,243.878,0.09885,-0.06192,-0.02044,1.7478,-4.7407,152.7359,0.77841
2014-09-24T02:13:24Z,1063.976,-3.9453,-7.7802,0.3458,243.11,0.06897,-0.07076,-0.02996,1.5458,-4.7799,152.7447,0.77464
2014-09-24T02:13:25Z,1068.271,-4.1583,-8.0357,0.2388,242.64,0.07743,-0.07845,-0.02784,1.405,-4.772,152.5976,0.79905
2014-09-24T02:13:26Z,1073.27,-3.6781,-7.8522,0.3035,244.901,0.08383,-0.06853,0.00287,1.5959,-4.8121,152.8423,0.80362
2014-09-24T02:13:27Z,1078.591,-3.9811,-7.6381,0.4053,242.471,0.08187,-0.034,-0.00876,1.3786,-4.8603,152.662,0.77899
2014-09-24T02:13:28Z,1084.003,-3.6863,-7.7155,0.361,244.463,0.11524,-0.09375,-0.02707,1.4909,-4.8823,152.7013,0.79288
2014-09-24T02:13:29Z,1088.311,-3.9116,-7.9795,0.4473,243.886,0.08436,-0.04041,-0.02977,1.3759,-4.7604,152.5962,0.79511
2014-09-24T02:13:30Z,1093.268,-3.8888,-7.8133,0.4602,243.54,0.06773,-0.07396,-0.02511,1.327,-4.7471,152.683,0.79322
2014-09-24T02:13:31Z,1099.225,-3.5872,-7.9123,0.3369,245.612,0.08873,-0.06164,-0.01945,1.4979,-4.7982,152.8496,0.78482
2014-09-24T02:13:32Z,1103.821,-3.5979,-7.9231,0.1756,245.577,0.10096,-0.06016,0.00181,1.3852,-4.7899,152.5329,0.80677
2014-09-24T02:13:33Z,1109.001,-3.6921,-7.6301,0.2838,244.178,0.09529,-0.06214,-0.03838,1.529,-4.8471,152.5102,0.78557
2014-09-24T02:13:34Z,1113.604,-3.5872,-7.5455,0.3485,244.573,0.09409,-0.06391,0.02461,1.2943,-4.75,152.5253,0.78103
2014-09-24T02:13:35Z,1119.143,-3.7205,-7.5406,0.2792,243.738,0.03886,-0.06796,0.00325,1.2356,-4.7862,152.5683,0.78585
2014-09-24T02:13:36Z,1124.515,-3.6548,-7.4943,0.25,244.003,0.01418,-0.07124,-0.07935,1.3065,-4.821,152.5393,0.8009
2014-09-24T02:13:37Z,1129.991,-3.729,-7.5641,0.361,243.757,0.10855,-0.02407,-0.00829,1.5605,-4.7232,152.4772,0.7951
2014-09-24T02:13:38Z,1134.552,-3.4727,-7.5856,0.5959,245.402,0.08781,-0.05655,0.01606,1.3801,-4.7416,152.5661,0.79125
2014-09-24T02:13:39Z,1140.57,-3.6875,-7.6806,0.3025,244.354,0.07647,-0.06043,0.00024,1.3418,-4.9167,152.717,0.80179
2014-09-24T02:13:40Z,1144.928,-3.3399,-7.5691,0.3499,246.19,0.09453,-0.0735,-0.01931,1.3283,-4.7905,152.5356,0.80036
2014-09-24T02:13:41Z,1150.116,-3.5875,-7.6806,0.2177,244.963,0.12552,-0.06769,-0.01006,1.2263,-4.8716,152.5307,0.77936
2014-09-24T02:13:42Z,1156.091,-3.5127,-7.5847,0.4717,245.15,0.11283,-0.07362,-0.0036,1.4671,-4.7844,152.5643,0.80205
2014-09-24T02:13:43Z,1160.835,-3.3806,-7.4262,0.4336,245.524,0.1017,-0.03855,0.01166,1.2689,-5.0482,152.5844,0.80744
2014-09-24T02:13:44Z,1165.786,-3.4692,-7.4379,0.4255,244.995,0.05562,-0.07662,-0.04248,1.2447,-4.7807,152.6466,0.79706
2014-09-24T02:13:45Z,1171.153,-3.4949,-6.9393,0.4796,243.268,0.05901,-0.11403,-0.02176,1.2776,-4.74,152.5229,0.79621
2014-09-24T02:13:46Z,1176.919,-3.4314,-7.5778,0.2994,245.638,0.01841,-0.05651,0.03481,1.08,-4.8062,152.4882,0.81326
2014-09-24T02:13:47Z,1182.206,-3.2707,-7.3739,0.3106,246.08,0.09404,-0.06504,-0.00486,1.0945,-4.891,152.3789,0.79243
2014-09-24T02:13:48Z,1186.665,-3.4841,-7.552,0.5108,245.234,0.10604,-0.07279,0.03299,1.128,-4.6416,152.5415,0.79677
2014-09-24T02:13:49Z,1192.203,-3.3811,-7.3748,0.4017,245.37,0.1082,-0.03544,0.06991,1.2097,-4.706,152.3726,0.8007
2014-09-24T02:13:50Z,1197.527,-3.3388,-7.348,0.1152,245.564,0.09545,-0.12666,-0.01656,1.0091,-4.8412,152.3589,0.79839
2014-09-24T02:13:51Z,1202.437,-3.1898,-7.1506,0.3814,245.959,0.07483,-0.01899,-0.03371,1.09,-4.8199,152.4552,0.79574
2014-09-24T02:13:52Z,1208.06,-3.3122,-7.3228,0.2764,245.662,0.06468,-0.03211,-0.00994,1.061,-4.9577,152.5795,0.79854
2014-09-24T02:13:53Z,1213.388,-3.0045,-7.2635,0.4231,247.528,0.05826,-0.07426,0.02465,0.934,-4.7616,152.4874,0.81025
2014-09-24T02:13:54Z,1219.101,-3.277,-7.2771,0.3728,245.757,0.07491,-0.0699,0.02862,1.0013,-4.9092,152.4003,0.80403
2014-09-24T02:13:55Z,1224.45,-3.2679,-7.4023,0.1567,246.18,0.05464,-0.0461,0.05492,1.0673,-4.7464,152.2953,0.79681
2014-09-24T02:13:56Z,1229.248,-3.2379,-7.2721,0.3565,245.999,0.12308,-0.0455,-0.00232,0.8872,-4.7178,152.5349,0.79031
2014-09-24T02:13:57Z,1234.633,-3.3885,-7.2111,0.3494,244.831,0.0467,-0.0747,0.01128,1.1005,-4.8056,152.3663,0.79118
2014-09-24T02:13:58Z,1240.295,-3.3249,-7.121,0.3634,244.971,0.07442,-0.09934,-0.01824,1.0067,-4.8851,152.3322,0.80441
2014-09-24T02:13:59Z,1245.222,-3.229,-7.03,0.3834,245.33,0.03102,-0.00614,-0.06265,0.9784,-4.7001,152.406,0.78382
2014-09-24T02:14:00Z,1251.006,-2.9574,-7.1269,0.4741,247.463,0.08691,-0.03514,-0.00049,0.9328,-4.7998,152.2949,0.81553
2014-09-24T02:14:01Z,1256.152,-3.1125,-7.1104,0.3647,246.359,0.0795,-0.05519,-0.02786,0.8261,-4.7925,152.2535,0.79577
2014-09-24T02:14:02Z,1261.236,-3.1603,-7.3119,0.3245,246.625,0.0707,-0.05477,0.01754,0.8427,-4.8744,152.2523,0.78469
2014-09-24T02:14:03Z,1266.642,-2.8831,-6.9526,0.4358,247.477,0.05636,-0.04369,-0.0451,0.9048,-4.7843,152.2411,0.79685
2014-09-24T02:14:04Z,1272.894,-2.8123,-7.114,0.5438,248.43,0.07979,-0.04075,-0.01607,0.8047,-4.8158,152.1835,0.78865
2014-09-24T02:14:05Z,1277.754,-2.8374,-6.88,0.41,247.588,0.06617,-0.11149,0.00958,0.8529,-4.9057,152.1614,0.79134
2014-09-24T02:14:06Z,1283.812,-3.1323,-6.7717,0.3377,245.177,0.0764,-0.06816,0.01267,0.7467,-4.692,152.3715,0.78222
2014-09-24T02:14:07Z,1288.497,-3.0599,-6.9807,0.3593,246.33,0.1288,-0.07081,0.00265,0.8355,-4.6583,152.3302,0.79199
2014-09-24T02:14:08Z,1294.227,-2.693,-7.0848,0.3404,249.188,0.0842,-0.06352,0.051,0.8221,-4.7173,152.1701,0.7765
2014-09-24T02:14:09Z,1300.42,-2.9075,-6.9105,0.3153,247.182,0.09325,-0.04026,0.04403,0.6304,-4.7289,152.3301,0.78823
2014-09-24T02:14:10Z,1304.679,-2.9662,-6.8411,0.529,246.559,0.06834,-0.10432,-0.01184,0.7465,-4.6569,152.2612,0.78595
2014-09-24T02:14:11Z,1309.86,-2.7991,-6.9221,0.2365,247.983,0.06036,-0.09334,0.04598,0.5998,-4.8815,152.1868,0.78806
2014-09-24T02:14:12Z,1316.46,-2.734,-6.9346,0.4254,248.483,0.07941,-0.07669,0.05027,0.5529,-4.8821,152.0855,0.78547
2014-09-24T02:14:13Z,1321.214,-2.9526,-6.7488,0.2963,246.371,0.14259,-0.05583,0.00359,0.6346,-4.8301,152.2311,0.79133
2014-09-24T02:14:14Z,1326.999,-2.8139,-6.7376,0.1596,247.332,0.07281,-0.03892,0.0083,0.886,-4.7726,152.3723,0.79761
2014-09-24T02:14:15Z,1332.313,-2.6888,-6.8452,0.2877,248.555,0.08904,-0.01897,0.00637,0.7044,-4.8194,152.1761,0.79283
2014-09-24T02:14:16Z,1338.133,-2.982,-7.0203,0.2506,246.986,0.05929,-0.06695,-0.00801,0.7337,-4.8771,152.2633,0.79976
2014-09-24T02:14:17Z,1343.237,-2.7876,-6.6859,0.362,247.367,0.01111,-0.03905,-0.00505,0.651,-4.7945,152.131,0.78478
2014-09-24T02:14:18Z,1349.045,-2.937,-6.8485,0.3121,246.788,0.06023,-0.04209,0.04205,0.5987,-4.8019,152.2331,0.79074
2014-09-24T02:14:19Z,1354.814,-2.8979,-6.6807,0.1996,246.55,0.13947,-0.04632,0.02047,0.6337,-4.7264,152.1146,0.79042
2014-09-24T02:14:20Z,1359.86,-2.8168,-6.6727,0.4478,247.114,0.09482,-0.0605,-0.00384,0.4906,-4.7895,151.8778,0.79606
2014-09-24T02:14:21Z,1365.534,-2.6417,-6.9586,0.4086,249.212,0.12093,-0.0699,-0.01266,0.5592,-4.9448,152.0348,0.78033
2014-09-24T02:14:22Z,1371.232,-2.7426,-6.643,0.457,247.567,0.07118,-0.08656,-0.00799,0.5953,-4.7609,152.1089,0.79179
2014-09-24T02:14:23Z,1376.436,-2.7735,-6.56,0.321,247.082,0.02091,-0.08823,0.00734,0.5367,-4.6644,152.1926,0.77791
2014-09-24T02:14:24Z,1382.381,-2.6493,-6.5206,0.2925,247.888,0.05208,-0.05128,0.03474,0.5597,-4.7879,152.0576,0.77947
2014-09-24T02:14:25Z,1388.171,-2.8102,-6.5783,0.3653,246.868,0.08967,-0.06133,-0.00912,0.4544,-4.7104,152.0645,0.78042
2014-09-24T02:14:26Z,1393.599,-2.5557,-6.8738,0.2361,249.604,0.08564,-0.07037,0.03539,0.5546,-4.829,151.9913,0.78615
2014-09-24T02:14:27Z,1399.262,-2.4319,-6.366,0.3057,249.092,0.07938,-0.04337,0.01825,0.382,-4.7424,152.1947,0.77305
2014-09-24T02:14:28Z,1404.978,-2.5951,-6.4762,0.274,248.163,0.06632,-0.06501,0.01737,0.5474,-4.8464,152.1772,0.77336
2014-09-24T02:14:29Z,1410.391,-2.5958,-6.6999,0.1444,248.821,0.10301,-0.08283,0.03991,0.4032,-4.8056,151.948,0.77497
2014-09-24T02:14:30Z,1416.506,-2.4906,-6.6163,0.302,249.372,0.06691,-0.06666,0.03582,0.3058,-4.804,151.8524,0.77969
2014-09-24T02:14:31Z,1422.42,-2.8325,-6.4432,0.244,246.269,0.08706,-0.03948,-0.0199,0.2214,-4.7458,151.8118,0.77096
2014-09-24T02:14:32Z,1427.417,-2.4308,-6.3593,0.2629,249.081,0.08417,-0.08559,-0.01142,0.2303,-4.8489,152.0413,0.7797
2014-09-24T02:14:33Z,1433.419,-2.0277,-6.5139,0.3224,252.709,0.06999,-0.05476,0.01041,0.1974,-4.8991,151.9829,0.77385
2014-09-24T02:14:34Z,1438.844,-2.4941,-6.2988,0.4122,248.398,0.05708,-0.06137,0.02552,0.2462,-4.7432,151.8796,0.78109
2014-09-24T02:14:35Z,1444.743,-2.4756,-6.6715,0.1989,249.642,0.06834,-0.079,0.0512,0.1304,-4.7451,151.9733,0.77542
2014-09-24T02:14:36Z,1450.859,-2.328,-6.5382,0.249,250.401,0.12576,-0.0673,0.01918,0.3149,-4.7696,151.8114,0.78801
2014-09-24T02:14:37Z,1456.193,-2.1758,-6.6739,0.2051,251.943,0.10663,-0.09925,0.06062,0.1993,-4.7028,152.0023,0.77403
2014-09-24T02:14:38Z,1461.107,-2.2602,-6.4829,0.1976,250.78,0.10422,-0.0572,0.00083,0.1751,-4.7924,151.8728,0.76237
2014-09-24T02:14:39Z,1467.608,-2.7113,-6.1001,0.22,246.036,0.05894,-0.09404,0.00552,0.0553,-4.7525,151.7912,0.76945
2014-09-24T02:14:40Z,1473.61,-2.2859,-5.9976,0.2587,249.137,0.04254,-0.03309,0.01179,0.066,-4.8017,151.8509,0.77035
2014-09-24T02:14:41Z,1478.839,-1.9682,-6.2541,0.3359,252.531,0.10577,-0.06218,-0.00053,-0.0711,-4.7931,151.8357,0.76192
2014-09-24T02:14:42Z,1485.011,-2.243,-6.3645,0.3082,250.587,0.10085,-0.07415,0.04935,0.2149,-4.7439,151.9006,0.78033
2014-09-24T02:14:43Z,1490.176,-2.4934,-6.2854,0.1695,248.362,0.08154,-0.03082,-0.04842,-0.049,-4.5884,151.9688,0.7647
2014-09-24T02:14:44Z,1495.66,-2.2614,-6.1634,0.4036,249.851,0.06871,-0.0856,0.0087,-0.064,-4.709,151.9518,0.761
2014-09-24T02:14:45Z,1502.001,-2.4782,-6.4479,0.3675,248.976,0.04123,-0.07847,0.05046,0.1354,-4.7231,151.8445,0.76658
2014-09-24T02:14:46Z,1507.116,-2.0854,-6.2831,0.182,251.639,0.09937,-0.10548,0.01442,0.0323,-4.7036,151.798,0.75684
2014-09-24T02:14:47Z,1513.435,-2.3963,-5.9613,0.3934,248.101,0.10719,-0.02697,0.04951,-0.0101,-4.9518,151.7479,0.77076
2014-09-24T02:14:48Z,1519.765,-2.2246,-6.3127,0.3025,250.588,0.0604,-0.01286,0.07809,-0.0136,-4.737,151.6161,0.76809
2014-09-24T02:14:49Z,1524.45,-2.3494,-6.2538,0.2533,249.41,0.05816,-0.10148,0.02562,0.0145,-4.6881,151.779,0.76194
2014-09-24T02:14:50Z,1530.483,-2.286,-6.12,0.3037,249.518,0.10809,-0.07999,0.0533,-0.0749,-4.7527,151.6839,0.76455
2014-09-24T02:14:51Z,1536.39,-1.9647,-6.0607,0.2643,252.039,0.06085,-0.05781,0.08502,-0.2274,-4.7613,151.8789,0.75473
2014-09-24T02:14:52Z,1542.558,-2.1555,-6.1771,0.3203,250.764,0.1212,-0.07241,0.03505,-0.0663,-4.8314,151.725,0.74561
2014-09-24T02:14:53Z,1548.289,-2.2389,-6.0537,0.2835,249.704,0.07382,-0.06025,0.02426,-0.1122,-4.7892,151.8078,0.75392
2014-09-24T02:14:54Z,1554.752,-2.3099,-5.9534,0.2299,248.794,0.0667,-0.06236,0.04848,-0.0732,-4.8195,151.6728,0.7514
2014-09-24T02:14:55Z,1560.449,-2.4031,-5.7325,0.0601,247.256,0.0773,-0.04918,0.05599,-0.2878,-4.6712,151.6414,0.738
2014-09-24T02:14:56Z,1566.149,-2.2944,-6.0279,0.3144,249.162,0.06632,-0.08334,0.02587,-0.2672,-4.6292,151.7574,0.74471
2014-09-24T02:14:57Z,1571.896,-2.0742,-5.9973,0.2233,250.922,0.10395,-0.05445,0.0152,-0.1984,-4.5928,151.7126,0.7422
2014-09-24T02:14:58Z,1577.86,-1.9281,-5.7434,0.3375,251.442,0.09774,-0.08711,0.07069,-0.3262,-4.8138,151.705,0.74247
2014-09-24T02:14:59Z,1583.305,-2.1441,-6.0382,0.3069,250.45,0.10259,-0.06945,0.02145,-0.4598,-4.7974,151.6512,0.76043
2014-09-24T02:15:00Z,1589.8,-1.8082,-6.1341,0.2229,253.576,0.07979,-0.10251,0.05851,-0.2766,-4.802,151.7274,0.75271
2014-09-24T02:15:01Z,1595.012,-2.1367,-5.8822,0.359,250.036,0.06356,-0.06914,0.0357,-0.2416,-4.8216,151.7008,0.75518
2014-09-24T02:15:02Z,1601.602,-2.0486,-5.7378,0.2761,250.352,0.07452,-0.07328,0.07525,-0.3443,-4.8184,151.4065,0.75039
2014-09-24T02:15:03Z,1607.642,-2.1593,-5.8266,0.271,249.665,0.06389,-0.03531,0.00881,-0.3109,-4.7775,151.5862,0.75382
2014-09-24T02:15:04Z,1613.226,-1.8339,-5.8784,0.2399,252.673,0.11097,-0.06031,0.00921,-0.3431,-4.6643,151.7012,0.74421
2014-09-24T02:15:05Z,1619.023,-1.6529,-6.0636,0.4211,254.752,0.09913,-0.0557,0.0523,-0.3952,-4.7897,151.4856,0.75495
2014-09-24T02:15:06Z,1625.165,-2.2164,-5.8364,0.1804,249.205,0.07155,-0.05925,0.00314,-0.4058,-4.6459,151.406,0.73181
2014-09-24T02:15:07Z,1629.972,-1.9904,-5.6287,0.2187,250.526,0.05044,-0.11184,0.03476,-0.3293,-4.6187,151.5491,0.73996
2014-09-24T02:15:08Z,1637.035,-1.7325,-5.9771,0.1261,253.835,0.11188,-0.10846,0.07101,-0.5349,-4.7032,151.6028,0.73113
2014-09-24T02:15:09Z,1642.854,-2.1246,-5.8113,0.3215,249.918,0.07653,-0.06642,-0.01187,-0.4164,-4.6255,151.4924,0.7481
2014-09-24T02:15:10Z,1648.847,-1.8077,-5.8149,0.1897,252.731,0.0696,-0.05141,0.04325,-0.5931,-4.8306,151.6554,0.74035
2014-09-24T02:15:11Z,1655.092,-1.6945,-5.8427,0.1999,253.827,0.11134,-0.06416,0.06394,-0.5826,-4.7641,151.6981,0.74532
2014-09-24T02:15:12Z,1660.806,-1.8516,-5.6841,0.1943,251.957,0.05959,-0.07981,0.03345,-0.4436,-4.7021,151.3089,0.72343
2014-09-24T02:15:13Z,1666.428,-1.7667,-5.6384,0.2514,252.603,0.0641,-0.06413,0.01136,-0.6563,-4.6971,151.4506,0.72868
2014-09-24T02:15:14Z,1672.78,-1.5702,-5.6211,0.119,254.393,0.06604,-0.06621,0.02842,-0.5991,-4.5983,151.2485,0.71806
2014-09-24T02:15:15Z,1678.864,-1.5276,-5.8147,0.0188,255.28,0.03862,-0.03847,0.01447,-0.4109,-4.7903,151.5304,0.73406
2014-09-24T02:15:16Z,1684.898,-1.8148,-5.8974,0.288,252.896,0.07915,-0.03977,0.03761,-0.5379,-4.751,151.3839,0.72659
2014-09-24T02:15:17Z,1690.941,-1.8711,-5.5936,0.0299,251.505,0.05191,-0.07159,0.0294,-0.6989,-4.7124,151.3918,0.7349
2014-09-24T02:15:18Z,1697.281,-1.9147,-5.6904,0.3257,251.403,0.05642,-0.05891,0.02393,-0.7051,-4.7447,151.5418,0.72796
2014-09-24T02:15:19Z,1702.578,-1.6168,-5.3237,0.3953,253.106,0.05279,-0.05066,0.04886,-0.6932,-4.7842,151.2817,0.70951
2014-09-24T02:15:20Z,1709.068,-1.9546,-5.2979,0.2221,249.749,0.05543,-0.04684,0.07713,-0.5944,-4.7364,151.2441,0.71213
2014-09-24T02:15:21Z,1715.515,-1.7724,-5.2634,0.3674,251.39,0.04883,-0.01604,0.04629,-0.7992,-4.7154,151.1618,0.72493
2014-09-24T02:15:22Z,1720.52,-1.7063,-5.6891,0.2343,253.305,0.07568,-0.05796,0.07212,-0.8237,-4.5775,151.5041,0.72686
2014-09-24T02:15:23Z,1727.261,-1.7826,-5.4433,0.3956,251.867,0.0653,-0.02793,0.07844,-0.7011,-4.7723,151.4683,0.70428
2014-09-24T02:15:24Z,1733.072,-1.6517,-5.3816,0.1892,252.938,0.07008,-0.08604,0.02474,-0.9121,-4.6229,151.3226,0.72022
2014-09-24T02:15:25Z,1739.234,-1.2953,-5.3811,-0.0026,256.466,0.12741,-0.07287,0.04672,-0.8699,-4.5837,151.2119,0.71163
2014-09-24T02:15:26Z,1745.14,-1.6848,-5.5314,0.2251,253.06,0.06436,-0.11021,0.02966,-0.8231,-4.7239,151.4102,0.70978
2014-09-24T02:15:27Z,1751.499,-1.718,-5.2685,0.4029,251.939,0.08305,-0.05292,0.00366,-0.8381,-4.6594,151.5897,0.71231
2014-09-24T02:15:28Z,1758.312,-1.4863,-5.441,0.2846,254.721,0.08557,-0.0404,0.05004,-0.9637,-4.6314,151.2781,0.71745
2014-09-24T02:15:29Z,1763.341,-1.5903,-5.4082,0.1788,253.614,0.0657,-0.12035,0.01528,-0.8452,-4.6419,151.1687,0.70972
2014-09-24T02:15:30Z,1769.498,-1.397,-5.641,0.2624,256.091,0.07378,-0.05164,0.05412,-0.8481,-4.6654,151.4006,0.6984
2014-09-24T02:15:31Z,1775.583,-1.575,-5.2968,0.3257,253.44,0.06711,-0.04112,0.00355,-0.9642,-4.7235,151.1505,0.71415
2014-09-24T02:15:32Z,1782.781,-1.6228,-5.4124,0.219,253.31,0.07131,-0.04242,0.04715,-0.797,-4.6134,151.2144,0.70935
2014-09-24T02:15:33Z,1788.161,-1.8407,-5.2891,0.4894,250.811,0.05124,-0.08587,0.00404,-0.9213,-4.6935,150.9746,0.7036
2014-09-24T02:15:34Z,1794.467,-1.8029,-5.3062,0.1742,251.234,0.0532,-0.03652,0.06058,-1.0473,-4.6583,151.1954,0.7076
2014-09-24T02:15:35Z,1800.495,-1.8224,-5.298,0.3253,251.017,0.06562,-0.05548,0.03433,-0.8557,-4.6437,151.0852,0.70625
2014-09-24T02:15:36Z,1806.474,-1.4775,-5.3158,0.3004,254.467,0.01554,-0.04081,0.03235,-1.0454,-4.5863,151.3262,0.70836
2014-09-24T02:15:37Z,1812.897,-1.7257,-5.1735,0.1533,251.554,0.10188,-0.05859,0.07318,-1.0074,-4.4976,151.09,0.70502
2014-09-24T02:15:38Z,1820.022,-1.3194,-5.3018,0.1799,256.025,0.11813,-0.04579,0.0374,-1.0787,-4.7079,151.2528,0.70732
2014-09-24T02:15:39Z,1825.839,-1.4908,-5.4748,0.3233,254.767,0.068,-0.02744,0.04864,-1.0078,-4.6416,151.1516,0.70462
2014-09-24T02:15:40Z,1831.25,-1.52,-5.1569,0.2352,253.577,0.08,-0.06014,0.04132,-1.114,-4.7615,151.1619,0.71059
2014-09-24T02:15:41Z,1837.98,-1.597,-5.3455,0.2536,253.366,0.09002,-0.04779,0.0594,-1.1269,-4.5212,151.1888,0.71575
2014-09-24T02:15:42Z,1843.673,-1.365,-5.4079,0.0555,255.834,0.02949,-0.02351,0.0732,-1.1236,-4.6331,151.1184,0.70199
2014-09-24T02:15:43Z,1849.561,-1.5669,-5.3471,0.2839,253.668,0.08543,-0.05794,0.06844,-1.1684,-4.6574,151.0462,0.6962
2014-09-24T02:15:44Z,1856.766,-1.5809,-5.1319,0.246,252.879,0.05117,-0.08259,0.0363,-1.0598,-4.6261,151.017,0.68875
2014-09-24T02:15:45Z,1863.048,-1.2425,-5.1724,0.2101,256.493,0.11871,-0.03741,0.07861,-1.2633,-4.6189,151.1362,0.70451
2014-09-24T02:15:46Z,1869.249,-1.3554,-5.4616,0.2517,256.063,0.05634,-0.01829,0.02589,-1.1828,-4.6824,150.8823,0.69121
2014-09-24T02:15:47Z,1874.966,-1.4321,-5.1845,0.1739,254.559,0.08335,-0.02178,0.03066,-1.1896,-4.5256,151.2275,0.71633
2014-09-24T02:15:48Z,1881.326,-1.2884,-4.935,0.1548,255.368,0.05578,-0.03597,0.04644,-1.2235,-4.5657,151.06,0.71891
2014-09-24T02:15:49Z,1887.909,-1.371,-5.161,0.189,255.123,0.11475,-0.1123,0.07621,-1.1527,-4.5513,151.0002,0.69411
2014-09-24T02:15:50Z,1894.052,-1.3031,-5.1023,0.1659,255.674,0.04662,-0.06943,0.0212,-1.367,-4.6651,151.0476,0.68165
2014-09-24T02:15:51Z,1900.053,-1.4714,-4.9057,0.4296,253.305,0.08814,-0.06799,0.07315,-1.2177,-4.6661,150.9487,0.69937
2014-09-24T02:15:52Z,1905.907,-1.0268,-4.928,0.302,258.231,0.07426,-0.05209,0.04991,-1.379,-4.613,150.9774,0.71012
2014-09-24T02:15:53Z,1912.804,-1.412,-4.8763,0.1131,253.85,0.06828,-0.01084,0.04084,-1.3362,-4.5365,150.8691,0.68203
2014-09-24T02:15:54Z,1919.439,-1.0798,-5.4285,0.4127,258.75,0.06348,-0.0799,0.07954,-1.4193,-4.5569,151.0069,0.70693
2014-09-24T02:15:55Z,1924.946,-1.3304,-4.7389,0.1651,254.318,0.04065,0.00334,0.03243,-1.3538,-4.6558,150.9486,0.67618
2014-09-24T02:15:56Z,1931.9,-1.169,-4.8857,0.2104,256.544,-0.00776,-0.0621,0.11004,-1.3892,-4.5367,150.9622,0.67859
2014-09-24T02:15:57Z,1938.111,-1.1685,-4.5964,0.2964,255.736,0.08332,-0.07155,0.04889,-1.2274,-4.6643,151.0788,0.69195
2014-09-24T02:15:58Z,1944.583,-1.0951,-5.0667,0.0089,257.804,0.0438,-0.03107,0.05745,-1.3545,-4.6359,150.8371,0.69689
2014-09-24T02:15:59Z,1950.958,-1.3818,-5.198,0.1814,255.113,0.08482,-0.02892,0.09268,-1.3539,-4.5668,150.8917,0.68752
2014-09-24T02:16:00Z,1956.749,-1.0834,-4.9181,0.147,257.577,0.06393,-0.0356,0.05891,-1.4927,-4.6695,150.7264,0.69096
2014-09-24T02:16:01Z,1962.772,-0.9568,-4.9457,0.2241,259.051,0.08469,-0.07091,0.08463,-1.3598,-4.6493,150.9336,0.69553
2014-09-24T02:16:02Z,1969.504,-1.2611,-4.7896,0.2398,255.249,0.07428,-0.03894,0.00648,-1.3027,-4.4443,150.8638,0.69579
2014-09-24T02:16:03Z,1976.362,-1.2056,-4.7095,0.1942,255.641,-0.00783,-0.07715,0.04464,-1.3788,-4.4555,150.8543,0.68041
2014-09-24T02:16:04Z,1982.228,-1.2786,-4.8696,0.1888,255.288,0.0687,-0.07106,0.06601,-1.5678,-4.3779,150.8238,0.67786
2014-09-24T02:16:05Z,1988.548,-1.2411,-4.8772,0.307,255.724,0.04427,-0.05331,0.08352,-1.5142,-4.5213,150.7686,0.69259
2014-09-24T02:16:06Z,1994.535,-0.9217,-4.7483,0.2299,259.015,0.08153,-0.07125,0.07612,-1.4825,-4.502,151.063,0.6872
2014-09-24T02:16:07Z,2002.173,-1.3173,-4.8463,0.203,254.793,0.06672,-0.02424,0.07417,-1.5513,-4.5622,150.8042,0.6877
2014-09-24T02:16:08Z,2008.243,-1.2974,-4.8443,0.2129,255.007,0.06654,-0.06483,0.08419,-1.3163,-4.574,150.8169,0.67715
2014-09-24T02:16:09Z,2014.625,-0.9037,-4.6224,0.3809,258.938,0.04419,-0.05569,0.06993,-1.5711,-4.4723,150.6603,0.687
2014-09-24T02:16:10Z,2021.102,-1.0409,-4.5735,0.2138,257.178,0.0277,-0.07199,0.00486,-1.5495,-4.4293,150.8496,0.67262
2014-09-24T02:16:11Z,2027.38,-0.806,-4.585,0.1444,260.03,0.03922,-0.02385,0.09488,-1.6073,-4.4714,150.7357,0.68284
2014-09-24T02:16:12Z,2033.514,-1.1812,-4.7583,0.0042,256.059,0.00456,-0.06624,0.03827,-1.5538,-4.5976,150.7795,0.68127
2014-09-24T02:16:13Z,2039.971,-1.0841,-5.0387,0.051,257.857,0.03431,-0.02084,0.06743,-1.4747,-4.4951,150.812,0.68085
2014-09-24T02:16:14Z,2046.314,-1.1918,-4.7251,0.1469,255.844,0.01198,-0.02248,0.0645,-1.5889,-4.584,150.6983,0.6857
2014-09-24T02:16:15Z,2053.828,-1.0601,-4.7987,0.1819,257.542,0.01215,-0.06014,0.06154,-1.6281,-4.5444,150.6279,0.67085
2014-09-24T02:16:16Z,2059.549,-1.3378,-4.6912,0.1365,254.083,0.05051,-0.04804,0.03308,-1.7089,-4.3835,150.4497,0.684
2014-09-24T02:16:17Z,2065.647,-0.9589,-4.7583,0.2265,258.607,0.06046,-0.06042,0.01264,-1.5385,-4.6063,150.6306,0.67834
2014-09-24T02:16:18Z,2072.435,-1.0027,-4.6449,0.1338,257.819,0.04581,-0.03472,0.03643,-1.6587,-4.3327,150.5879,0.67146
2014-09-24T02:16:19Z,2078.387,-1.0499,-4.784,0.0985,257.622,0.03364,-0.05302,0.08252,-1.674,-4.4581,150.5287,0.66684
2014-09-24T02:16:20Z,2085.743,-1.0892,-4.8031,0.2504,257.223,0.02192,-0.05838,0.02607,-1.8579,-4.5352,150.7751,0.69217
2014-09-24T02:16:21Z,2091.467,-1.1553,-4.4146,0.3254,255.335,0.03717,-0.04658,0.0406,-1.6924,-4.4883,150.7149,0.67617
2014-09-24T02:16:22Z,2098.363,-0.9017,-4.7276,0.077,259.202,0.02403,-0.08707,0.07343,-1.7256,-4.5444,150.4205,0.67356
2014-09-24T02:16:23Z,2105.056,-1.1764,-4.5668,0.2113,255.555,0.0425,-0.0492,0.03766,-1.8507,-4.5291,150.6057,0.66694
2014-09-24T02:16:24Z,2111.32,-0.9142,-4.4096,-0.0042,258.287,0.00552,-0.03084,0.05014,-1.6364,-4.4752,150.4954,0.68451
2014-09-24T02:16:25Z,2117.727,-0.67,-4.4011,0.0381,261.344,0.06057,-0.04341,0.06613,-1.7691,-4.5031,150.6006,0.68361
2014-09-24T02:16:26Z,2124.213,-0.7486,-4.4045,0.126,260.354,0.02834,-0.02285,0.07151,-1.5852,-4.5472,150.4707,0.68181
2014-09-24T02:16:27Z,2130.712,-1.1875,-4.4637,0.2977,255.102,0.0514,-0.05585,0.03863,-1.634,-4.4859,150.4836,0.67453
2014-09-24T02:16:28Z,2137.059,-1.0327,-4.3864,0.1056,256.752,0.06365,-0.05768,0.06869,-1.8149,-4.569,150.6206,0.6808
2014-09-24T02:16:29Z,2143.638,-0.8793,-4.2743,0.1012,258.376,0.04914,-0.0739,0.0755,-1.6577,-4.5612,150.593,0.66799
2014-09-24T02:16:30Z,2150.855,-0.9432,-4.4004,0.1856,257.903,0.06039,-0.05589,0.03406,-1.6482,-4.5576,150.6488,0.67613
2014-09-24T02:16:31Z,2156.848,-1.1333,-4.7266,0.1851,256.517,-0.01178,0.00363,0.07162,-1.8313,-4.3169,150.4629,0.67377
2014-09-24T02:16:32Z,2163.166,-0.8563,-4.5164,0.1022,259.265,0.02703,-0.03839,0.04869,-1.8786,-4.4137,150.3258,0.67617
2014-09-24T02:16:33Z,2169.822,-0.9061,-4.3181,0.3786,258.149,0.06639,-0.05969,0.07005,-1.9775,-4.394,150.5502,0.65938
2014-09-24T02:16:34Z,2176.956,-0.6078,-4.5009,0.1527,262.309,0.051,-0.06997,0.08539,-1.7836,-4.4363,150.5376,0.6887
2014-09-24T02:16:35Z,2183.381,-0.9238,-4.1499,0.1899,257.451,0.08394,-0.08454,0.06325,-1.9007,-4.3922,150.4944,0.68657
2014-09-24T02:16:36Z,2189.922,-0.7013,-4.3882,0.1377,260.919,0.0798,-0.0651,0.09085,-1.7986,-4.334,150.344,0.66431
2014-09-24T02:16:37Z,2196.223,-1.0576,-4.3524,0.2213,256.343,0.04413,-0.02513,0.08813,-1.8852,-4.3909,150.298,0.67803
2014-09-24T02:16:38Z,2203.108,-1.0124,-4.1816,0.3,256.39,0.02979,-0.05454,0.0914,-1.9103,-4.2877,150.4454,0.66143
2014-09-24T02:16:39Z,2209.283,-0.7411,-4.3646,0.3423,260.363,0.01158,-0.06758,0.07913,-1.9008,-4.4173,150.2899,0.67393
2014-09-24T02:16:40Z,2216.024,-0.6777,-4.2963,0.099,261.036,0.0231,-0.06459,0.09691,-1.9676,-4.3617,150.3345,0.65563
2014-09-24T02:16:41Z,2223.068,-0.9747,-4.1728,0.2846,256.852,0.02423,-0.0269,0.07936,-1.9161,-4.3487,150.6426,0.67082
2014-09-24T02:16:42Z,2229.654,-0.8186,-4.5146,0.2288,259.723,0.01905,-0.04492,0.0284,-1.9374,-4.4748,150.5516,0.66922
2014-09-24T02:16:43Z,2235.63,-1.0208,-4.3241,0.2707,256.717,0.01036,-0.05832,0.05061,-1.8867,-4.3921,150.4047,0.68236
2014-09-24T02:16:44Z,2242.307,-0.8319,-4.1428,0.1634,258.645,0.0428,-0.0501,0.06547,-1.8842,-4.5381,150.2459,0.68644
2014-09-24T02:16:45Z,2249.284,-0.6703,-4.2427,0.1532,261.022,0.07461,0.013,0.06891,-1.9849,-4.3964,150.2266,0.68662
2014-09-24T02:16:46Z,2256.495,-0.8521,-4.0173,0.2648,258.024,0.05497,-0.0114,0.08037,-1.8176,-4.4036,150.3571,0.68237
2014-09-24T02:16:47Z,2261.872,-0.8161,-4.4628,0.2661,259.637,0.02301,-0.00492,0.05158,-1.9248,-4.4035,150.4219,0.67379
2014-09-24T02:16:48Z,2269.298,-0.9393,-4.4644,0.3265,258.119,0.05585,-0.08519,0.1223,-1.7979,-4.4042,150.2078,0.67627
2014-09-24T02:16:49Z,2275.384,-0.8587,-4.083,0.1892,258.123,0.0386,-0.0449,0.06985,-1.9046,-4.3257,150.1999,0.67628
2014-09-24T02:16:50Z,2282.314,-0.4891,-4.0543,0.158,263.121,0.02834,-0.05699,0.07255,-1.924,-4.4327,150.2411,0.66383
2014-09-24T02:16:51Z,2289.085,-0.7334,-4.1993,-0.0779,260.093,0.02621,-0.02701,0.0563,-1.9743,-4.2081,150.0801,0.6825
2014-09-24T02:16:52Z,2295.749,-0.8863,-4.0967,0.0063,257.793,0.02321,-0.01385,0.04831,-1.891,-4.3066,150.0698,0.67893
2014-09-24T02:16:53Z,2302.399,-0.7748,-4.0315,0.1273,259.121,0.04391,-0.03193,0.07056,-1.9425,-4.4112,150.0748,0.67938
2014-09-24T02:16:54Z,2309.285,-0.9588,-4.2514,0.056,257.291,0.03055,-0.06164,0.07473,-1.8813,-4.2902,150.2337,0.65533
2014-09-24T02:16:55Z,2315.797,-0.8631,-4.2222,0.2469,258.447,0.00826,-0.05609,0.07218,-1.8262,-4.2574,150.1929,0.6773
2014-09-24T02:16:56Z,2322.181,-0.4988,-4.075,0.0339,263.021,0.00647,-0.02378,0.11605,-2.0171,-4.3024,150.2661,0.68183
2014-09-24T02:16:57Z,2329.681,-0.7158,-3.9527,0.1141,259.736,0.03296,-0.02102,0.07183,-1.914,-4.4074,149.9654,0.67378
2014-09-24T02:16:58Z,2336.392,-0.4027,-4.2498,0.1174,264.587,0.03544,-0.03523,0.07316,-1.9202,-4.1428,149.9741,0.67001
2014-09-24T02:16:59Z,2343.151,-0.6925,-4.0912,0.2834,260.393,0.01631,-0.03524,0.096,-1.934,-4.2656,150.158,0.66325
2014-09-24T02:17:00Z,2349.05,-0.6759,-4.0866,0.1016,260.609,-0.00475,-0.03696,0.07165,-2.0088,-4.4114,150.0119,0.6628
2014-09-24T02:17:01Z,2356.434,-0.5661,-3.9727,0.207,261.89,0.05424,-0.03122,0.08972,-2.0105,-4.2897,150.0058,0.67565
2014-09-24T02:17:02Z,2363.312,-1.0552,-4.0231,0.1807,255.304,0.04834,-0.01977,0.04457,-2.0272,-4.3189,150.1737,0.67268
2014-09-24T02:17:03Z,2369.466,-0.6158,-4.0918,0.2509,261.441,-0.0279,-0.02164,0.04507,-2.0316,-4.2956,150.0038,0.67272
2014-09-24T02:17:04Z,2376.589,-0.646,-3.8087,0.245,260.374,0.05468,-0.03653,0.0802,-2.0531,-4.3864,150.0022,0.6871
2014-09-24T02:17:05Z,2383.309,-0.4079,-4.0638,0.156,264.268,0.01537,-0.03807,0.07167,-1.9966,-4.2813,150.0074,0.66497
2014-09-24T02:17:06Z,2390.765,-0.4782,-4.0123,-0.011,263.204,0.02475,-0.03874,0.05753,-2.0511,-4.3469,150.0002,0.67242
2014-09-24T02:17:07Z,2397.571,-0.7852,-4.1941,0.1349,259.396,0.04786,-0.05579,0.0811,-1.9575,-4.3031,150.0743,0.6889
2014-09-24T02:17:08Z,2403.098,-0.4216,-4.052,0.1556,264.06,0.06012,-0.05582,0.08358,-1.9896,-4.2388,149.8714,0.67302
2014-09-24T02:17:09Z,2411.342,-0.6392,-3.8516,0.1855,260.578,0.04328,-0.02212,0.0609,-1.9821,-4.3026,149.9603,0.67622
2014-09-24T02:17:10Z,2416.944,-0.7283,-3.8704,0.0826,259.343,0.02363,-0.05325,0.06597,-2.0188,-4.2823,150.082,0.67446
2014-09-24T02:17:11Z,2424.409,-0.5553,-3.8144,0.2698,261.717,-0.01738,-0.0148,0.08465,-1.9925,-4.1881,150.1657,0.68168
2014-09-24T02:17:12Z,2431.213,-0.6078,-3.8088,0.1565,260.933,-0.03425,-0.03614,0.05399,-2.0186,-4.3194,149.8035,0.65977
2014-09-24T02:17:13Z,2437.338,-0.3394,-3.5669,0.0626,264.564,0.03776,-0.01408,0.06471,-1.9371,-4.2948,149.9589,0.67476
2014-09-24T02:17:14Z,2444.679,-0.5115,-3.9784,0.1082,262.673,0.04875,-0.01836,0.09344,-2.0352,-4.3379,149.8934,0.677
2014-09-24T02:17:15Z,2451.294,-0.5245,-4.0968,0.3463,262.704,-0.00577,-0.01292,0.07978,-1.9699,-4.2979,149.8892,0.66875
2014-09-24T02:17:16Z,2458.358,-0.4129,-3.9983,0.2193,264.104,0.00724,-0.04561,0.06873,-2.1045,-4.2162,149.8068,0.67966
2014-09-24T02:17:17Z,2465.082,-0.3768,-3.9339,0.2571,264.528,-0.00055,-0.02319,0.05836,-1.9427,-4.1699,149.948,0.68338
2014-09-24T02:17:18Z,2472.264,-0.4159,-3.9612,0.0475,264.006,-0.00182,-0.01467,0.05589,-2.0439,-4.28,149.9296,0.68088
2014-09-24T02:17:19Z,2478.722,-0.3135,-3.7892,0.0822,265.271,0.03904,-0.0716,0.0782,-2.0715,-4.1612,150.0981,0.69167
2014-09-24T02:17:20Z,2485.492,-0.428,-3.603,0.0824,263.226,0.01702,0.01002,0.13242,-2.0886,-4.196,149.7004,0.67414
2014-09-24T02:17:21Z,2492.797,-0.4869,-3.5466,0.1684,262.182,0.00522,0.02442,0.09619,-2.0938,-4.3095,149.6444,0.68176
2014-09-24T02:17:22Z,2499.484,-0.3192,-3.6897,0.132,265.055,0.07678,-0.00825,0.04899,-2.0335,-4.1793,150.0113,0.68174
2014-09-24T02:17:23Z,2506.411,-0.5117,-3.4317,0.0999,261.519,-0.02613,-0.01148,0.10027,-1.8735,-4.0921,149.7873,0.67621
2014-09-24T02:17:24Z,2512.802,-0.4862,-3.7948,0.1119,262.698,0.02282,-0.01661,0.06388,-2.0431,-4.3333,149.7335,0.68732
2014-09-24T02:17:25Z,2519.554,-0.2261,-3.9742,0.0684,266.744,-0.01772,-0.03911,0.083,-2.1663,-4.0159,149.7847,0.68071
2014-09-24T02:17:26Z,2526.613,-0.2341,-3.5587,0.1292,266.236,0.00396,-0.03348,0.06866,-1.9581,-4.2195,149.6131,0.66895
2014-09-24T02:17:27Z,2533.493,-0.4718,-3.9802,0.258,263.239,0.011,-0.00631,0.13421,-2.074,-4.2968,149.7769,0.68471
2014-09-24T02:17:28Z,2540.889,-0.5317,-3.8045,-0.0053,262.044,0.02778,-0.05445,0.05555,-1.9169,-4.1481,149.718,0.67485
2014-09-24T02:17:29Z,2547.865,-0.2375,-3.6009,0.1802,266.227,-0.00047,-0.05633,0.092,-2.0129,-4.0869,149.8201,0.67639
2014-09-24T02:17:30Z,2554.384,-0.3302,-3.6828,0.283,264.876,-0.00373,-0.03944,0.06729,-1.998,-4.1701,149.7851,0.67711
2014-09-24T02:17:31Z,2561.861,-0.3962,-3.683,0.1261,263.86,-0.00215,-0.01279,0.10314,-1.8769,-4.117,149.7801,0.6851
2014-09-24T02:17:32Z,2568.766,-0.4852,-3.8194,0.091,262.761,-0.02279,-0.05053,0.09226,-1.9197,-3.9665,149.6919,0.68797
2014-09-24T02:17:33Z,2575.306,-0.3806,-3.6326,0.2358,264.018,0.01941,-0.03421,0.11654,-2.065,-4.1138,149.82,0.67816
2014-09-24T02:17:34Z,2581.872,-0.4272,-3.469,0.0444,262.98,0.01002,-0.03093,0.10338,-2.0493,-3.8858,149.7039,0.6778
2014-09-24T02:17:35Z,2589.656,-0.5169,-3.6031,0.14,261.836,0.01325,-0.05325,0.06833,-2.0998,-4.0174,149.5797,0.66325
2014-09-24T02:17:36Z,2596.034,-0.3915,-3.7197,0.0378,263.991,1e-05,-0.08863,0.15882,-1.7444,-4.1085,149.5388,0.67403
2014-09-24T02:17:37Z,2603.057,-0.3646,-3.7703,-0.0458,264.476,-0.00368,-0.05299,0.10004,-2.017,-4.0834,149.5368,0.67221
2014-09-24T02:17:38Z,2609.856,-0.4544,-3.693,0.1255,262.985,0.02991,-0.02049,0.07263,-1.8495,-4.1264,149.652,0.68234
2014-09-24T02:17:39Z,2616.632,-0.2562,-3.5012,0.0139,265.815,0.02545,-0.01454,0.09178,-1.9806,-4.0749,149.4467,0.67905
2014-09-24T02:17:40Z,2623.404,-0.1922,-3.4971,0.1385,266.855,0.03466,-0.01402,0.10265,-2.0191,-4.044,149.5821,0.67268
2014-09-24T02:17:41Z,2631.119,-0.2336,-3.6556,0.2506,266.344,0.00799,-0.01082,0.10193,-1.9255,-4.1153,149.4701,0.6812
2014-09-24T02:17:42Z,2637.61,-0.4144,-3.8563,0.3241,263.867,0.03188,-0.0414,0.09974,-1.9476,-4.1873,149.4148,0.67947
2014-09-24T02:17:43Z,2645.946,-0.2531,-3.4476,0.1474,265.801,-0.01296,-0.04644,0.11174,-1.8514,-3.9652,149.4177,0.6597
2014-09-24T02:17:44Z,2651.493,-0.3489,-3.6362,0.2395,264.519,-0.00819,-0.01573,0.10951,-1.8442,-3.987,149.5113,0.68889
2014-09-24T02:17:45Z,2658.436,-0.5399,-3.3866,0.177,260.943,0.02609,-0.03008,0.06684,-1.9502,-4.1722,149.5768,0.6881
2014-09-24T02:17:46Z,2666.064,-0.2474,-3.5907,0.0982,266.059,0.01669,-0.00179,0.14096,-2.0116,-4.0391,149.4196,0.67809
2014-09-24T02:17:47Z,2673.436,-0.3203,-3.6134,-0.0565,264.935,-0.01227,-0.01461,0.1377,-1.9854,-3.9645,149.2664,0.68278
2014-09-24T02:17:48Z,2679.943,0.0527,-3.4316,0.2982,270.881,-0.03178,0.00828,0.10872,-2.0652,-3.9666,149.7762,0.67731
2014-09-24T02:17:49Z,2687.148,-0.1117,-3.0891,0.0301,267.929,-0.01134,-0.03513,0.08988,-1.8973,-4.0899,149.5593,0.66702
2014-09-24T02:17:50Z,2693.334,-0.2178,-3.3204,0.2729,266.247,-0.02398,0.00352,0.09053,-1.8689,-3.9497,149.5276,0.6971
2014-09-24T02:17:51Z,2700.78,-0.2812,-3.4002,0.1877,265.273,0.03565,0.02803,0.08125,-1.9518,-4.0209,149.5839,0.6857
2014-09-24T02:17:52Z,2707.685,-0.2881,-3.3557,0.036,265.092,0.01092,-0.02117,0.0847,-1.9536,-3.9848,149.4172,0.68713
2014-09-24T02:17:53Z,2714.447,-0.4575,-3.6613,0.1643,262.878,-0.02784,-0.0097,0.0351,-1.8458,-4.0833,149.3813,0.67722
2014-09-24T02:17:54Z,2722.206,-0.5619,-3.5545,0.3458,261.018,-0.03543,-0.04512,0.12824,-1.8868,-4.3441,149.5172,0.68838
2014-09-24T02:17:55Z,2728.441,-0.4263,-3.7529,0.2857,263.52,-0.02937,0.00082,0.11962,-1.8448,-4.0595,149.5033,0.66827
2014-09-24T02:17:56Z,2735.829,-0.2968,-3.105,0.0803,264.54,-0.02449,0.00703,0.04848,-1.8485,-3.9481,149.4168,0.67712
2014-09-24T02:17:57Z,2743.176,-0.5997,-3.1237,0.0599,259.132,-0.0153,-0.03323,0.11285,-1.7904,-4.0012,149.4304,0.68484
2014-09-24T02:17:58Z,2750.151,-0.3599,-3.2829,0.1406,263.743,0.01612,-0.00588,0.0906,-1.8465,-3.9264,149.2051,0.67372
2014-09-24T02:17:59Z,2757.664,-0.3097,-3.3097,0.1136,264.653,-0.03651,-0.01319,0.08602,-1.8311,-3.8837,149.2901,0.68582
2014-09-24T02:18:00Z,2764.721,-0.2993,-3.5517,0.2496,265.182,0.04428,-0.0101,0.10351,-1.9331,-3.9923,149.4731,0.68076
2014-09-24T02:18:01Z,2772.022,-0.3607,-3.3404,0.2031,263.837,-0.03715,0.00076,0.04782,-1.7769,-3.9938,149.37,0.67978
2014-09-24T02:18:02Z,2779.073,-0.3072,-3.0277,-0.0406,264.206,-0.0494,-0.00623,0.0913,-1.756,-4.1281,149.1302,0.6721
2014-09-24T02:18:03Z,2786.315,0.0081,-3.2657,0.174,270.142,0.02743,-0.02235,0.09376,-1.7672,-4.0706,149.2102,0.68084
2014-09-24T02:18:04Z,2793.026,-0.1458,-3.3598,0.1098,267.515,0.01765,0.0023,0.09397,-1.5898,-4.0476,149.4043,0.69279
2014-09-24T02:18:05Z,2800.251,-0.3237,-3.5277,0.131,264.757,-0.02054,0.0096,0.05795,-1.7193,-3.8894,149.2827,0.67844
2014-09-24T02:18:06Z,2807.446,-0.2446,-3.0459,0.1517,265.409,-0.00705,-0.03172,0.1035,-1.7343,-3.9532,149.2423,0.68118
2014-09-24T02:18:07Z,2814.445,-0.2332,-3.2528,0.2462,265.899,-0.00702,-0.01757,0.119,-1.671,-3.9639,149.2322,0.68204
2014-09-24T02:18:08Z,2821.391,-0.3389,-3.4953,0.2236,264.462,-0.01437,-0.0614,0.10287,-1.5309,-3.9666,149.1896,0.66692
2014-09-24T02:18:09Z,2828.553,-0.3338,-3.3596,0.0504,264.325,-0.0508,-0.00226,0.08714,-1.6685,-3.9705,149.1324,0.67466
2014-09-24T02:18:10Z,2835.528,-0.0617,-3.4021,0.1191,268.962,-0.08104,0.01407,0.16027,-1.8553,-3.8278,149.0885,0.67405
2014-09-24T02:18:11Z,2843.113,-0.271,-3.2188,0.0796,265.188,-0.0407,-0.0226,0.0701,-1.6313,-3.8878,149.2598,0.65796
2014-09-24T02:18:12Z,2850.089,-0.3671,-3.1576,-0.0442,263.369,0.02522,-0.01249,0.11272,-1.7244,-3.8094,149.1695,0.68087
2014-09-24T02:18:13Z,2857.051,-0.2042,-3.2538,0.1126,266.409,0.02561,-0.02099,0.09964,-1.796,-4.0577,149.2034,0.66669
2014-09-24T02:18:14Z,2864.219,-0.1749,-3.0511,0.3076,266.719,-0.02791,-0.02475,0.14403,-1.4942,-3.833,149.1744,0.67914
2014-09-24T02:18:15Z,2871.2,-0.4835,-3.1456,-0.0485,261.262,-0.04591,-0.009,0.10356,-1.4992,-3.9078,149.2476,0.66719
2014-09-24T02:18:16Z,2879.145,-0.1886,-2.9863,0.1198,266.386,-0.0156,-0.03407,0.10908,-1.6777,-3.885,149.1392,0.68912
2014-09-24T02:18:17Z,2886.014,-0.0473,-3.1892,0.1161,269.15,-0.01217,-0.02,0.10685,-1.6645,-3.7477,149.1631,0.67007
2014-09-24T02:18:18Z,2892.874,-0.1049,-2.6689,0.1501,267.75,-0.00871,-0.03639,0.06791,-1.567,-3.8805,149.0845,0.68716
2014-09-24T02:18:19Z,2900.654,0.1669,-3.199,0.0246,272.986,-0.08749,0.00129,0.0728,-1.6376,-3.8033,148.9601,0.66989
2014-09-24T02:18:20Z,2907.375,0.025,-3.2401,-0.0221,270.441,0.05404,-0.00711,0.08779,-1.5645,-3.9175,149.0193,0.67031
2014-09-24T02:18:21Z,2914.285,0.0595,-3.2486,-0.0179,271.049,0.00283,-0.02353,0.11877,-1.5974,-3.8265,149.0879,0.68272
2014-09-24T02:18:22Z,2922.346,0.2671,-3.1147,0.2526,274.901,-0.03102,-0.01147,0.10081,-1.5588,-3.95,149.0838,0.66227
2014-09-24T02:18:23Z,2929.018,-0.0344,-3.3315,0.0208,269.408,-0.04461,-0.01757,0.08996,-1.6255,-3.8206,149.1482,0.66943
2014-09-24T02:18:24Z,2936.285,-0.1189,-3.019,0.0687,267.744,-0.00255,0.01689,0.12958,-1.4331,-3.7785,148.9442,0.67274
2014-09-24T02:18:25Z,2943.671,0.0074,-3.3385,0.3287,270.128,-0.01542,-0.02239,0.04586,-1.3889,-3.7141,148.9999,0.67104
2014-09-24T02:18:26Z,2951.29,-0.2178,-3.0177,0.0444,265.873,-0.02608,0.00486,0.06317,-1.4791,-3.8614,148.9515,0.66752
2014-09-24T02:18:27Z,2958.135,-0.1131,-3.235,0.1516,267.998,-0.0175,-0.0283,0.03329,-1.4596,-3.8315,149.1139,0.66577
2014-09-24T02:18:28Z,2964.953,-0.2217,-3.0799,0.2233,265.882,-0.03235,0.01003,0.12605,-1.3919,-3.834,148.9763,0.67262
2014-09-24T02:18:29Z,2972.813,-0.0602,-2.921,0.2181,268.819,-0.02006,0.01596,0.09355,-1.4274,-3.796,148.9654,0.66658
2014-09-24T02:18:30Z,2979.708,-0.2131,-2.6565,-0.0171,265.413,-0.01251,0.01749,0.12026,-1.2744,-3.846,148.9094,0.6722
2014-09-24T02:18:31Z,2987.799,-0.2138,-3.1526,0.0443,266.121,-0.02266,0.0275,0.0935,-1.5031,-3.9347,148.8776,0.66689
2014-09-24T02:18:32Z,2994.403,-0.0442,-3.0043,0.1455,269.157,-0.02453,-0.00162,0.12194,-1.3137,-3.8388,148.7425,0.66823
2014-09-24T02:18:33Z,3000.893,-0.1224,-3.0815,0.3078,267.725,0.00245,0.02237,0.09332,-1.3765,-3.7524,148.7484,0.67135
2014-09-24T02:18:34Z,3009.077,-0.3863,-3.0921,0.0382,262.878,-0.07286,0.03238,0.10686,-1.4416,-3.7535,148.8796,0.65904
2014-09-24T02:18:35Z,3016.914,-0.3111,-3.0582,0.0646,264.192,-0.05344,-0.03593,0.10332,-1.1565,-3.6907,148.8544,0.66959
2014-09-24T02:18:36Z,3024.073,-0.2604,-2.8176,0.1555,264.72,-0.03338,-0.02261,0.1053,-1.1297,-3.6606,148.8546,0.6587
2014-09-24T02:18:37Z,3031.455,-0.2164,-3.0044,0.1751,265.881,-0.05285,-0.04457,0.13909,-1.3213,-3.7571,148.9176,0.64794
2014-09-24T02:18:38Z,3037.755,-0.0174,-2.5854,0.1808,269.614,-0.04506,0.0197,0.05648,-1.2531,-3.8411,148.82,0.65569
2014-09-24T02:18:39Z,3045.735,-0.0424,-2.8496,0.0277,269.148,-0.00352,-0.04419,0.09549,-1.3102,-3.6751,148.7631,0.65171
2014-09-24T02:18:40Z,3052.472,0.0888,-3.0545,0.0587,271.666,-0.03998,-0.05062,0.10226,-1.281,-3.7012,148.7643,0.65964
2014-09-24T02:18:41Z,3060.117,0.0463,-2.9478,0.1331,270.899,-0.08254,-0.03321,0.09863,-1.3303,-3.7142,148.797,0.65349
2014-09-24T02:18:42Z,3066.913,0.0984,-3.0041,0.2374,271.875,-0.04794,-0.04888,0.08758,-1.3255,-3.589,148.7219,0.65592
2014-09-24T02:18:43Z,3074.457,0.0331,-2.7538,0.0869,270.688,-0.03644,0.00173,0.08426,-1.0589,-3.6436,148.8537,0.66212
2014-09-24T02:18:44Z,3081.776,-0.0225,-3.11,0.1081,269.585,-0.03744,-0.03183,0.13598,-1.1926,-3.6629,148.7334,0.66499
2014-09-24T02:18:45Z,3089.663,0.1151,-3.055,0.0073,272.157,-0.02507,-0.04663,0.09606,-1.1685,-3.6527,148.7471,0.65453
2014-09-24T02:18:46Z,3096.97,0.0922,-2.933,0.2958,271.801,-0.02765,-0.00506,0.15888,-1.2203,-3.5908,148.6276,0.65995
2014-09-24T02:18:47Z,3104.132,0.0148,-2.7325,0.1245,270.311,-0.04351,-0.00324,0.11123,-1.123,-3.707,148.8032,0.64891
2014-09-24T02:18:48Z,3110.914,0.1532,-2.6412,0.2165,273.319,-0.0704,-0.05006,0.09088,-1.2411,-3.7152,148.828,0.63687
2014-09-24T02:18:49Z,3118.634,-0.3853,-2.6091,0.1113,261.6,-0.05213,-0.0208,0.11203,-1.1652,-3.6565,148.5352,0.63897
2014-09-24T02:18:50Z,3125.844,-0.073,-2.7274,0.1165,268.468,-0.0572,-0.00447,0.10102,-1.1817,-3.725,148.699,0.64587
2014-09-24T02:18:51Z,3133.777,-0.0713,-2.8092,-0.0425,268.547,-0.04928,-0.01118,0.13193,-0.9645,-3.6274,148.6356,0.65281
2014-09-24T02:18:52Z,3141.257,0.1515,-2.668,-0.1079,273.25,-0.0254,-0.01014,0.06928,-1.1822,-3.609,148.6622,0.6439
2014-09-24T02:18:53Z,3148.592,0.2183,-2.9495,0.232,274.232,-0.03309,0.02793,0.05352,-1.1265,-3.6152,148.6665,0.65393
2014-09-24T02:18:54Z,3155.341,-0.2311,-3.046,0.1142,265.662,-0.02311,0.05247,0.10765,-1.1778,-3.6315,148.3853,0.65807
2014-09-24T02:18:55Z,3162.035,0.202,-2.6954,0.1267,274.287,-0.05383,-0.00868,0.1196,-1.067,-3.4633,148.6723,0.63529
2014-09-24T02:18:56Z,3169.769,-0.1815,-2.902,-0.0192,266.422,-0.00703,-0.03354,0.10593,-1.0143,-3.5132,148.6951,0.65836
2014-09-24T02:18:57Z,3178.283,-0.1731,-2.7503,0.0149,266.399,-0.02843,-0.006,0.11567,-0.8809,-3.5891,148.6939,0.62723
2014-09-24T02:18:58Z,3185.049,-0.0332,-2.7141,0.2111,269.298,-0.04295,0.00507,0.11206,-0.9583,-3.5668,148.4645,0.65405
2014-09-24T02:18:59Z,3192.336,-0.042,-2.6858,0.2785,269.103,-0.03117,-0.00076,0.06198,-0.9548,-3.457,148.5434,0.63793
2014-09-24T02:19:00Z,3200.588,-0.2243,-2.5721,0.042,265.016,-0.06365,0.01619,0.10609,-0.8792,-3.6068,148.4802,0.63526
2014-09-24T02:19:01Z,3207.875,0.1107,-2.579,0.1709,272.458,-0.09998,0.05657,0.13204,-0.9198,-3.6301,148.3302,0.63598
2014-09-24T02:19:02Z,3214.866,0.1188,-2.666,0.1224,272.552,-0.06292,-0.0412,0.10348,-0.6726,-3.5276,148.4473,0.62856
2014-09-24T02:19:03Z,3222.184,0.1787,-2.7526,0.091,273.715,-0.02956,-0.0107,0.0665,-0.8937,-3.5055,148.3885,0.64588
2014-09-24T02:19:04Z,3229.676,-0.0407,-2.661,0.2878,269.123,-0.04673,0.04086,0.09096,-0.7942,-3.4923,148.518,0.62723
2014-09-24T02:19:05Z,3237.242,0.022,-2.7574,0.0569,270.457,-0.05264,-0.01037,0.11328,-0.742,-3.458,148.3091,0.62715
2014-09-24T02:19:06Z,3245.168,0.027,-2.6878,0.226,270.575,-0.0709,0.02278,0.1443,-0.8384,-3.5757,148.362,0.61952
2014-09-24T02:19:07Z,3252.206,0.2884,-2.2572,0.1397,277.28,-0.09908,0.01916,0.05055,-0.7562,-3.6226,148.3957,0.6236
2014-09-24T02:19:08Z,3259.768,-0.3864,-2.6135,0.0995,261.59,-0.01504,0.03466,0.10854,-0.79,-3.5495,148.5124,0.62272
2014-09-24T02:19:09Z,3267.384,-0.1013,-2.5642,0.238,267.738,-0.05633,0.05193,0.07625,-0.7084,-3.4489,148.7009,0.62106
2014-09-24T02:19:10Z,3274.031,0.0466,-2.7297,0.1295,270.979,-0.06235,0.01277,0.11229,-0.7026,-3.562,148.4412,0.62466
2014-09-24T02:19:11Z,3282.176,-0.1136,-2.4612,0.0904,267.358,-0.06887,-0.03885,0.11434,-0.7022,-3.6358,148.2954,0.61602
2014-09-24T02:19:12Z,3289.285,0.014,-2.4917,0.2377,270.322,-0.02118,-0.01236,0.09385,-0.7636,-3.4623,148.3185,0.63656
2014-09-24T02:19:13Z,3295.989,0.0373,-2.4828,0.2244,270.861,-0.03097,0.06015,0.11551,-0.5022,-3.5119,148.44,0.62144
2014-09-24T02:19:14Z,3303.611,-0.039,-2.5567,0.2193,269.126,-0.07765,-0.0295,0.12825,-0.5845,-3.5975,148.2275,0.62452
2014-09-24T02:19:15Z,3311.491,0.0727,-2.4246,-0.2901,271.718,-0.02481,0.01862,0.09567,-0.7385,-3.4461,148.4596,0.62728
2014-09-24T02:19:16Z,3319.53,0.1606,-2.3797,0.1423,273.862,-0.058,-0.05631,0.06639,-0.6249,-3.4757,148.3651,0.63545
2014-09-24T02:19:17Z,3326.886,0.0343,-2.5195,0.1192,270.781,-0.07009,-0.02687,0.13548,-0.6967,-3.3035,148.3131,0.62538
2014-09-24T02:19:18Z,3334.417,0.0051,-2.5704,0.0941,270.114,-0.06261,0.02943,0.12059,-0.49,-3.4232,148.1451,0.61498
2014-09-24T02:19:19Z,3342.548,0.0515,-2.4097,0.1582,271.225,-0.0753,0.00851,0.11398,-0.5324,-3.3761,148.3935,0.60724
2014-09-24T02:19:20Z,3348.938,0.0786,-2.6722,0.123,271.685,-0.08918,-0.00145,0.08264,-0.51,-3.4171,148.2132,0.61738
2014-09-24T02:19:21Z,3356.894,-0.1781,-2.6352,0.1644,266.134,-0.03719,-0.01205,0.12457,-0.5574,-3.4562,148.2927,0.62203
2014-09-24T02:19:22Z,3364.537,0.1554,-2.5268,0.0695,273.52,-0.06254,-0.04126,0.15101,-0.4948,-3.4401,148.2496,0.61353
2014-09-24T02:19:23Z,3371.705,0.0218,-2.7719,0.2457,270.45,-0.04202,0.02634,0.09693,-0.3861,-3.3073,148.095,0.61178
2014-09-24T02:19:24Z,3379.51,0.2818,-2.3778,0.1735,276.76,-0.0507,0.00228,0.10234,-0.344,-3.3266,148.2183,0.61183
2014-09-24T02:19:25Z,3386.483,0.1845,-2.6386,0.1495,273.999,-0.04459,-0.02834,0.07335,-0.3402,-3.4982,148.1084,0.59403
2014-09-24T02:19:26Z,3395.083,0.2744,-2.5552,0.1442,276.13,-0.10987,0.01081,0.082,-0.5115,-3.4717,148.1522,0.60903
2014-09-24T02:19:27Z,3401.904,-0.0496,-2.5089,0.2103,268.868,-0.08081,0.02493,0.07313,-0.3815,-3.4599,148.2488,0.61259
2014-09-24T02:19:28Z,3410.411,0.0494,-2.4616,0.1964,271.151,-0.04532,0.00573,0.10327,-0.3256,-3.2723,148.2639,0.60524
2014-09-24T02:19:29Z,3417.251,-0.0781,-2.5115,0.0826,268.219,-0.09183,0.01399,0.09148,-0.3839,-3.4882,148.1799,0.61348
2014-09-24T02:19:30Z,3425.189,0.0055,-2.4613,0.1926,270.129,-0.05104,0.01239,0.10932,-0.4371,-3.2794,148.0815,0.61264
2014-09-24T02:19:31Z,3432.383,0.3022,-2.4523,0.1106,277.025,-0.09554,-0.00588,0.0777,-0.3865,-3.3031,148.0933,0.59824
2014-09-24T02:19:32Z,3439.968,0.3405,-2.5021,0.2846,277.75,-0.06076,0.01349,0.0958,-0.1427,-3.3159,148.0797,0.60471
2014-09-24T02:19:33Z,3447.357,-0.0518,-2.543,0.2024,268.833,-0.02131,0.03086,0.07614,-0.3371,-3.3581,147.9207,0.60042
2014-09-24T02:19:34Z,3455.191,0.0546,-2.2563,0.0297,271.387,-0.04259,0.03869,0.10466,-0.2171,-3.2178,148.1299,0.58276
2014-09-24T02:19:35Z,3462.853,0.1149,-2.7259,0.325,272.413,-0.10861,0.03293,0.05915,-0.2124,-3.2964,147.9442,0.59641
2014-09-24T02:19:36Z,3470.064,0.2171,-2.4334,-0.1186,275.099,-0.04151,-0.00337,0.10373,-0.1913,-3.4136,148.1067,0.58859
2014-09-24T02:19:37Z,3477.897,-0.1318,-2.4645,0.155,266.939,-0.01755,0.02976,0.09296,-0.1836,-3.3876,147.9414,0.59684
2014-09-24T02:19:38Z,3485.335,-0.1054,-2.3234,0.0213,267.403,0.00645,0.02583,0.10443,-0.0739,-3.4149,147.955,0.60017
2014-09-24T02:19:39Z,3493.965,0.2113,-2.5952,0.2788,274.656,-0.05198,-0.0032,0.05858,-0.1131,-3.1798,148.1309,0.59192
2014-09-24T02:19:40Z,3500.746,-0.1516,-2.4448,0.1156,266.453,-0.09833,0.00327,0.11623,-0.145,-3.1545,148.0548,0.58543
2014-09-24T02:19:41Z,3508.941,0.0766,-2.3766,0.0106,271.845,-0.05372,0.03222,0.09236,-0.0698,-3.1741,147.8522,0.59347
2014-09-24T02:19:42Z,3515.958,0.1708,-2.1933,0.063,274.452,-0.02505,0.04999,0.10523,-0.1551,-3.2651,147.9732,0.61013
2014-09-24T02:19:43Z,3523.75,0.2116,-2.2959,0.018,275.265,-0.06998,-0.02939,0.05302,0.0062,-3.3603,148.0437,0.57219
2014-09-24T02:19:44Z,3530.833,0.1308,-2.5158,0.0585,272.976,-0.03958,0.05725,0.06867,-0.0653,-3.3231,147.944,0.59043
2014-09-24T02:19:45Z,3538.781,0.0999,-2.4032,0.0559,272.38,-0.087,0.04569,0.08995,-0.0396,-3.3104,147.9601,0.58324
2014-09-24T02:19:46Z,3546.658,0.2842,-2.189,0.0133,277.396,-0.05705,0.0219,0.13405,0.0723,-3.2275,148.0073,0.5832
2014-09-24T02:19:47Z,3554.791,0.2029,-2.4937,0.1151,274.653,-0.12894,0.01124,0.11281,0.0198,-3.1054,147.9758,0.58481
2014-09-24T02:19:48Z,3561.97,0.0658,-2.318,0.1269,271.627,-0.09079,0.02736,0.10283,0.0453,-3.0983,147.8606,0.58195
2014-09-24T02:19:49Z,3570.038,0.1712,-2.2994,-0.0121,274.258,-0.06752,0.00192,0.07643,0.1878,-3.2406,147.9506,0.58858
2014-09-24T02:19:50Z,3577.445,0.2257,-2.3483,-0.0786,275.489,-0.07678,0.01383,0.07183,0.0376,-3.373,147.9082,0.5809
2014-09-24T02:19:51Z,3585.461,0.4285,-1.878,0.118,282.855,-0.10054,-0.01827,0.10636,0.1763,-3.28,148.098,0.56463
2014-09-24T02:19:52Z,3592.547,0.2914,-2.3371,0.1398,277.108,-0.08084,-0.02459,0.11691,0.2334,-3.0841,147.9039,0.59127
2014-09-24T02:19:53Z,3601.085,0.3582,-2.1991,0.1593,279.251,-0.06042,0.07759,0.10456,0.2718,-3.1532,147.9163,0.58918
2014-09-24T02:19:54Z,3607.765,0.0871,-2.3748,0.1411,272.099,-0.07113,0.02119,0.14202,0.3735,-3.1927,147.9175,0.57443
2014-09-24T02:19:55Z,3615.357,0.1026,-2.1731,0.243,272.703,-0.06776,0.02504,0.08216,0.169,-3.1908,147.8479,0.57882
2014-09-24T02:19:56Z,3622.897,0.1485,-2.1142,0.1851,274.017,-0.05129,0.01951,0.10365,0.1718,-3.2094,147.7969,0.58733
2014-09-24T02:19:57Z,3631.837,0.1647,-2.3242,0.3531,274.052,-0.07847,-8e-05,0.05677,0.3275,-3.2381,147.9036,0.58503
2014-09-24T02:19:58Z,3639.013,0.0375,-2.2371,0.3949,270.961,-0.03621,0.01327,0.10431,0.3582,-2.9686,147.8931,0.58682
2014-09-24T02:19:59Z,3646.32,0.3811,-2.356,-0.0913,279.189,-0.09522,0.02355,0.1357,0.2405,-2.9894,148.0434,0.57816
2014-09-24T02:20:00Z,3654.589,0.3262,-2.3853,-0.1355,277.786,-0.02257,0.01669,0.07286,0.3634,-3.1851,147.8982,0.58055
2014-09-24T02:20:01Z,3662.112,0.1503,-2.0508,0.0832,274.191,-0.04323,0.00313,0.11988,0.5633,-3.2522,147.8887,0.58491
2014-09-24T02:20:02Z,3670.284,0.2948,-2.2815,0.134,277.362,-0.08024,0.03425,0.13478,0.3744,-3.0909,147.8734,0.57015
2014-09-24T02:20:03Z,3676.784,0.2345,-2.5541,0.0758,275.245,-0.07885,0.0273,0.08143,0.4606,-3.1087,147.7214,0.5757
2014-09-24T02:20:04Z,3684.967,0.3114,-1.9194,0.1534,279.214,-0.06672,0.03274,0.11027,0.5335,-3.0392,147.6536,0.55429
2014-09-24T02:20:05Z,3692.637,0.0041,-2.2971,0.0558,270.103,-0.05719,0.04086,0.13801,0.6283,-3.0136,147.6679,0.55814
2014-09-24T02:20:06Z,3699.852,0.1863,-2.2069,0.0131,274.826,-0.04505,0.0193,0.1042,0.4682,-3.168,147.826,0.57411
2014-09-24T02:20:07Z,3708.662,0.2017,-1.9154,0.0279,276.012,-0.10619,0.01967,0.11802,0.5692,-2.9645,147.8884,0.57468
2014-09-24T02:20:08Z,3715.95,0.3063,-2.1759,0.0619,278.014,-0.062,0.06127,0.05391,0.4264,-3.0877,147.8086,0.56572
2014-09-24T02:20:09Z,3724.062,0.1208,-2.1715,0.166,273.184,-0.1261,0.00093,0.1131,0.5118,-3.0033,147.7075,0.56336
2014-09-24T02:20:10Z,3732.392,-0.1577,-2.3234,0.0327,266.117,-0.07786,-0.02199,0.11101,0.4944,-3.0654,147.8809,0.56477
2014-09-24T02:20:11Z,3739.21,0.0574,-2.378,0.0522,271.383,-0.03732,0.03906,0.06483,0.3996,-2.9632,147.658,0.56857
2014-09-24T02:20:12Z,3746.959,0.2127,-2.1505,0.1378,275.65,-0.10935,0.00976,0.07378,0.4424,-3.2184,147.5766,0.54797
2014-09-24T02:20:13Z,3754.925,0.2337,-2.0637,0.0606,276.461,-0.11412,-0.00112,0.11289,0.6252,-2.9629,147.7059,0.56966
2014-09-24T02:20:14Z,3763.011,0.4789,-2.0648,0.1919,283.057,-0.06885,0.04826,0.09013,0.6468,-3.081,147.7989,0.56568
2014-09-24T02:20:15Z,3770.254,0.316,-2.1761,-0.012,278.262,-0.03991,0.02283,0.12539,0.5475,-3.0011,147.5745,0.5669
2014-09-24T02:20:16Z,3778.023,0.243,-2.0937,-0.0339,276.619,-0.06668,-0.00482,0.10525,0.7754,-2.8999,147.4776,0.56345
2014-09-24T02:20:17Z,3786.41,0.228,-2.3647,0.1099,275.507,-0.12265,0.07546,0.09879,0.5819,-3.0562,147.6411,0.55291
2014-09-24T02:20:18Z,3793.974,0.4007,-2.0132,0.1196,281.256,-0.11732,-0.01287,0.09301,0.7111,-3.0613,147.7037,0.55475
2014-09-24T02:20:19Z,3800.932,0.1487,-2.0517,-0.0076,274.146,-0.07301,0.02554,0.10447,0.677,-3.0067,147.3194,0.5753
2014-09-24T02:20:20Z,3809.029,0.2183,-1.7725,0.213,277.021,-0.10513,-0.01921,0.11712,0.7384,-3.0043,147.7029,0.55757
2014-09-24T02:20:21Z,3817.798,0.078,-2.0596,0.2708,272.168,-0.07243,0.0351,0.11027,0.8213,-3.046,147.4578,0.5688
2014-09-24T02:20:22Z,3825.234,0.4563,-2.1954,0.0153,281.742,-0.07114,0.01262,0.08623,0.8295,-2.946,147.6563,0.55332
2014-09-24T02:20:23Z,3832.651,0.3045,-2.0549,0.2265,278.427,-0.08848,0.04944,0.12767,0.8449,-2.9343,147.3736,0.56152
2014-09-24T02:20:24Z,3840.687,0.1415,-2.0894,-0.1607,273.874,-0.03105,0.02883,0.11301,0.854,-2.9024,147.4152,0.55779
2014-09-24T02:20:25Z,3848.586,0.2325,-1.968,0.1849,276.737,-0.06184,0.06334,0.10607,0.725,-2.9975,147.614,0.55872
2014-09-24T02:20:26Z,3856.677,0.3281,-2.022,-0.0088,279.216,-0.04648,0.01913,0.09861,0.9367,-3.0,147.6631,0.55802
2014-09-24T02:20:27Z,3863.788,0.2161,-2.2087,0.1744,275.588,-0.05393,-0.00993,0.10869,0.7801,-2.9265,147.5302,0.57204
2014-09-24T02:20:28Z,3871.817,0.1755,-2.2581,-0.0196,274.445,-0.08086,0.03643,0.05026,0.8754,-2.9291,147.7601,0.57567
2014-09-24T02:20:29Z,3880.059,0.1595,-1.9661,0.0694,274.638,-0.08213,0.02448,0.10195,0.8746,-2.9201,147.4079,0.56194
2014-09-24T02:20:30Z,3887.786,0.3104,-1.7913,-0.0051,279.832,-0.08487,-0.01439,0.13679,0.9495,-2.9511,147.3962,0.55654
2014-09-24T02:20:31Z,3895.884,0.2078,-1.9799,0.0543,275.992,-0.06055,0.00501,0.10115,0.9013,-2.8606,147.4591,0.54903
2014-09-24T02:20:32Z,3903.12,0.1954,-1.8635,0.2584,275.987,-0.09399,0.01327,0.09759,0.9459,-2.955,147.444,0.54833
2014-09-24T02:20:33Z,3911.547,0.065,-1.8263,0.0644,272.037,-0.03475,0.07088,0.08047,1.1065,-2.8818,147.497,0.57098
2014-09-24T02:20:34Z,3919.68,0.2789,-1.9313,0.2859,278.217,-0.09666,0.04998,0.10754,0.8917,-2.8891,147.384,0.54752
2014-09-24T02:20:35Z,3927.349,0.242,-2.0869,0.0361,276.613,-0.07278,0.0239,0.0902,1.0134,-2.8598,147.5048,0.55565
2014-09-24T02:20:36Z,3935.113,0.2228,-1.9288,0.2236,276.588,-0.084,0.04466,0.12766,0.9425,-2.7548,147.4921,0.56035
2014-09-24T02:20:37Z,3942.921,0.3027,-1.7705,-0.0884,279.702,-0.08967,-0.01781,0.07318,1.1036,-2.9473,147.5889,0.53824
2014-09-24T02:20:38Z,3950.557,0.3869,-1.8656,0.0453,281.718,-0.02421,0.01935,0.08331,1.0093,-3.026,147.3683,0.54902
2014-09-24T02:20:39Z,3958.723,0.3818,-1.826,0.0201,281.809,-0.08961,0.04379,0.07944,1.0883,-2.8748,147.4409,0.5483
2014-09-24T02:20:40Z,3967.093,0.3612,-2.0006,0.2272,280.234,-0.08636,0.03819,0.14017,0.9969,-2.9119,147.4576,0.55369
2014-09-24T02:20:41Z,3974.519,0.244,-1.9554,0.0917,277.114,-0.09546,0.02086,0.0894,1.2237,-3.0533,147.3862,0.56111
2014-09-24T02:20:42Z,3982.162,0.1969,-1.9365,-0.1359,275.806,-0.07793,0.03368,0.08029,1.1436,-2.6651,147.3557,0.56732
2014-09-24T02:20:43Z,3990.219,0.1271,-1.9197,-0.0583,273.788,-0.08158,0.04338,0.04156,1.166,-2.7526,147.1604,0.55385
2014-09-24T02:20:44Z,3998.384,0.1965,-1.7301,-0.0288,276.478,-0.10712,0.03498,0.07087,1.2384,-2.7366,147.3651,0.55555
2014-09-24T02:20:45Z,4006.11,0.2901,-2.251,0.1656,277.344,-0.08984,0.05702,0.10669,1.089,-2.8053,147.4063,0.5584
2014-09-24T02:20:46Z,4014.342,0.1709,-1.8876,0.1524,275.174,-0.06407,0.04375,0.10642,1.1568,-2.7414,147.331,0.55303
2014-09-24T02:20:47Z,4022.291,0.305,-1.8976,0.0417,279.13,-0.05372,0.04884,0.07687,1.2363,-2.8014,147.2487,0.56296
2014-09-24T02:20:48Z,4030.36,0.1474,-2.0849,0.0166,274.045,-0.07886,0.07918,0.07808,1.0983,-2.695,147.1491,0.56337
2014-09-24T02:20:49Z,4038.493,0.0448,-1.7718,0.1428,271.447,-0.07806,0.05731,0.13929,1.1234,-2.7376,147.3524,0.53819
2014-09-24T02:20:50Z,4046.293,0.4185,-1.975,-0.042,281.964,-0.08862,0.08043,0.16003,1.2063,-2.7482,147.3006,0.56528
2014-09-24T02:20:51Z,4053.572,0.2262,-1.914,0.1165,276.739,-0.09222,0.02038,0.12118,1.1969,-2.7348,147.4265,0.5614
2014-09-24T02:20:52Z,4061.541,0.1734,-1.5768,0.1078,276.276,-0.1027,-0.00235,0.13124,1.2767,-2.6132,147.1327,0.56269
2014-09-24T02:20:53Z,4069.795,0.1365,-1.696,0.0428,274.601,-0.11868,0.03422,0.13636,1.3619,-2.7097,147.2209,0.5703
2014-09-24T02:20:54Z,4077.631,0.3656,-1.7551,0.1098,281.768,-0.09737,0.03236,0.14725,1.3959,-2.798,147.1261,0.54685
2014-09-24T02:20:55Z,4085.363,0.51,-1.7781,0.08,286.006,-0.05725,0.07476,0.08415,1.4962,-2.6814,147.351,0.55138
2014-09-24T02:20:56Z,4093.584,0.2449,-1.8534,0.1193,277.527,-0.09049,0.0103,0.06955,1.3651,-2.6617,147.3627,0.56117
2014-09-24T02:20:57Z,4101.555,0.2746,-1.5226,-0.0641,280.224,-0.08856,0.03685,0.13715,1.3946,-2.705,147.4215,0.54348
2014-09-24T02:20:58Z,4109.472,0.4693,-1.696,0.1306,285.466,-0.08908,0.04922,0.06701,1.3954,-2.6902,147.2718,0.56069
2014-09-24T02:20:59Z,4117.587,0.0385,-1.9224,0.1715,271.146,-0.04884,0.04186,0.0652,1.438,-2.764,147.289,0.5695
2014-09-24T02:21:00Z,4126.106,0.6065,-2.0134,0.1007,286.765,-0.10319,0.03533,0.06558,1.459,-2.6636,147.2441,0.56628
2014-09-24T02:21:01Z,4133.763,0.6797,-1.7124,0.1285,291.648,-0.07306,0.04885,0.08723,1.5156,-2.7611,147.2483,0.56412
2014-09-24T02:21:02Z,4142.563,-0.0915,-1.7991,0.0572,267.089,-0.08171,0.06712,0.0407,1.5298,-2.6766,147.1864,0.56202
2014-09-24T02:21:03Z,4149.766,0.3014,-1.9995,0.1571,278.573,-0.0783,0.0788,0.05428,1.5122,-2.7028,147.234,0.56087
2014-09-24T02:21:04Z,4157.618,0.2097,-1.7149,0.0743,276.972,-0.07389,0.04149,0.07434,1.6057,-2.5632,147.3767,0.56084
2014-09-24T02:21:05Z,4165.739,0.2793,-1.8134,-0.0473,278.756,-0.07856,0.02053,0.05979,1.501,-2.5105,147.1751,0.567
2014-09-24T02:21:06Z,4173.85,0.2577,-1.6873,0.1493,278.684,-0.06015,0.07955,0.11604,1.4638,-2.7187,147.1463,0.55321
2014-09-24T02:21:07Z,4181.939,0.4437,-1.6945,-0.0964,284.672,-0.08069,0.0145,0.08943,1.4906,-2.6202,147.1544,0.57779
2014-09-24T02:21:08Z,4190.545,0.3064,-1.8456,0.0951,279.425,-0.03633,0.08646,0.10348,1.5315,-2.6374,147.1104,0.56067
2014-09-24T02:21:09Z,4197.558,0.1882,-1.6541,0.0282,276.49,-0.0788,0.07555,0.10052,1.4666,-2.568,147.1407,0.57153
2014-09-24T02:21:10Z,4206.195,0.3003,-1.8173,0.0216,279.383,-0.12247,0.07943,0.08344,1.5174,-2.5902,147.0885,0.56821
2014-09-24T02:21:11Z,4214.012,0.4048,-1.8018,0.0834,282.661,-0.06389,0.05958,0.11309,1.4883,-2.6216,147.212,0.55886
2014-09-24T02:21:12Z,4221.438,0.1515,-1.8111,-0.005,274.78,-0.07001,-0.01011,0.09947,1.6198,-2.5758,147.1929,0.57896
2014-09-24T02:21:13Z,4230.312,0.0833,-1.5552,0.1169,273.067,-0.07895,0.01697,0.07998,1.6333,-2.5932,147.296,0.57781
2014-09-24T02:21:14Z,4238.544,0.6305,-1.7609,0.0712,289.701,-0.08621,0.05086,0.04562,1.4759,-2.4416,147.0679,0.55714
2014-09-24T02:21:15Z,4245.863,0.2367,-1.5075,0.0036,278.923,-0.13253,0.02654,0.1005,1.5774,-2.6249,147.0901,0.56968
2014-09-24T02:21:16Z,4254.227,0.3137,-1.4398,0.1989,282.293,-0.12827,0.0358,0.05572,1.7879,-2.5336,147.0769,0.5725
2014-09-24T02:21:17Z,4261.697,0.2761,-1.8127,0.0854,278.66,-0.03835,0.05924,0.09653,1.7042,-2.5061,147.0631,0.55485
2014-09-24T02:21:18Z,4269.937,0.4192,-2.1341,0.1277,281.114,-0.09411,0.03991,0.08876,1.7019,-2.5046,147.1472,0.55505
2014-09-24T02:21:19Z,4278.824,0.6041,-1.5329,0.2061,291.51,-0.05526,0.01392,0.05254,1.6239,-2.5562,146.8628,0.56594
2014-09-24T02:21:20Z,4286.379,0.4266,-1.7354,0.2042,283.81,-0.1194,0.06678,0.09277,1.7114,-2.4157,147.0625,0.56271
2014-09-24T02:21:21Z,4294.244,0.1131,-1.8084,0.122,273.579,-0.10541,0.05774,0.09085,1.6985,-2.685,147.2071,0.56549
2014-09-24T02:21:22Z,4302.806,0.1345,-1.7607,0.0335,274.367,-0.06219,0.03888,0.09069,1.6469,-2.5982,147.135,0.56395
2014-09-24T02:21:23Z,4310.641,0.2835,-1.7291,-0.0794,279.312,-0.08162,0.06312,0.08925,1.682,-2.4504,147.1148,0.57411
2014-09-24T02:21:24Z,4318.761,0.3044,-1.4665,0.0841,281.725,-0.06552,0.04794,0.06902,1.6944,-2.5667,147.0653,0.56858
2014-09-24T02:21:25Z,4327.292,0.0875,-1.6311,0.1726,273.07,-0.0792,0.07908,0.09987,1.6234,-2.5642,146.9128,0.58528
2014-09-24T02:21:26Z,4334.738,0.47,-1.4573,0.0984,287.874,-0.08395,0.0498,0.06764,1.6469,-2.5193,146.8887,0.57846
2014-09-24T02:21:27Z,4342.943,0.1853,-1.57,-0.2817,276.732,-0.09565,0.07934,0.05771,1.7468,-2.5376,146.8808,0.58402
2014-09-24T02:21:28Z,4351.434,0.5734,-1.6846,0.1496,288.797,-0.10838,-0.00037,0.10119,1.7048,-2.4166,146.8326,0.56482
2014-09-24T02:21:29Z,4359.844,0.6237,-1.691,0.1555,290.244,-0.04334,0.05817,0.10747,1.7582,-2.388,147.0325,0.57396
2014-09-24T02:21:30Z,4368.067,0.3145,-1.5425,0.032,281.523,-0.0391,0.03697,0.09896,1.6633,-2.4462,147.0761,0.58075
2014-09-24T02:21:31Z,4375.534,0.4188,-1.4985,0.1608,285.615,-0.10413,0.02566,0.07836,1.8651,-2.3617,146.9642,0.58395
2014-09-24T02:21:32Z,4384.232,0.1693,-1.4662,0.1245,276.585,-0.10563,0.07631,0.03479,1.9765,-2.5499,146.9927,0.57582
2014-09-24T02:21:33Z,4391.772,0.4488,-1.6497,-0.007,285.219,-0.08658,0.06979,0.12006,1.9011,-2.4258,146.9331,0.57767
2014-09-24T02:21:34Z,4400.832,0.2815,-1.5781,0.1884,280.115,-0.06923,-0.00238,0.03387,1.918,-2.3169,146.9522,0.57923
2014-09-24T02:21:35Z,4407.947,0.1945,-1.5119,-0.0656,277.329,-0.08214,0.06588,0.09713,1.8861,-2.3395,146.6753,0.58066
2014-09-24T02:21:36Z,4416.964,0.3151,-1.6511,0.0552,280.805,-0.06496,0.06306,0.13497,1.8655,-2.2956,146.9101,0.60104
2014-09-24T02:21:37Z,4424.428,0.2899,-1.7587,0.045,279.359,-0.07852,0.03034,0.08568,1.8592,-2.4507,146.8277,0.58691
2014-09-24T02:21:38Z,4433.527,0.3119,-1.7033,-0.022,280.377,-0.07999,0.02774,0.08895,1.787,-2.323,146.858,0.58541
2014-09-24T02:21:39Z,4441.197,0.5043,-1.6134,0.0907,287.357,-0.01663,0.00906,0.09087,1.923,-2.4235,146.8763,0.5757
2014-09-24T02:21:40Z,4448.807,0.2452,-1.4728,0.1912,279.451,-0.08992,0.04059,0.08607,1.9256,-2.3347,146.774,0.57658
2014-09-24T02:21:41Z,4457.157,0.6243,-1.3778,0.1847,294.374,-0.03562,0.0448,0.1396,1.8454,-2.2704,146.7298,0.58544
2014-09-24T02:21:42Z,4465.794,0.1662,-1.7644,0.1321,275.382,-0.04026,0.06936,0.05947,1.9315,-2.4317,146.7546,0.59687
2014-09-24T02:21:43Z,4474.075,0.6083,-1.6452,-0.11,290.292,-0.06365,0.05637,0.05605,1.8407,-2.5097,146.6763,0.58691
2014-09-24T02:21:44Z,4481.871,0.2146,-1.6041,-0.0742,277.62,-0.12422,0.02333,0.0718,1.8524,-2.2064,146.6975,0.58793
2014-09-24T02:21:45Z,4490.106,0.3679,-1.4259,0.0758,284.469,-0.07509,0.056,0.12322,1.9712,-2.3081,146.7032,0.58391
2014-09-24T02:21:46Z,4498.554,0.2955,-1.6188,0.0556,280.346,-0.08854,0.04387,0.06499,1.9498,-2.3488,146.6535,0.5766
2014-09-24T02:21:47Z,4506.538,0.3185,-1.5989,0.009,281.267,-0.07497,0.02704,0.08987,1.9027,-2.3462,146.8419,0.5947
2014-09-24T02:21:48Z,4514.246,0.4913,-1.7412,0.2491,285.758,-0.10184,0.01087,0.1056,1.8992,-2.494,146.691,0.58984
2014-09-24T02:21:49Z,4522.626,0.5971,-1.4516,0.069,292.359,-0.05615,0.06641,0.09801,1.9466,-2.3026,146.5869,0.5961
2014-09-24T02:21:50Z,4531.208,0.5516,-1.5428,0.1125,289.673,-0.05022,0.06214,0.10369,1.7911,-2.3548,146.7252,0.59443
2014-09-24T02:21:51Z,4539.771,0.3132,-1.6113,0.1568,280.999,-0.04537,0.06508,0.11339,1.8824,-2.3013,146.6462,0.58614
2014-09-24T02:21:52Z,4548.136,0.4025,-1.5468,0.0633,284.585,-0.08395,0.03314,0.08534,1.8467,-2.2961,146.8956,0.5963
2014-09-24T02:21:53Z,4556.072,0.2585,-1.3338,0.3168,280.969,-0.10065,0.05581,0.06591,1.9535,-2.5619,146.7552,0.58481
2014-09-24T02:21:54Z,4564.132,0.228,-1.6485,-0.0366,277.876,-0.06514,0.01733,0.08072,2.0441,-2.2456,146.5872,0.59752
2014-09-24T02:21:55Z,4572.531,0.2057,-1.6188,-0.0033,277.243,-0.0298,0.02722,0.06825,1.9994,-2.2628,146.7834,0.59591
2014-09-24T02:21:56Z,4580.277,0.313,-1.2998,-0.0372,283.54,-0.07172,0.05291,0.13946,1.9243,-2.2452,146.7274,0.60936
2014-09-24T02:21:57Z,4588.703,0.417,-1.4711,0.2132,285.825,-0.0619,0.0588,0.0628,1.9125,-2.2788,146.6874,0.59072
2014-09-24T02:21:58Z,4596.718,0.0937,-1.377,0.137,273.892,-0.07883,0.01169,0.08789,1.9123,-2.2534,146.8612,0.58765
2014-09-24T02:21:59Z,4604.823,0.3744,-1.4122,0.0022,284.849,-0.08529,0.02614,0.03797,2.1359,-2.2367,146.5986,0.59556
2014-09-24T02:22:00Z,4613.636,0.6095,-1.4723,-0.03,292.489,-0.05599,0.04362,0.0785,1.9846,-2.2218,146.7922,0.60433
2014-09-24T02:22:01Z,4621.847,0.5513,-1.5143,0.1947,290.005,-0.07483,0.07688,0.06769,1.998,-2.1989,146.6403,0.57766
2014-09-24T02:22:02Z,4630.29,0.2961,-1.3321,0.0922,282.53,-0.06183,0.03276,0.09144,1.8159,-2.2075,146.672,0.60763
2014-09-24T02:22:03Z,4638.511,0.1752,-1.2775,0.1969,277.807,-0.05896,0.05676,0.09178,1.8928,-2.0754,146.5914,0.59952
2014-09-24T02:22:04Z,4646.681,0.4545,-1.2843,0.0496,289.489,-0.06268,0.05954,0.10934,1.986,-2.2747,146.5905,0.59262
2014-09-24T02:22:05Z,4655.07,0.0387,-1.6197,0.1066,271.37,-0.05714,0.04733,0.10703,1.9517,-2.2398,146.6082,0.59936
2014-09-24T02:22:06Z,4663.144,0.5537,-1.2413,0.0853,294.041,-0.09213,0.06043,0.07161,2.004,-2.0677,146.4544,0.59691
2014-09-24T02:22:07Z,4671.592,0.3559,-1.4856,-0.0073,283.473,-0.09337,0.02026,0.04933,2.0046,-2.2088,146.6719,0.59357
2014-09-24T02:22:08Z,4679.486,0.6635,-1.5405,0.0405,293.303,-0.07129,0.03764,0.05194,2.0444,-2.1152,146.6415,0.58838
2014-09-24T02:22:09Z,4688.166,0.1305,-1.4475,-0.0637,275.153,-0.07039,0.09005,0.07986,1.848,-2.1722,146.4731,0.61024
2014-09-24T02:22:10Z,4696.572,0.5281,-1.2924,0.104,292.224,-0.08268,0.09196,0.0759,1.91,-2.1945,146.6817,0.60041
2014-09-24T02:22:11Z,4704.408,0.3761,-1.3314,0.1306,285.774,-0.06329,0.07556,0.07807,1.9912,-2.0908,146.7544,0.60224
2014-09-24T02:22:12Z,4712.97,0.3422,-1.4458,0.1533,283.318,-0.0463,0.08215,0.05792,1.9479,-2.1215,146.5352,0.61261
2014-09-24T02:22:13Z,4721.047,0.1872,-1.2771,0.1207,278.34,-0.03901,0.00913,0.10689,1.9751,-2.2791,146.5161,0.60676
2014-09-24T02:22:14Z,4729.399,0.4828,-1.3769,0.0411,289.324,-0.03307,0.03121,0.03381,2.0087,-2.1359,146.699,0.59428
2014-09-24T02:22:15Z,4737.512,0.4956,-1.4791,0.2089,288.526,-0.10093,0.04729,0.05552,1.9402,-2.2228,146.621,0.61258
2014-09-24T02:22:16Z,4746.674,0.6626,-1.4941,0.1428,293.916,-0.09681,0.1156,0.04302,2.0148,-2.0349,146.5602,0.61949
2014-09-24T02:22:17Z,4754.935,0.5468,-1.3216,0.1922,292.476,-0.07464,0.04752,0.06438,2.0423,-1.9897,146.6484,0.61206
2014-09-24T02:22:18Z,4763.084,0.3072,-1.3908,0.1984,282.456,-0.06506,0.0741,0.10043,2.0032,-1.9735,146.5875,0.60151
2014-09-24T02:22:19Z,4771.925,0.2463,-1.5797,0.0405,278.864,-0.07269,0.06507,0.06172,2.0546,-2.0883,146.6962,0.59703
2014-09-24T02:22:20Z,4779.512,0.1925,-1.2419,0.0917,278.809,-0.08021,0.06465,0.07111,1.8218,-2.1473,146.5449,0.60198
2014-09-24T02:22:21Z,4788.986,0.6192,-1.4358,0.1302,293.331,-0.07366,0.05528,0.08483,1.9473,-2.0781,146.5825,0.61037
2014-09-24T02:22:22Z,4796.196,0.2824,-1.1207,-0.0624,284.142,-0.05361,0.026,0.05949,2.0638,-2.1725,146.643,0.6213
2014-09-24T02:22:23Z,4804.721,0.6218,-1.5652,-0.0603,291.666,-0.09858,-0.0114,0.07709,1.9214,-1.9032,146.2818,0.60415
2014-09-24T02:22:24Z,4812.852,0.4792,-1.3773,-0.0777,289.185,-0.0064,0.0883,0.07344,1.9083,-1.9889,146.6334,0.60535
2014-09-24T02:22:25Z,4821.485,0.4506,-1.4504,0.0413,287.257,-0.0641,0.04096,0.03855,1.9759,-2.0536,146.4629,0.61902
2014-09-24T02:22:26Z,4830.015,0.3557,-1.487,0.0186,283.452,-0.03799,0.00981,0.05486,1.982,-1.9918,146.5569,0.60766
2014-09-24T02:22:27Z,4838.055,0.5015,-1.4092,-0.0918,289.589,-0.07839,0.06756,0.07497,1.9378,-2.1044,146.6668,0.62512
2014-09-24T02:22:28Z,4847.093,0.4006,-1.0656,0.0665,290.603,-0.04916,0.0672,0.0978,2.125,-2.1473,146.4634,0.61048
2014-09-24T02:22:29Z,4854.935,0.3483,-1.3054,0.0418,284.938,-0.06064,0.07604,0.09742,1.9972,-2.2294,146.442,0.62126
2014-09-24T02:22:30Z,4863.33,0.5087,-1.441,0.1695,289.442,-0.04134,0.08484,0.11742,1.8985,-2.0393,146.4757,0.61521
2014-09-24T02:22:31Z,4871.306,0.3833,-1.5922,0.2524,283.537,-0.06735,0.03409,0.0768,1.8519,-2.0563,146.3297,0.61802
2014-09-24T02:22:32Z,4880.163,0.2857,-1.5713,0.0966,280.306,-0.0232,0.0353,0.05397,1.9956,-1.9917,146.6885,0.61115
2014-09-24T02:22:33Z,4888.367,0.4961,-1.3891,-0.0189,289.652,-0.0989,0.04931,0.06234,1.8849,-2.0259,146.4581,0.61186
2014-09-24T02:22:34Z,4896.602,0.3971,-1.3992,0.1153,285.844,-0.03747,0.07792,0.06073,2.1269,-1.9827,146.6207,0.61627
2014-09-24T02:22:35Z,4904.948,0.4806,-1.3333,0.0514,289.824,-0.05784,0.00492,0.053,1.9844,-1.9495,146.4167,0.61946
2014-09-24T02:22:36Z,4914.564,0.3396,-1.6354,0.0263,281.731,-0.08587,0.06079,0.07241,1.9901,-2.1249,146.4473,0.61743
2014-09-24T02:22:37Z,4921.95,0.227,-1.3043,-0.036,279.874,-0.0112,0.08098,0.0732,1.9602,-1.9323,146.5322,0.59921
2014-09-24T02:22:38Z,4929.95,0.6693,-1.1321,0.0036,300.59,-0.01338,0.08005,0.03274,2.0249,-2.0281,146.3215,0.61552
2014-09-24T02:22:39Z,4938.637,0.6415,-1.0383,0.032,301.711,-0.11103,0.07558,0.08892,1.7381,-1.948,146.4155,0.60831
2014-09-24T02:22:40Z,4947.289,0.5426,-1.5613,0.1301,289.164,-0.05435,0.08454,0.01542,1.8278,-1.9014,146.5105,0.60928
2014-09-24T02:22:41Z,4955.928,0.3524,-1.3928,0.1006,284.198,-0.04071,-0.01063,0.0554,2.0009,-1.8947,146.3925,0.61737
2014-09-24T02:22:42Z,4964.365,0.366,-1.3963,0.2319,284.689,-0.04688,0.09848,0.08932,2.0322,-1.9605,146.3597,0.62735
2014-09-24T02:22:43Z,4972.846,0.619,-1.2419,0.1166,296.491,-0.01961,0.06649,0.07539,1.8071,-1.9504,146.5136,0.61195
2014-09-24T02:22:44Z,4980.825,0.3591,-1.4426,0.0915,283.979,-0.02438,0.09168,0.0509,1.7539,-1.8872,146.5364,0.62961
2014-09-24T02:22:45Z,4989.616,0.3178,-1.0027,0.0183,287.583,-0.05001,0.02903,0.10866,1.9061,-2.0726,146.5466,0.60506
2014-09-24T02:22:46Z,4997.641,0.694,-1.2444,-0.055,299.151,0.00073,0.01463,0.04806,1.9246,-2.0225,146.3173,0.62369
2014-09-24T02:22:47Z,5006.185,0.4065,-1.265,-0.0084,287.816,-0.03234,0.10321,0.00862,1.8905,-1.9627,146.3212,0.61726
2014-09-24T02:22:48Z,5014.539,0.6795,-1.0033,-0.0215,304.106,-0.0641,0.03546,0.0696,1.8666,-2.0409,146.3263,0.61545
2014-09-24T02:22:49Z,5022.907,0.2049,-1.2404,-0.2078,279.382,-0.06868,0.05093,0.01344,1.7157,-1.95,146.4397,0.6248
2014-09-24T02:22:50Z,5032.162,0.4928,-1.1733,-0.0527,292.783,-0.02334,0.07196,0.03672,1.8261,-1.9483,146.2426,0.60858
2014-09-24T02:22:51Z,5040.501,0.7262,-1.3417,0.2082,298.425,-0.07379,0.07817,0.07269,1.83,-1.9093,146.2428,0.62382
2014-09-24T02:22:52Z,5049.076,0.4204,-1.4303,0.0847,286.381,-0.06376,0.08587,0.04521,1.7961,-1.9148,146.2799,0.61184
2014-09-24T02:22:53Z,5057.227,0.3769,-1.3122,0.01,286.025,-0.05904,0.06456,0.07085,1.6781,-1.8187,146.252,0.60827
2014-09-24T02:22:54Z,5065.968,0.2417,-0.8882,0.0874,285.225,-0.0437,0.03268,0.02699,1.8698,-1.8525,146.4289,0.60268
2014-09-24T02:22:55Z,5073.566,0.5798,-1.1175,-0.1479,297.423,-0.05696,0.07677,0.07701,1.8836,-1.8981,146.4168,0.62584
2014-09-24T02:22:56Z,5082.975,0.3022,-1.1666,0.0755,284.525,-0.08458,0.07723,0.01288,1.7418,-1.9132,146.2816,0.62215
2014-09-24T02:22:57Z,5091.23,0.404,-1.3502,0.1749,286.659,-0.02213,0.01385,0.08772,1.7813,-1.8844,146.3051,0.60904
2014-09-24T02:22:58Z,5099.887,0.2335,-1.0628,0.0349,282.389,-0.06082,0.09474,0.04247,1.7471,-1.8772,146.0653,0.61706
2014-09-24T02:22:59Z,5108.303,0.6526,-1.399,-0.1304,295.008,0.00026,-0.00285,0.09223,1.7383,-1.6674,146.2683,0.61353
2014-09-24T02:23:00Z,5116.332,0.5928,-1.4264,0.0053,292.566,-0.04215,0.08524,0.03254,1.807,-1.9797,146.4333,0.6095
2014-09-24T02:23:01Z,5124.664,0.4152,-1.2711,0.1745,288.091,-0.01759,0.04358,0.10127,1.799,-1.9314,146.2526,0.61984
2014-09-24T02:23:02Z,5133.454,0.2472,-0.8898,0.0723,285.525,-0.03301,0.07712,0.0288,1.8334,-1.9373,146.1895,0.6069
2014-09-24T02:23:03Z,5142.42,0.651,-0.894,-0.0956,306.062,-0.01542,0.07228,0.00749,1.8214,-1.8242,146.4313,0.59415
2014-09-24T02:23:04Z,5150.987,0.3661,-1.2423,0.2829,286.422,-0.03354,0.05864,0.05301,1.7128,-1.8216,146.1772,0.61352
2014-09-24T02:23:05Z,5158.794,0.2557,-1.2719,-0.0794,281.368,-0.04143,0.07089,0.08237,1.9432,-1.8801,146.4383,0.61172
2014-09-24T02:23:06Z,5167.46,0.1575,-1.4127,0.0215,276.363,-0.01948,0.05749,0.07089,1.8289,-1.7569,146.5676,0.60618
2014-09-24T02:23:07Z,5176.086,0.3253,-1.1508,-0.058,285.784,0.01584,0.07753,0.07978,1.6412,-1.7933,146.263,0.60352
2014-09-24T02:23:08Z,5184.753,0.2044,-1.1341,-0.058,280.214,-0.05255,0.11435,0.07056,1.6927,-1.7422,146.3935,0.5979
2014-09-24T02:23:09Z,5192.944,0.3295,-1.0361,0.0002,287.643,-0.02543,0.02622,0.02938,1.5122,-1.7153,146.0974,0.60719
2014-09-24T02:23:10Z,5201.47,0.535,-1.0139,0.1089,297.817,-0.04492,-0.01992,0.06863,1.6616,-1.9764,146.0883,0.60279
2014-09-24T02:23:11Z,5210.232,0.3673,-1.176,0.1742,287.345,-0.03163,0.04942,0.05138,1.7815,-1.7455,146.1752,0.6172
2014-09-24T02:23:12Z,5219.105,0.4773,-1.0589,0.0064,294.262,-0.04271,0.04774,0.0309,1.858,-1.898,146.3325,0.61329
2014-09-24T02:23:13Z,5227.22,0.3158,-1.2436,-0.0561,284.249,-0.0972,0.05043,0.05271,1.6136,-1.7693,146.2458,0.60496
2014-09-24T02:23:14Z,5236.156,0.4343,-1.0538,0.0926,292.4,-0.04774,0.03673,0.0464,1.6377,-1.7895,146.2224,0.61268
2014-09-24T02:23:15Z,5245.134,0.713,-1.2063,0.0954,300.584,-0.01722,0.08172,0.08279,1.6468,-1.7806,146.1074,0.6073
2014-09-24T02:23:16Z,5252.879,0.373,-1.0577,0.0685,289.425,-0.06082,0.02539,0.03409,1.744,-1.869,146.2192,0.60565
2014-09-24T02:23:17Z,5261.837,0.4832,-1.0657,0.0719,294.388,-0.01814,0.07121,0.03251,1.4941,-1.6847,146.1632,0.60701
2014-09-24T02:23:18Z,5270.847,0.1909,-1.1081,0.0329,279.775,-0.03604,0.07592,0.02866,1.7721,-1.865,146.1309,0.62126
2014-09-24T02:23:19Z,5278.925,0.6541,-0.9955,0.0539,303.308,-0.04489,0.06788,0.09312,1.521,-1.6963,146.118,0.61187
2014-09-24T02:23:20Z,5287.458,0.3548,-1.3464,0.0258,284.764,-0.01692,0.07216,0.02921,1.4393,-1.8654,146.2336,0.60395
2014-09-24T02:23:21Z,5296.657,0.5842,-1.2665,0.1508,294.763,-0.022,0.08372,0.07727,1.4941,-1.7469,146.1381,0.61311
2014-09-24T02:23:22Z,5304.737,0.4085,-1.1436,0.2665,289.657,-0.02798,0.06133,0.01864,1.4408,-1.5958,146.2052,0.61243
2014-09-24T02:23:23Z,5313.829,0.5189,-1.3155,0.0615,291.527,-0.01255,0.05134,0.05666,1.5251,-1.5459,146.0248,0.60726
2014-09-24T02:23:24Z,5322.196,0.5281,-1.1563,0.0427,294.548,-0.03233,0.07216,0.05013,1.3453,-1.859,146.2478,0.60215
2014-09-24T02:23:25Z,5330.532,0.3599,-1.1477,0.0688,287.41,-0.07798,0.07501,0.07398,1.4745,-1.7805,146.2175,0.60122
2014-09-24T02:23:26Z,5339.431,0.5918,-0.8911,-0.0227,303.586,-0.04577,0.08224,0.06992,1.5019,-1.7607,146.1662,0.59537
2014-09-24T02:23:27Z,5347.99,0.3144,-1.0624,0.1195,286.484,-0.08088,0.01718,0.04433,1.5528,-1.5332,146.2015,0.60501
2014-09-24T02:23:28Z,5356.853,0.5451,-0.9255,0.087,300.499,-0.01878,0.0554,0.02842,1.4739,-1.7139,146.2747,0.59828
2014-09-24T02:23:29Z,5364.926,0.3702,-1.0311,0.0007,289.752,-0.01226,0.03334,0.08204,1.5182,-1.6172,146.0325,0.59925
2014-09-24T02:23:30Z,5373.759,0.4814,-1.1528,0.1328,292.664,-0.01056,0.07399,0.02506,1.341,-1.674,146.1801,0.60732
2014-09-24T02:23:31Z,5382.353,0.3599,-1.0487,0.0444,288.942,-0.02132,0.07812,-0.01615,1.4058,-1.7888,146.0391,0.61541
2014-09-24T02:23:32Z,5391.256,0.4369,-0.9555,-0.0547,294.571,-0.00879,0.05308,-0.00635,1.1805,-1.8365,146.1745,0.60448
2014-09-24T02:23:33Z,5399.288,0.2685,-0.8824,0.0774,286.924,-0.07184,0.04169,-0.0007,1.3342,-1.7316,146.1361,0.60023
2014-09-24T02:23:34Z,5408.645,0.4669,-1.0773,0.0658,293.434,-0.03455,0.07483,0.05413,1.3586,-1.4921,146.1558,0.6005
2014-09-24T02:23:35Z,5417.098,0.4367,-1.3009,0.138,288.555,-0.06667,0.05655,0.09416,1.35,-1.6518,146.2394,0.60933
2014-09-24T02:23:36Z,5425.124,0.3493,-1.308,0.125,284.952,-0.03969,0.09552,-0.01264,1.17,-1.583,146.2328,0.60291
2014-09-24T02:23:37Z,5434.662,0.4221,-1.0953,0.0308,291.078,0.01024,0.10416,0.01835,1.2486,-1.7758,146.256,0.60094
2014-09-24T02:23:38Z,5443.678,0.4506,-1.3932,-0.0056,287.924,-0.00226,0.08483,0.0397,1.2435,-1.6833,146.1041,0.60109
2014-09-24T02:23:39Z,5451.909,0.3383,-0.7697,0.0416,293.728,-0.01246,0.0656,0.07567,1.2128,-1.59,146.2105,0.58713
2014-09-24T02:23:40Z,5460.723,0.4116,-0.9458,0.0777,293.521,-0.03299,0.10539,0.01689,1.2886,-1.7346,146.1874,0.60126
2014-09-24T02:23:41Z,5468.923,0.2804,-1.1272,0.0896,283.968,-0.05271,0.06573,0.05092,1.1966,-1.6475,146.0962,0.59073
2014-09-24T02:23:42Z,5476.984,0.7833,-1.1949,0.0713,303.248,-0.02262,0.0477,0.02945,1.2051,-1.7079,146.1416,0.60047
2014-09-24T02:23:43Z,5485.598,0.5905,-0.8706,0.0319,304.148,0.00106,0.04276,0.10044,1.1411,-1.5665,146.1134,0.59103
2014-09-24T02:23:44Z,5495.013,0.4727,-1.188,0.1405,291.695,-0.01588,0.04202,0.03843,1.2484,-1.5959,146.2628,0.60124
2014-09-24T02:23:45Z,5503.402,0.6077,-1.1702,-0.0267,297.444,-0.06519,0.0594,0.04326,1.2371,-1.5682,146.201,0.59489
2014-09-24T02:23:46Z,5511.978,0.1352,-1.1288,0.2886,276.829,-0.02235,0.07109,0.03603,1.104,-1.5484,146.0832,0.58656
2014-09-24T02:23:47Z,5520.968,0.0485,-0.9932,0.1168,272.797,-0.07221,0.02409,0.0231,1.3393,-1.6315,146.0731,0.59301
2014-09-24T02:23:48Z,5529.902,0.3724,-0.9135,-0.0724,292.178,-0.00369,0.0482,0.05677,1.0323,-1.5283,146.2062,0.61259
2014-09-24T02:23:49Z,5537.879,0.2257,-0.8245,0.0588,285.313,-0.04053,0.0647,0.0036,1.1565,-1.651,146.2414,0.57639
2014-09-24T02:23:50Z,5546.934,0.3971,-0.843,0.1174,295.225,-0.05319,0.07541,-0.01793,0.9821,-1.549,146.1359,0.59553
2014-09-24T02:23:51Z,5556.328,0.4635,-0.9958,0.0051,294.958,-0.00158,0.05862,0.02792,1.1021,-1.752,146.1672,0.58575
2014-09-24T02:23:52Z,5564.135,0.571,-0.8397,-0.1096,304.215,-0.00745,0.06533,0.05161,1.0778,-1.6494,146.2287,0.60449
2014-09-24T02:23:53Z,5573.532,0.2622,-1.0897,-0.0641,283.528,-0.01503,0.02819,0.01625,0.9231,-1.3998,146.078,0.59966
2014-09-24T02:23:54Z,5581.777,0.4931,-1.2588,0.0939,291.389,0.03455,0.0363,0.03497,0.9753,-1.5315,146.1009,0.59428
2014-09-24T02:23:55Z,5590.861,0.4353,-1.0828,-0.1359,291.902,-0.00377,0.05751,-0.00066,1.1168,-1.5269,146.1384,0.59979
2014-09-24T02:23:56Z,5599.782,0.4854,-1.0995,-0.1055,293.818,-0.03517,0.07173,0.05597,0.8838,-1.6371,146.0441,0.59409
2014-09-24T02:23:57Z,5608.388,0.3554,-1.07,0.093,288.374,-0.00547,0.06468,0.04525,0.9625,-1.6542,146.2541,0.59186
2014-09-24T02:23:58Z,5617.182,0.6409,-1.1156,0.0169,299.877,-0.025,0.03761,0.02898,0.9385,-1.5833,146.0377,0.58672
2014-09-24T02:23:59Z,5625.2,0.4181,-1.0377,-0.0305,291.946,0.01442,0.05285,0.03225,0.8895,-1.563,146.085,0.58832
2014-09-24T02:24:00Z,5634.735,0.6998,-0.8719,-0.0105,308.75,-0.00963,0.09649,-0.00726,0.7355,-1.4,146.2679,0.58721
2014-09-24T02:24:01Z,5642.793,0.3153,-0.7044,-0.1082,294.111,-0.00655,0.07222,-0.0066,0.9213,-1.4672,145.8875,0.59073
2014-09-24T02:24:02Z,5651.933,0.5453,-1.217,0.0872,294.135,-0.0515,0.05448,0.02361,0.8369,-1.5356,146.0928,0.57525
2014-09-24T02:24:03Z,5660.687,0.425,-1.148,-0.042,290.314,-0.01331,0.03282,0.03904,0.9051,-1.5347,146.0026,0.59837
2014-09-24T02:24:04Z,5669.524,0.3848,-1.0701,-0.0151,289.779,-0.01564,0.04055,0.03985,0.816,-1.4749,146.0663,0.60547
2014-09-24T02:24:05Z,5678.234,0.5289,-0.8332,0.0731,302.407,-0.03923,0.05846,0.01621,0.7833,-1.6367,145.9433,0.58621
2014-09-24T02:24:06Z,5686.586,0.3893,-0.9756,0.0126,291.754,-0.01856,0.06511,0.04345,0.7885,-1.6806,146.0244,0.59885
2014-09-24T02:24:07Z,5695.179,0.035,-1.0502,-0.0323,271.907,-0.00152,0.07227,0.05988,0.6602,-1.4631,146.0617,0.58817
2014-09-24T02:24:08Z,5704.73,-0.0252,-0.8305,-0.1609,268.26,-0.01192,0.06774,0.02168,0.8442,-1.5125,146.0808,0.58423
2014-09-24T02:24:09Z,5713.266,0.6252,-0.7913,0.0747,308.31,-0.0465,0.04869,0.03118,0.6699,-1.619,146.1443,0.58582
2014-09-24T02:24:10Z,5722.385,0.6188,-0.9342,0.0457,303.522,-0.01742,0.04508,0.01777,0.6511,-1.6774,145.8201,0.5894
2014-09-24T02:24:11Z,5730.751,0.7175,-1.0506,-0.014,304.33,-0.02168,0.10894,0.01935,0.7637,-1.4341,146.0378,0.58279
2014-09-24T02:24:12Z,5739.064,0.4319,-0.8845,-0.0661,296.025,-0.00453,0.04375,0.02628,0.6602,-1.5432,146.0308,0.59328
2014-09-24T02:24:13Z,5748.686,0.2405,-0.9565,0.0388,284.115,-0.00662,0.02527,0.06416,0.6015,-1.4653,146.0398,0.58415
2014-09-24T02:24:14Z,5757.014,0.3716,-0.9546,0.0854,291.27,-0.01843,0.0165,0.04399,0.6335,-1.5143,146.0475,0.57962
2014-09-24T02:24:15Z,5766.063,0.4362,-0.9919,0.0471,293.738,-0.0188,0.04853,0.04128,0.6303,-1.4919,145.9593,0.58795
2014-09-24T02:24:16Z,5774.52,0.2835,-0.7732,0.201,290.138,-0.00524,0.08076,0.00884,0.5506,-1.5324,145.8857,0.58249
2014-09-24T02:24:17Z,5784.13,0.6818,-0.871,0.1075,308.052,0.01777,0.04275,-0.00274,0.6136,-1.4871,146.0602,0.58536
2014-09-24T02:24:18Z,5792.059,0.7706,-0.7502,0.0262,315.768,0.00127,0.09398,0.02899,0.4179,-1.4309,145.9373,0.5875
2014-09-24T02:24:19Z,5801.062,0.5064,-0.7018,0.1107,305.811,0.0305,0.05675,0.04987,0.5201,-1.4951,146.0752,0.57719
2014-09-24T02:24:20Z,5810.037,0.433,-0.8302,0.0416,297.544,0.02387,0.08456,0.0614,0.5428,-1.4957,145.9395,0.59957
2014-09-24T02:24:21Z,5818.439,0.2404,-0.9719,0.0412,283.894,0.03357,0.03776,-0.04347,0.508,-1.4165,146.1008,0.59441
2014-09-24T02:24:22Z,5827.763,0.6666,-0.7366,0.1662,312.143,0.03098,0.03804,0.07853,0.2585,-1.4073,146.0244,0.58289
2014-09-24T02:24:23Z,5837.042,0.446,-0.8195,-0.0534,298.555,0.03645,0.05875,0.02733,0.4071,-1.5484,146.0297,0.58782
2014-09-24T02:24:24Z,5845.14,0.3913,-0.4959,0.0387,308.273,-0.03083,0.06842,0.03916,0.2995,-1.4558,146.0021,0.59312
2014-09-24T02:24:25Z,5854.287,0.5067,-0.8367,0.1552,301.203,0.0148,0.05176,-0.02753,0.4788,-1.4916,145.9845,0.58978
2014-09-24T02:24:26Z,5862.028,0.3469,-0.7757,0.067,294.092,0.02968,0.06342,0.00957,0.324,-1.4448,146.0004,0.60324
2014-09-24T02:24:27Z,5871.822,0.4566,-0.8334,-0.0009,298.717,0.03482,0.07069,0.0356,0.4285,-1.3274,146.1404,0.58641
2014-09-24T02:24:28Z,5880.574,0.2182,-0.8887,-0.1347,283.793,-0.01881,0.02034,-0.01481,0.2164,-1.4097,145.8675,0.59796
2014-09-24T02:24:29Z,5889.25,0.5976,-0.9096,-0.1912,303.304,0.01751,0.0472,-0.05813,0.3242,-1.2615,145.9547,0.57792
2014-09-24T02:24:30Z,5898.771,0.4188,-0.8234,0.2433,296.957,0.00357,0.04262,0.022,0.2727,-1.4134,146.1239,0.57932
2014-09-24T02:24:31Z,5907.138,0.6083,-0.7864,0.0665,307.722,0.04848,0.0437,0.01189,0.4723,-1.4406,146.099,0.60242
2014-09-24T02:24:32Z,5916.054,0.4043,-0.6883,-0.0229,300.425,-0.03176,0.06549,0.0487,0.3245,-1.4252,146.1502,0.5857
2014-09-24T02:24:33Z,5924.852,0.414,-0.8121,0.0703,297.009,-0.0157,0.04256,0.0082,0.2985,-1.4087,146.0087,0.58004
2014-09-24T02:24:34Z,5933.184,0.2526,-0.925,-0.0595,285.273,-0.04112,0.00492,0.00955,0.3507,-1.3907,145.8817,0.58924
2014-09-24T02:24:35Z,5942.334,0.5483,-0.9015,0.0021,301.309,0.00838,0.04899,0.02869,0.1902,-1.4923,145.9017,0.59999
2014-09-24T02:24:36Z,5951.945,0.3028,-1.0477,-0.059,286.121,0.06197,0.02815,0.03661,0.1385,-1.4281,145.9815,0.58406
2014-09-24T02:24:37Z,5959.752,0.3613,-0.5973,-0.1063,301.171,0.00488,0.06702,-0.00742,0.1084,-1.4639,146.0865,0.59013
2014-09-24T02:24:38Z,5969.109,0.4343,-0.9245,-0.1756,295.163,0.00913,0.07461,0.03344,0.1307,-1.3201,145.984,0.57595
2014-09-24T02:24:39Z,5978.127,0.4523,-0.6952,-0.125,303.047,0.02097,-5e-05,-0.00369,-0.1382,-1.5531,145.9754,0.58737
2014-09-24T02:24:40Z,5987.77,0.178,-0.7956,0.1368,282.611,0.00492,0.03481,0.00929,0.0626,-1.383,146.0474,0.59946
2014-09-24T02:24:41Z,5996.326,0.3993,-0.7887,-0.0641,296.852,0.01759,0.06285,0.02517,0.0595,-1.5137,146.0097,0.58559
2014-09-24T02:24:42Z,6004.763,0.5532,-0.849,0.088,303.087,0.01886,0.01864,0.02906,0.0078,-1.3543,145.9621,0.58209
2014-09-24T02:24:43Z,6014.319,0.377,-0.9464,0.1301,291.719,-0.01147,0.07327,0.01541,-0.1232,-1.4174,145.9053,0.58647
2014-09-24T02:24:44Z,6022.512,0.4,-0.9708,0.036,292.396,0.00792,0.07978,-0.02003,-0.0338,-1.5276,146.0995,0.58824
2014-09-24T02:24:45Z,6032.036,0.4579,-0.5631,0.0043,309.12,0.02943,0.04934,-0.04025,-0.1655,-1.3036,146.1089,0.59969
2014-09-24T02:24:46Z,6040.123,0.4147,-0.8026,0.0474,297.328,0.03471,0.03388,0.00133,0.078,-1.577,145.8978,0.59709
2014-09-24T02:24:47Z,6049.894,0.2788,-0.6477,-0.0077,293.291,0.04457,-0.0047,0.02984,-0.1055,-1.375,145.9628,0.59913
2014-09-24T02:24:48Z,6058.299,0.4279,-0.606,0.1543,305.229,0.0211,0.07324,0.01632,-0.271,-1.314,146.0692,0.59529
2014-09-24T02:24:49Z,6067.008,0.5824,-0.8725,0.2215,303.725,0.02221,0.10279,0.01066,-0.1435,-1.256,145.8883,0.59064
2014-09-24T02:24:50Z,6076.222,0.2755,-0.7444,0.1787,290.311,0.03268,0.09745,0.00395,-0.0764,-1.4918,146.0382,0.58994
2014-09-24T02:24:51Z,6085.33,0.3769,-0.7982,-0.1815,295.275,-0.00034,0.04751,0.01138,-0.1549,-1.4012,145.9687,0.60019
2014-09-24T02:24:52Z,6093.997,0.2258,-0.9758,-0.0102,283.028,-0.00076,0.0249,-0.02168,-0.263,-1.2701,145.8793,0.61003
2014-09-24T02:24:53Z,6103.306,0.5741,-0.827,0.0339,304.765,0.01262,0.07298,0.02221,-0.2651,-1.2617,146.1784,0.59041
2014-09-24T02:24:54Z,6111.853,0.4189,-0.7083,0.0797,300.602,-0.01553,0.04869,0.02338,-0.2548,-1.2483,145.9663,0.59042
2014-09-24T02:24:55Z,6121.223,0.3051,-0.8684,-0.1395,289.359,0.02712,0.06364,-0.00713,-0.2879,-1.1428,146.0527,0.59013
2014-09-24T02:24:56Z,6130.113,0.4464,-0.8394,-0.1412,298.002,0.04377,0.05907,0.0122,-0.3743,-1.3855,145.888,0.60654
2014-09-24T02:24:57Z,6138.893,0.2519,-0.8139,0.1637,287.197,0.00039,0.05365,-0.04212,-0.2998,-1.3121,146.1553,0.60024
2014-09-24T02:24:58Z,6147.72,0.2773,-0.4684,-0.0229,300.628,0.02962,0.07685,0.00482,-0.4219,-1.3666,146.1947,0.60572
2014-09-24T02:24:59Z,6156.891,0.2132,-1.0574,-0.1159,281.398,0.00361,0.07759,-0.00348,-0.2601,-1.4941,145.8498,0.59794
2014-09-24T02:25:00Z,6165.997,0.272,-0.7042,-0.0776,291.121,-0.00548,0.0377,0.03085,-0.271,-1.3404,145.9836,0.60769
2014-09-24T02:25:01Z,6175.497,0.6354,-0.8145,0.0717,307.96,0.07192,0.0275,-0.00607,-0.4577,-1.49,146.1329,0.60121
2014-09-24T02:25:02Z,6184.079,0.3218,-0.8699,-0.0497,290.3,-0.00393,-0.01209,0.02013,-0.4554,-1.3693,145.9534,0.59193
2014-09-24T02:25:03Z,6193.07,0.5016,-0.8127,0.0567,301.68,-0.01026,0.04154,-0.01184,-0.4525,-1.4423,146.0413,0.61247
2014-09-24T02:25:04Z,6202.791,0.3059,-0.668,-0.0655,294.608,0.02768,0.02267,-0.05969,-0.4418,-1.287,145.8326,0.60561
2014-09-24T02:25:05Z,6210.876,0.5453,-0.6569,-0.1421,309.697,0.02961,0.06028,-0.00865,-0.4392,-1.3817,145.9221,0.60425
2014-09-24T02:25:06Z,6219.854,0.2773,-0.7349,0.1747,290.674,0.04017,0.04121,0.00143,-0.4432,-1.4596,146.0317,0.60983
2014-09-24T02:25:07Z,6228.923,0.437,-0.5961,0.072,306.24,0.07411,0.04372,-0.00019,-0.4655,-1.2449,145.9426,0.5969
2014-09-24T02:25:08Z,6237.32,0.4389,-0.5671,-0.0013,307.737,0.00524,0.0695,-0.00029,-0.3967,-1.3598,145.9659,0.61278
2014-09-24T02:25:09Z,6246.518,0.78,-0.6322,-0.0202,320.973,0.01079,0.05893,-0.01758,-0.5365,-1.3435,145.8508,0.60547
2014-09-24T02:25:10Z,6255.499,0.5252,-0.8339,0.1784,302.204,0.06605,0.04588,-0.01348,-0.6657,-1.3846,146.0683,0.6099
2014-09-24T02:25:11Z,6264.91,0.3415,-0.675,0.0909,296.837,0.04989,0.09075,-0.03403,-0.7104,-1.2119,145.8694,0.62119
2014-09-24T02:25:12Z,6273.633,0.5331,-0.6717,0.1464,308.438,0.047,0.06684,-0.05626,-0.4709,-1.2797,146.158,0.61816
2014-09-24T02:25:13Z,6282.757,0.7509,-0.8662,-0.0268,310.921,0.01283,0.03778,-0.00948,-0.5811,-1.3479,145.9363,0.61258
2014-09-24T02:25:14Z,6292.107,0.1855,-0.9765,0.0366,280.756,0.0563,0.03868,-0.02592,-0.6253,-1.4496,146.0853,0.61416
2014-09-24T02:25:15Z,6301.051,0.3034,-1.0419,0.0717,286.237,0.0488,0.06746,0.01923,-0.6258,-1.0932,146.0761,0.59547
2014-09-24T02:25:16Z,6309.717,0.3941,-0.7254,-0.0237,298.517,0.03404,0.05261,-0.06279,-0.6687,-1.1333,145.9082,0.61039
2014-09-24T02:25:17Z,6318.568,0.367,-0.6886,0.0217,298.054,0.01525,0.01929,-0.00144,-0.6667,-1.1739,145.9499,0.61932
2014-09-24T02:25:18Z,6328.232,0.3794,-0.9078,-0.0272,292.68,0.03311,0.06947,0.04385,-0.7508,-1.3432,145.9626,0.61291
2014-09-24T02:25:19Z,6337.142,0.2335,-0.571,0.071,292.239,0.07222,0.07831,-0.01424,-0.6562,-1.3248,145.9702,0.60946
2014-09-24T02:25:20Z,6345.349,0.6396,-0.7026,-0.1011,312.313,0.00423,0.07619,-0.01021,-0.8021,-1.2504,145.8803,0.62497
2014-09-24T02:25:21Z,6354.844,0.2154,-0.5203,0.0881,292.488,0.01214,0.08501,5e-05,-0.8518,-1.3517,146.0645,0.63265
2014-09-24T02:25:22Z,6364.059,0.3986,-0.6645,0.0619,300.954,0.01701,0.09794,0.00153,-0.9341,-1.3572,145.9432,0.61752
2014-09-24T02:25:23Z,6373.324,0.5852,-0.8774,0.0104,303.704,0.02299,0.08924,-0.02177,-0.8371,-1.1592,146.0017,0.63139
2014-09-24T02:25:24Z,6382.424,0.4236,-0.6461,0.0756,303.252,0.03343,0.05428,-0.03724,-0.7359,-1.2781,146.1149,0.6313
2014-09-24T02:25:25Z,6391.262,0.2811,-0.6118,-0.0059,294.677,0.05834,0.04032,0.00381,-0.893,-1.3612,146.0726,0.6188
2014-09-24T02:25:26Z,6400.429,0.2255,-0.7919,-0.0365,285.895,0.04647,-0.00044,-0.06068,-0.9856,-1.1933,145.9545,0.62193
2014-09-24T02:25:27Z,6409.312,0.3931,-0.9235,0.0848,293.058,0.03701,0.04534,0.00736,-0.8714,-1.3134,146.1219,0.64332
2014-09-24T02:25:28Z,6418.122,0.3139,-0.6897,0.089,294.473,0.04296,0.05781,-0.02372,-0.9651,-1.4238,146.0857,0.62111
2014-09-24T02:25:29Z,6427.338,0.458,-0.8523,-0.0205,298.255,0.05218,0.04569,-0.01431,-0.8078,-1.3542,145.9498,0.62634
2014-09-24T02:25:30Z,6436.512,0.2168,-0.5314,-0.0291,292.193,-0.00491,-0.00284,-0.028,-0.8643,-1.3028,145.9704,0.64811
2014-09-24T02:25:31Z,6445.572,0.5488,-0.7581,0.0118,305.899,0.06446,0.03696,0.02044,-1.0704,-1.242,146.1233,0.62901
2014-09-24T02:25:32Z,6454.007,0.444,-0.436,-0.0252,315.524,0.01756,0.06002,-0.00958,-1.001,-1.2439,146.1025,0.64558
2014-09-24T02:25:33Z,6463.614,0.4549,-1.0107,0.1824,294.232,0.02767,0.01799,-0.02432,-1.0658,-1.1576,145.8759,0.62778
2014-09-24T02:25:34Z,6472.862,0.6423,-0.6693,0.0615,313.823,0.0478,0.04754,-0.02549,-1.1163,-1.2729,145.9271,0.63826
2014-09-24T02:25:35Z,6481.838,0.3603,-0.4726,0.0312,307.321,0.03794,0.05394,-0.02092,-1.046,-1.2894,146.0988,0.64706
2014-09-24T02:25:36Z,6490.947,0.3169,-0.8181,-0.0636,291.174,0.05253,0.07086,0.04224,-0.994,-1.1508,145.9135,0.63585
2014-09-24T02:25:37Z,6500.304,0.3433,-0.7059,0.1035,295.938,0.04444,0.08548,-0.05108,-1.0838,-1.1703,146.1131,0.64162
2014-09-24T02:25:38Z,6508.86,0.3965,-0.7401,-0.0317,298.178,0.03418,0.03297,0.00845,-1.1362,-1.264,146.2279,0.64801
2014-09-24T02:25:39Z,6517.775,0.4115,-0.7798,-0.0358,297.821,0.08016,0.04676,-0.00488,-1.289,-1.2219,146.0734,0.63607
2014-09-24T02:25:40Z,6527.335,0.3003,-0.638,0.1066,295.204,0.06017,0.04729,0.01894,-1.1832,-1.2816,145.9456,0.66246
2014-09-24T02:25:41Z,6536.839,0.1211,-0.8665,0.068,277.958,0.05054,0.05789,-0.00429,-1.1031,-1.3349,146.0574,0.65408
2014-09-24T02:25:42Z,6546.28,0.3402,-0.6863,-0.2212,296.366,0.06082,0.05484,-0.0204,-1.2717,-1.0646,146.1451,0.64418
2014-09-24T02:25:43Z,6555.085,0.4781,-0.5899,0.0133,309.025,0.02639,0.07677,0.00455,-1.0788,-1.2821,146.0535,0.64641
2014-09-24T02:25:44Z,6563.423,0.4444,-0.6973,0.0416,302.512,0.0989,-0.01739,-0.01567,-1.2451,-1.2137,146.094,0.66485
2014-09-24T02:25:45Z,6572.984,0.6036,-0.8125,-0.005,306.608,0.01785,0.05108,-0.00301,-1.1997,-1.357,145.9677,0.64798
2014-09-24T02:25:46Z,6582.287,0.7167,-0.5055,0.0449,324.804,0.04838,0.05255,0.01336,-1.2637,-1.1754,145.9773,0.6483
2014-09-24T02:25:47Z,6591.396,0.5371,-0.5481,-0.1522,314.417,0.03889,0.03423,-0.0205,-1.3424,-1.3293,146.1424,0.66252
2014-09-24T02:25:48Z,6600.662,0.6303,-0.8114,-0.2544,307.84,0.03844,-0.01676,-0.03388,-1.2295,-1.0972,145.9827,0.64341
2014-09-24T02:25:49Z,6609.295,0.5378,-0.8471,-0.0689,302.409,0.0357,0.03805,-0.03983,-1.3288,-1.0863,145.7975,0.65526
2014-09-24T02:25:50Z,6618.785,0.6789,-0.7933,0.0568,310.558,0.02826,0.02155,-0.01294,-1.3637,-1.1835,146.0278,0.65783
2014-09-24T02:25:51Z,6628.06,0.6998,-0.5663,-0.294,321.018,0.07775,0.08099,-0.04662,-1.5031,-1.2182,146.0921,0.6528
2014-09-24T02:25:52Z,6637.355,0.5646,-0.6044,-0.056,313.05,0.01842,0.04816,-0.03387,-1.2246,-1.2411,146.1689,0.64718
2014-09-24T02:25:53Z,6645.941,0.5277,-0.525,-0.1639,315.147,0.07361,0.01862,-0.04977,-1.344,-1.2286,146.23,0.66152
2014-09-24T02:25:54Z,6655.263,0.3907,-0.69,0.004,299.517,0.06572,-0.01308,-0.01333,-1.2714,-1.1909,146.0763,0.66775
2014-09-24T02:25:55Z,6663.601,0.4151,-0.7776,0.224,298.093,0.04047,0.05273,-0.04531,-1.3257,-1.2152,146.1362,0.65808
2014-09-24T02:25:56Z,6673.498,0.3703,-0.4986,0.0064,306.596,0.06378,0.05509,-0.05913,-1.302,-1.1427,146.0849,0.65534
2014-09-24T02:25:57Z,6682.703,0.5139,-0.7172,0.0173,305.623,0.047,0.03202,-0.05519,-1.4507,-1.2936,146.1108,0.67609
2014-09-24T02:25:58Z,6691.704,0.3124,-0.6039,0.1119,297.353,0.02389,0.05223,-0.04215,-1.5303,-1.0968,146.0593,0.67152
2014-09-24T02:25:59Z,6701.297,0.3915,-0.862,0.03,294.425,0.02463,0.02815,-0.04034,-1.3742,-1.2518,146.1192,0.66566
2014-09-24T02:26:00Z,6710.401,0.0666,-0.7127,0.0063,275.338,0.06874,0.06326,-0.0225,-1.4394,-1.2766,146.0103,0.67718
2014-09-24T02:26:01Z,6718.815,0.6782,-0.4736,0.1204,325.069,0.06791,0.06112,-0.03329,-1.5015,-1.1869,146.284,0.67299
2014-09-24T02:26:02Z,6728.87,0.3862,-0.73,0.0748,297.882,0.05933,-0.00495,-0.02044,-1.4191,-1.1808,145.8497,0.68662
2014-09-24T02:26:03Z,6737.662,0.4874,-0.4982,0.0564,314.373,0.04395,0.00086,-0.01889,-1.4679,-1.3529,146.1487,0.67886
2014-09-24T02:26:04Z,6747.352,0.6374,-0.9677,0.0136,303.373,0.04943,0.08623,-0.0121,-1.4554,-1.2515,146.1264,0.66366
2014-09-24T02:26:05Z,6755.932,0.4636,-0.6998,-0.0072,303.524,0.0465,0.05847,-0.07876,-1.6021,-1.3859,146.1345,0.67074
2014-09-24T02:26:06Z,6765.594,0.6349,-0.6392,0.1191,314.803,0.01141,0.00332,-0.05969,-1.4557,-1.2654,145.982,0.67234
2014-09-24T02:26:07Z,6774.69,0.2317,-0.3499,-0.0064,303.508,0.05706,-0.00467,-0.01809,-1.5477,-1.2611,145.9355,0.68092
2014-09-24T02:26:08Z,6784.105,0.7772,-0.7844,0.1503,314.738,0.06904,0.0395,-0.02713,-1.4738,-1.1859,146.1669,0.67722
2014-09-24T02:26:09Z,6793.256,0.5804,-0.5062,-0.0776,318.91,0.0581,0.00545,-0.00844,-1.4962,-1.272,146.2435,0.67183
2014-09-24T02:26:10Z,6802.339,0.4485,-0.4461,0.1704,315.154,0.10108,0.0258,-0.07192,-1.5316,-1.2523,146.1346,0.68676
2014-09-24T02:26:11Z,6811.111,0.6306,-0.7107,0.0742,311.584,0.03216,0.03225,-0.04564,-1.6082,-1.1032,146.1962,0.69123
2014-09-24T02:26:12Z,6820.355,0.2413,-0.6563,-0.0699,290.185,0.04118,0.03087,-0.04162,-1.5551,-1.0417,146.0731,0.68358
2014-09-24T02:26:13Z,6829.894,0.3729,-0.5767,0.0778,302.888,0.06146,0.061,-0.0305,-1.5353,-1.2799,146.1553,0.68724
2014-09-24T02:26:14Z,6839.326,0.6326,-0.818,-0.0383,307.715,0.06465,0.07841,-0.03421,-1.5879,-1.124,146.248,0.67899
2014-09-24T02:26:15Z,6848.35,0.1356,-0.6619,0.0301,281.577,0.01144,0.02027,-0.02382,-1.6322,-1.174,146.0974,0.68369
2014-09-24T02:26:16Z,6858.019,0.4994,-0.3999,-0.022,321.31,0.07445,0.00368,-0.03886,-1.6033,-1.3436,146.2507,0.68516
2014-09-24T02:26:17Z,6866.943,0.4949,-0.5108,0.0133,314.091,0.066,0.04137,-0.00213,-1.7139,-1.2673,145.9721,0.6946
2014-09-24T02:26:18Z,6875.947,0.7102,-0.6106,0.1206,319.31,0.00722,0.07214,0.0054,-1.5622,-1.4457,146.0777,0.6933
2014-09-24T02:26:19Z,6885.435,0.177,-0.5679,0.0783,287.309,0.05769,0.02097,-0.06527,-1.8292,-1.1771,146.1971,0.68971
2014-09-24T02:26:20Z,6894.863,0.6556,-0.4956,-0.0862,322.912,0.04079,0.052,-0.03664,-1.703,-1.2888,146.3364,0.69049
2014-09-24T02:26:21Z,6904.152,0.3299,-0.4647,-0.0805,305.37,0.05007,0.00951,-0.01826,-1.7491,-1.1915,146.1511,0.67878
2014-09-24T02:26:22Z,6913.953,0.3464,-0.6618,0.0533,297.628,0.02834,0.03067,-0.02401,-1.7786,-0.9962,146.0499,0.70844
2014-09-24T02:26:23Z,6922.323,0.2299,-0.3461,0.0605,303.595,0.07259,0.00078,-0.04928,-1.7134,-1.0741,146.345,0.67996
2014-09-24T02:26:24Z,6931.796,0.2497,-0.3767,-0.0414,303.539,0.10661,0.0298,-0.03315,-1.8382,-1.2626,146.1481,0.70106
2014-09-24T02:26:25Z,6941.24,0.4731,-0.4705,0.1851,315.161,0.06958,0.02631,-0.07955,-1.5861,-1.2817,146.2309,0.69902
2014-09-24T02:26:26Z,6950.354,0.2454,-0.6964,0.1073,289.413,0.00934,0.04411,-0.04087,-1.8764,-1.0973,146.1348,0.6976
2014-09-24T02:26:27Z,6959.462,0.523,-0.7209,-0.0367,305.961,0.07084,0.07305,-0.07734,-1.8541,-1.2809,146.1864,0.70067
2014-09-24T02:26:28Z,6968.374,0.3123,-0.6148,-0.0464,296.925,0.05921,0.01856,-0.02857,-1.8712,-1.1211,146.1198,0.69641
2014-09-24T02:26:29Z,6978.019,0.2294,-0.5546,0.003,292.472,0.03691,-0.02202,-0.0696,-1.781,-0.9814,146.4057,0.70791
2014-09-24T02:26:30Z,6987.107,0.3319,-0.8269,-0.0075,291.868,0.07364,0.02261,-0.03806,-1.7248,-1.1461,146.303,0.69314
2014-09-24T02:26:31Z,6996.168,0.4613,-0.4854,0.1512,313.54,0.08715,0.03483,-0.03458,-1.7729,-1.1053,146.3648,0.70721
2014-09-24T02:26:32Z,7005.786,0.3688,-0.3643,0.124,315.348,0.0488,0.03208,-0.0411,-1.7059,-1.1146,146.1132,0.70009
2014-09-24T02:26:33Z,7014.994,0.4152,-0.4689,0.029,311.523,0.02477,0.02278,-0.05922,-1.8984,-1.2446,146.0136,0.70301
2014-09-24T02:26:34Z,7024.864,0.5141,-0.6547,0.0932,308.143,0.01592,0.0636,-0.04911,-1.7879,-1.1768,146.171,0.70412
2014-09-24T02:26:35Z,7034.172,0.5717,-0.6704,0.1076,310.459,0.04992,0.02949,-0.01475,-1.873,-1.2766,146.4561,0.70688
2014-09-24T02:26:36Z,7042.951,0.3626,-0.5043,0.0311,305.717,0.06301,0.02315,-0.05532,-1.8384,-1.097,146.1765,0.71308
2014-09-24T02:26:37Z,7052.486,0.2521,-0.5702,0.0655,293.854,0.05433,0.00601,-0.04459,-1.7757,-1.2871,146.3181,0.70963
2014-09-24T02:26:38Z,7061.239,0.4199,-0.4788,0.0846,311.251,0.05048,-0.01854,-0.05947,-2.0072,-1.1443,146.1148,0.71821
2014-09-24T02:26:39Z,7071.033,0.4787,-0.4529,0.0738,316.587,0.08209,0.03304,-0.02047,-1.7199,-1.11,146.1387,0.71992
2014-09-24T02:26:40Z,7080.665,0.1886,-0.3773,-0.0529,296.562,0.07979,0.03062,-0.04445,-1.8979,-1.2401,146.218,0.71483
2014-09-24T02:26:41Z,7090.137,0.2738,-0.7089,-0.0428,291.118,0.07352,-0.00232,-0.06592,-2.0217,-1.2587,146.4414,0.7186
2014-09-24T02:26:42Z,7098.925,0.2992,-0.5039,-0.004,300.704,0.08926,0.02273,-0.04706,-1.9553,-1.2149,146.3449,0.7301
2014-09-24T02:26:43Z,7108.873,0.3755,-0.5896,-0.0459,302.496,0.05275,0.01992,-0.05369,-1.8981,-1.273,146.0341,0.70334
2014-09-24T02:26:44Z,7117.307,0.2923,-0.548,-0.1226,298.077,0.0421,0.00758,-0.01326,-1.968,-1.1894,146.3107,0.72399
2014-09-24T02:26:45Z,7126.738,0.5122,-0.4015,0.0923,321.905,0.05671,0.00303,-0.04961,-2.0825,-1.2756,146.1337,0.72845
2014-09-24T02:26:46Z,7136.763,0.1649,-0.3831,0.0593,293.291,0.05529,0.03266,-0.08348,-1.9167,-1.2702,146.1851,0.72025
2014-09-24T02:26:47Z,7146.442,0.1684,-0.3173,-0.1094,297.95,0.01908,0.01656,-0.03686,-1.9878,-1.1593,146.309,0.73269
2014-09-24T02:26:48Z,7155.377,0.3549,-0.4613,0.0004,307.574,0.05702,0.00711,-0.00509,-1.8834,-1.1541,146.4025,0.7323
2014-09-24T02:26:49Z,7164.54,0.3783,-0.5397,0.006,305.03,0.09856,1e-05,-0.02023,-2.0262,-1.2275,146.4024,0.71606
2014-09-24T02:26:50Z,7173.139,0.1862,-0.5593,0.0426,288.416,0.09125,0.01797,-0.07814,-1.7648,-1.3363,146.3054,0.71729
2014-09-24T02:26:51Z,7182.557,0.3131,-0.7797,-0.0839,291.878,0.08463,0.044,-0.05769,-1.9094,-1.1114,146.3117,0.72422
2014-09-24T02:26:52Z,7192.67,0.3435,-0.3164,-0.1112,317.348,0.07507,0.02573,-0.05215,-1.9393,-1.2416,146.4166,0.71557
2014-09-24T02:26:53Z,7201.863,0.3443,-0.5638,0.0762,301.415,0.10827,0.0143,-0.05226,-1.9095,-1.0413,146.1294,0.74282
2014-09-24T02:26:54Z,7210.968,0.4258,-0.4377,-0.1293,314.209,0.04581,0.02761,-0.04267,-2.1092,-1.2175,146.4747,0.72799
2014-09-24T02:26:55Z,7220.749,0.3034,-0.4098,0.0008,306.514,0.04845,0.05367,-0.06121,-2.0071,-1.1967,146.2234,0.72258
2014-09-24T02:26:56Z,7230.14,0.6239,-0.6965,-0.0086,311.854,0.10094,0.03149,-0.0759,-1.8284,-1.2429,146.3281,0.71144
2014-09-24T02:26:57Z,7239.807,0.4751,-0.6463,0.0116,306.321,0.07377,0.0254,-0.02962,-2.0001,-1.1896,146.2575,0.72523
2014-09-24T02:26:58Z,7248.905,0.2805,-0.2738,0.0491,315.686,0.05655,0.03452,-0.0819,-1.9828,-0.9317,146.1967,0.71421
2014-09-24T02:26:59Z,7258.671,0.4153,-0.4604,0.1837,312.054,0.08737,0.01427,-0.07427,-2.0181,-1.2385,146.3636,0.73023
2014-09-24T02:27:00Z,7267.631,0.4194,-0.5892,-0.1362,305.446,0.06285,0.02249,-0.08286,-1.8664,-1.1093,146.3463,0.70458
2014-09-24T02:27:01Z,7276.978,0.5827,-0.5192,0.1114,318.298,0.05311,0.00533,-0.03971,-2.0057,-1.2051,146.3174,0.73608
2014-09-24T02:27:02Z,7286.785,0.31,-0.3354,-0.2276,312.751,0.05265,-0.02155,-0.05275,-2.0887,-1.1193,146.318,0.72203
2014-09-24T02:27:03Z,7295.467,0.5149,-0.3564,0.1629,325.311,0.08254,0.02544,-0.03372,-1.7843,-1.3687,146.4912,0.71227
2014-09-24T02:27:04Z,7306.195,0.4056,-0.7144,-0.1808,299.583,0.07987,0.0252,-0.07583,-2.1026,-1.0595,146.5633,0.72604
2014-09-24T02:27:05Z,7314.745,0.6227,-0.2476,0.2671,338.318,0.11286,0.009,-0.08792,-2.0021,-1.1888,146.4747,0.72666
2014-09-24T02:27:06Z,7324.154,0.5923,-0.346,-0.0156,329.71,0.06791,0.04175,-0.06808,-2.0631,-1.2385,146.3826,0.72634
2014-09-24T02:27:07Z,7333.615,0.4278,-0.5119,0.1524,309.887,0.06769,-0.00253,-0.06194,-2.0531,-1.1459,146.1967,0.73821
2014-09-24T02:27:08Z,7343.503,0.3585,-0.6659,0.1317,298.298,0.11156,-0.02911,-0.05254,-2.0828,-1.2077,146.4287,0.73052
2014-09-24T02:27:09Z,7352.54,0.4735,-0.3272,-0.0204,325.352,0.10041,-0.0026,-0.10021,-2.0421,-1.3121,146.4387,0.73412
2014-09-24T02:27:10Z,7361.122,0.3702,-0.4122,-0.0128,311.929,0.07959,-0.02404,-0.04657,-1.9207,-1.4153,146.4543,0.72602
2014-09-24T02:27:11Z,7371.599,0.6488,-0.7003,-0.0606,312.813,0.03713,0.0226,-0.08128,-2.152,-1.0765,146.2688,0.73167
2014-09-24T02:27:12Z,7380.415,0.4082,-0.5147,0.1018,308.418,0.05605,-0.005,-0.07549,-1.8991,-1.2416,146.4736,0.71802
2014-09-24T02:27:13Z,7390.003,0.3352,-0.0092,-0.0194,358.433,0.05017,0.03808,-0.03035,-1.9129,-1.2741,146.5505,0.73076
2014-09-24T02:27:14Z,7398.951,0.3268,-0.4739,-0.059,304.593,0.07761,0.03721,-0.11465,-1.9589,-1.2691,146.3019,0.72283
2014-09-24T02:27:15Z,7409.02,0.2134,-0.5858,0.0766,290.014,0.06417,-0.01035,-0.05239,-1.989,-1.1104,146.4744,0.73963
2014-09-24T02:27:16Z,7418.049,0.4785,-0.624,-0.0669,307.48,0.11711,-0.00778,-0.05286,-1.9763,-1.2681,146.3306,0.72984
2014-09-24T02:27:17Z,7427.756,0.2716,-0.2051,-0.0101,322.94,0.03792,0.02544,-0.08168,-1.8836,-1.1787,146.4073,0.73469
2014-09-24T02:27:18Z,7437.069,0.5589,-0.342,0.0334,328.54,0.04833,0.03623,-0.07276,-2.1359,-1.2584,146.3288,0.73162
2014-09-24T02:27:19Z,7447.292,0.1998,-0.2562,-0.0416,307.957,0.08363,-0.03893,-0.03143,-1.9367,-1.3335,146.3946,0.74409
2014-09-24T02:27:20Z,7456.766,0.4125,-0.4283,-0.0266,313.923,0.0907,0.01808,-0.01326,-2.0529,-1.1624,146.4014,0.71725
2014-09-24T02:27:21Z,7465.546,0.5656,-0.2757,0.176,334.012,0.01314,-0.04425,-0.03609,-1.9253,-1.1478,146.483,0.72891
2014-09-24T02:27:22Z,7475.012,0.0699,-0.5893,0.002,276.76,0.03457,-0.00337,-0.01593,-2.0384,-1.2919,146.5369,0.72221
2014-09-24T02:27:23Z,7484.323,0.6951,-0.4359,-0.0136,327.904,0.0715,0.03734,-0.08073,-1.9305,-1.2421,146.5757,0.71355
2014-09-24T02:27:24Z,7494.308,0.3281,-0.4155,0.0048,308.299,0.11212,0.08489,-0.10331,-2.1084,-1.2329,146.395,0.72179
2014-09-24T02:27:25Z,7503.276,0.4127,-0.2495,0.0677,328.849,0.12554,0.00333,-0.06549,-2.1173,-1.2066,146.5024,0.7394
2014-09-24T02:27:26Z,7512.717,0.4769,-0.4073,-0.0811,319.502,0.06811,-0.02223,-0.04442,-1.988,-1.0861,146.3629,0.7298
2014-09-24T02:27:27Z,7522.684,0.4997,-0.5471,0.0649,312.403,0.07432,-0.00423,-0.11127,-1.8609,-1.2714,146.468,0.72828
2014-09-24T02:27:28Z,7531.634,0.4315,-0.4421,0.0477,314.308,0.05778,0.00991,-0.08843,-1.9295,-1.2736,146.4897,0.73622
2014-09-24T02:27:29Z,7541.292,0.5396,-0.7014,-0.1568,307.573,0.09464,-0.00885,-0.08601,-1.9264,-1.2629,146.3995,0.73093
2014-09-24T02:27:30Z,7550.239,0.4675,-0.7964,0.2014,300.415,0.11713,-0.01557,-0.05707,-1.8961,-1.326,146.5541,0.73487
2014-09-24T02:27:31Z,7560.529,0.6533,-0.3218,0.168,333.78,0.11041,-0.00347,-0.06065,-1.9927,-1.3902,146.4891,0.7325
2014-09-24T02:27:32Z,7570.455,0.4671,-0.5009,-0.0582,313.0,0.07838,0.01674,-0.08608,-1.9078,-1.2436,146.5266,0.7342
2014-09-24T02:27:33Z,7579.525,0.6831,-0.4823,-0.0904,324.778,0.05823,0.00227,-0.06256,-1.9986,-1.2139,146.6401,0.72619
2014-09-24T02:27:34Z,7589.284,0.5232,-0.3167,0.0446,328.811,0.07948,-0.01589,-0.09602,-1.9726,-1.2578,146.4815,0.73808
2014-09-24T02:27:35Z,7597.98,0.1168,-0.2302,-0.1208,296.909,0.11388,-0.01095,-0.07841,-1.9578,-1.2649,146.6159,0.71991
2014-09-24T02:27:36Z,7607.865,0.7789,-0.3579,0.1581,335.325,0.06942,-0.0049,-0.09972,-1.9812,-1.3337,146.6818,0.72882
2014-09-24T02:27:37Z,7616.962,0.3008,-0.1472,-0.0252,333.922,0.03412,-0.01989,-0.07221,-1.9375,-1.2436,146.6824,0.73817
2014-09-24T02:27:38Z,7626.726,0.6108,-0.3593,0.1838,329.535,0.07057,-0.01293,-0.08881,-1.947,-1.2522,146.5322,0.72803
2014-09-24T02:27:39Z,7636.592,0.3901,-0.3877,-0.0609,315.178,0.07266,0.02048,-0.05188,-1.9775,-1.2298,146.4605,0.72569
2014-09-24T02:27:40Z,7645.877,0.5449,-0.3953,0.0103,324.037,0.03416,-0.00172,-0.07014,-1.9262,-1.244,146.4936,0.7473
2014-09-24T02:27:41Z,7654.87,0.2821,-0.6226,0.1481,294.374,0.08554,-0.04015,-0.0755,-1.8963,-1.2404,146.4127,0.74019
2014-09-24T02:27:42Z,7664.43,0.4788,-0.2847,-0.011,329.261,0.09244,0.02896,-0.02596,-1.9903,-1.1685,146.6469,0.72981
2014-09-24T02:27:43Z,7673.937,0.3466,-0.7933,0.0485,293.599,0.12633,0.0134,-0.06092,-1.8623,-1.2304,146.66,0.72075
2014-09-24T02:27:44Z,7684.125,0.6209,-0.5127,0.1305,320.453,0.04656,-0.03195,-0.08005,-1.9284,-1.2399,146.6039,0.71206
2014-09-24T02:27:45Z,7694.211,0.4494,-0.4197,-0.0344,316.963,0.09816,-0.00686,-0.08577,-1.866,-1.42,146.4616,0.73383
2014-09-24T02:27:46Z,7703.505,0.5237,-0.54,-0.105,314.122,0.1041,-0.01788,-0.10104,-1.9279,-1.1985,146.5697,0.7381
2014-09-24T02:27:47Z,7711.907,0.0584,-0.4878,-0.1248,276.824,0.09294,0.0185,-0.07349,-1.7832,-1.3089,146.7513,0.73094
2014-09-24T02:27:48Z,7722.614,0.3696,-0.1424,0.0794,338.937,0.0548,-0.00807,-0.06448,-1.7831,-1.281,146.6814,0.71389
2014-09-24T02:27:49Z,7731.993,0.4437,-0.2511,0.0599,330.494,0.05336,-0.00095,-0.12036,-1.9357,-1.3915,146.7059,0.72865
2014-09-24T02:27:50Z,7740.677,0.4153,-0.518,0.1271,308.719,0.08242,-0.00421,-0.10693,-1.8017,-1.1248,146.9656,0.72326
2014-09-24T02:27:51Z,7750.667,0.5255,-0.484,-0.0065,317.356,0.08225,-0.03684,-0.08606,-1.7197,-1.4924,146.6748,0.72824
2014-09-24T02:27:52Z,7760.715,0.326,-0.6034,-0.1222,298.378,0.06601,0.03494,-0.10093,-1.9028,-1.1778,146.4334,0.74227
2014-09-24T02:27:53Z,7770.087,0.3878,-0.3046,-0.2145,321.856,0.11229,0.01601,-0.07272,-1.8878,-1.2653,146.5464,0.73281
2014-09-24T02:27:54Z,7779.001,0.5573,-0.4462,0.3075,321.316,0.06997,-0.01958,-0.06957,-1.7506,-1.4542,146.6944,0.73088
2014-09-24T02:27:55Z,7789.241,0.0379,-0.7021,0.0734,273.086,0.03263,0.00355,-0.0775,-1.9049,-1.1413,146.6731,0.72568
2014-09-24T02:27:56Z,7797.851,0.4678,-0.3905,0.0343,320.14,0.07435,0.02275,-0.061,-1.8533,-1.2657,146.6615,0.72912
2014-09-24T02:27:57Z,7808.096,0.3288,-0.3382,0.0485,314.194,0.09193,-0.00056,-0.0897,-1.8628,-1.498,146.6707,0.71979
2014-09-24T02:27:58Z,7818.151,0.2416,-0.2579,-0.1226,313.123,0.08845,0.03661,-0.07654,-1.7121,-1.3457,146.6152,0.72978
2014-09-24T02:27:59Z,7827.34,0.4285,-0.4119,-0.059,316.134,0.08822,0.07029,-0.10078,-1.8175,-1.2718,146.7385,0.72355
2014-09-24T02:28:00Z,7836.744,0.5618,-0.4553,0.1948,320.979,0.11718,-0.00617,-0.06889,-1.7748,-1.1801,146.8481,0.71828
2014-09-24T02:28:01Z,7846.818,0.5331,-0.0998,0.0862,349.394,0.05191,-0.01793,-0.07442,-1.8016,-1.3526,146.8895,0.73114
2014-09-24T02:28:02Z,7856.439,0.3565,-0.3952,-0.056,312.052,0.06914,-0.02845,-0.10659,-1.6395,-1.5343,146.8943,0.70653
2014-09-24T02:28:03Z,7866.15,0.5077,-0.2867,-0.1024,330.545,0.11831,-0.05941,-0.08081,-1.7894,-1.2086,146.636,0.71979
2014-09-24T02:28:04Z,7875.595,0.5062,-0.4741,-0.0313,316.875,0.03044,0.02678,-0.07818,-1.8225,-1.2882,146.7373,0.72881
2014-09-24T02:28:05Z,7885.269,0.3624,-0.2881,-0.0113,321.516,0.07822,-0.01361,-0.07051,-1.8146,-1.5095,146.7156,0.73347
2014-09-24T02:28:06Z,7894.751,0.2712,-0.6085,0.2251,294.022,0.11022,0.01676,-0.06988,-1.6322,-1.3063,146.814,0.72721
2014-09-24T02:28:07Z,7904.194,0.2795,-0.4579,0.0013,301.395,0.10978,0.02143,-0.09616,-1.615,-1.3007,146.7543,0.71783
2014-09-24T02:28:08Z,7913.743,0.5,-0.5683,-0.0989,311.341,0.09586,-0.03285,-0.05934,-1.5648,-1.3654,146.7479,0.72257
2014-09-24T02:28:09Z,7923.242,0.3676,-0.4763,0.0141,307.659,0.09641,-0.02945,-0.06565,-1.7538,-1.4085,146.9238,0.72508
2014-09-24T02:28:10Z,7932.518,0.2166,-0.1966,0.0464,317.78,0.05316,0.03709,-0.09713,-1.6595,-1.394,146.7961,0.73501
2014-09-24T02:28:11Z,7942.228,0.1204,-0.4745,-0.1081,284.239,0.11343,-0.00863,-0.10788,-1.4347,-1.3743,146.8066,0.72967
2014-09-24T02:28:12Z,7952.087,0.4975,-0.2734,0.0601,331.21,0.049,-0.02374,-0.0958,-1.6407,-1.3228,146.8435,0.72951
2014-09-24T02:28:13Z,7961.897,0.2902,-0.152,0.1407,332.356,0.05039,-0.03371,-0.11668,-1.6491,-1.2912,146.8779,0.72239
2014-09-24T02:28:14Z,7971.946,0.4214,-0.3822,0.0336,317.788,0.0885,-0.01147,-0.07497,-1.5931,-1.5291,146.8865,0.7131
2014-09-24T02:28:15Z,7981.06,0.5574,-0.2276,-0.06,337.789,0.06637,0.02942,-0.05086,-1.5362,-1.3399,146.9816,0.71021
2014-09-24T02:28:16Z,7991.062,0.1746,-0.2955,-0.0332,300.584,0.08375,0.0085,-0.0452,-1.5245,-1.3245,146.706,0.71886
2014-09-24T02:28:17Z,8000.728,0.3638,-0.3562,-0.1463,315.603,0.08923,-0.00444,-0.10825,-1.6015,-1.3531,146.8752,0.72667
2014-09-24T02:28:18Z,8009.911,0.3446,-0.2597,0.0062,322.995,0.12279,0.03038,-0.06162,-1.5858,-1.4022,146.8407,0.71688
2014-09-24T02:28:19Z,8019.846,0.4267,-0.0948,0.0506,347.477,0.08905,0.02522,-0.07946,-1.5492,-1.2594,146.8291,0.72529
2014-09-24T02:28:20Z,8029.202,0.5552,-0.4649,-0.0702,320.058,0.06262,-0.00167,-0.14174,-1.5702,-1.2687,146.9432,0.71419
2014-09-24T02:28:21Z,8039.402,0.1694,-0.5117,0.2134,288.322,0.09486,0.05903,-0.09043,-1.5967,-1.4088,147.0054,0.71526
2014-09-24T02:28:22Z,8048.817,0.4539,-0.5191,0.0986,311.169,0.05701,-0.01691,-0.09348,-1.3392,-1.3894,146.8249,0.73149
2014-09-24T02:28:23Z,8057.836,0.5228,-0.2159,-0.1599,337.565,0.10049,0.01638,-0.05239,-1.5022,-1.3243,147.0612,0.72622
2014-09-24T02:28:24Z,8067.971,0.3397,-0.1942,-0.1579,330.249,0.07912,-0.02124,-0.1047,-1.4833,-1.2868,146.7577,0.71749
2014-09-24T02:28:25Z,8078.156,0.3465,-0.4426,-0.0792,308.058,0.08737,0.01081,-0.06911,-1.4663,-1.458,146.9683,0.71317
2014-09-24T02:28:26Z,8087.183,0.4296,-0.6811,0.1765,302.239,0.03268,-0.01832,-0.08613,-1.4326,-1.4798,146.8287,0.72728
2014-09-24T02:28:27Z,8097.075,0.4181,-0.4605,0.1082,312.237,0.02076,-0.00092,-0.11986,-1.3765,-1.3776,146.8621,0.72659
2014-09-24T02:28:28Z,8106.783,0.4533,-0.2757,0.1815,328.694,0.03932,0.04696,-0.09778,-1.4335,-1.4929,146.9409,0.7246
2014-09-24T02:28:29Z,8115.907,0.4498,-0.3665,0.0201,320.824,0.12033,0.01065,-0.04594,-1.29,-1.5621,146.9036,0.71797
2014-09-24T02:28:30Z,8126.129,0.2178,-0.328,-0.0019,303.586,0.04781,-0.00157,-0.08882,-1.318,-1.4756,146.6657,0.71056
2014-09-24T02:28:31Z,8135.146,0.5133,-0.4322,-0.1058,319.901,0.09464,-0.0332,-0.06209,-1.3656,-1.3801,147.0219,0.71912
2014-09-24T02:28:32Z,8145.102,0.5393,-0.2002,0.0539,339.638,0.06009,-0.00947,-0.06372,-1.3881,-1.2928,147.0474,0.73045
2014-09-24T02:28:33Z,8155.388,0.3917,-0.2993,-0.0007,322.613,0.06995,-0.03972,-0.09645,-1.2322,-1.4773,146.962,0.71187
2014-09-24T02:28:34Z,8164.829,0.1393,-0.2615,-0.0046,298.039,0.07464,0.00732,-0.11758,-1.3161,-1.4342,146.9629,0.71948
2014-09-24T02:28:35Z,8174.294,0.3458,-0.3242,0.1806,316.842,0.11665,0.00635,-0.11453,-1.3865,-1.4154,146.9584,0.73217
2014-09-24T02:28:36Z,8184.257,0.3917,-0.268,0.0061,325.617,0.08996,-0.02003,-0.04969,-1.1892,-1.4834,146.8333,0.71663
2014-09-24T02:28:37Z,8193.782,0.1904,-0.2765,0.1518,304.552,0.08477,0.02571,-0.08243,-1.3127,-1.4934,146.8316,0.71805
2014-09-24T02:28:38Z,8203.514,0.3077,-0.4832,-0.1401,302.488,0.10735,0.02185,-0.12981,-1.1686,-1.4122,147.1026,0.70828
2014-09-24T02:28:39Z,8213.448,0.1498,-0.2866,0.2874,297.6,0.05888,-0.01282,-0.06585,-1.4226,-1.5385,147.1376,0.7241
2014-09-24T02:28:40Z,8222.676,0.4519,-0.2225,-0.0188,333.787,0.1012,-0.00276,-0.13161,-1.2343,-1.5079,147.0998,0.71323
2014-09-24T02:28:41Z,8232.66,0.3853,-0.1666,0.0892,336.618,0.09679,-0.03195,-0.10783,-1.0951,-1.4665,147.087,0.70677
2014-09-24T02:28:42Z,8242.255,0.1131,-0.2761,0.1051,292.278,0.09628,-0.02438,-0.08537,-1.1705,-1.4283,147.1364,0.71164
2014-09-24T02:28:43Z,8251.531,0.4123,-0.482,-0.0313,310.545,0.06992,-0.04486,-0.02462,-1.1059,-1.5792,147.1388,0.72102
2014-09-24T02:28:44Z,8261.489,0.3507,-0.4575,0.1003,307.467,0.06262,-0.03021,-0.06746,-1.2087,-1.4723,146.9977,0.7068
2014-09-24T02:28:45Z,8272.088,0.4361,-0.3997,0.1055,317.493,0.05157,-0.0212,-0.10015,-1.0913,-1.569,147.1076,0.70847
2014-09-24T02:28:46Z,8281.405,0.2995,-0.3047,-0.053,314.507,0.05288,-0.06043,-0.08761,-1.1013,-1.5244,147.0649,0.72415
2014-09-24T02:28:47Z,8290.541,0.2376,-0.3502,-0.0519,304.161,0.04988,-0.00484,-0.06554,-1.0645,-1.4106,147.0754,0.71923
2014-09-24T02:28:48Z,8300.203,0.2418,-0.4991,0.0228,295.85,0.08172,0.00596,-0.05321,-0.9031,-1.4836,147.2269,0.71265
2014-09-24T02:28:49Z,8310.443,0.2762,-0.4986,0.0066,298.986,0.06658,-0.02012,-0.09517,-0.944,-1.3481,147.2796,0.71756
2014-09-24T02:28:50Z,8320.772,0.3593,-0.6426,0.1575,299.212,0.08281,-0.08769,-0.09466,-0.967,-1.4915,146.8968,0.73422
2014-09-24T02:28:51Z,8329.907,0.3783,-0.7944,0.0884,295.462,0.08395,-0.02691,-0.11016,-0.9479,-1.4123,147.1152,0.73076
2014-09-24T02:28:52Z,8340.18,0.327,-0.3449,0.011,313.471,0.04499,-0.05575,-0.07299,-1.0668,-1.4303,147.1193,0.71986
2014-09-24T02:28:53Z,8349.599,0.2917,0.0241,0.0786,4.73,0.04396,-0.03649,-0.06418,-1.0134,-1.4991,147.2756,0.72747
2014-09-24T02:28:54Z,8359.397,0.3021,-0.0531,-0.1867,350.034,0.0652,0.01472,-0.1385,-1.0799,-1.6074,147.0238,0.72215
2014-09-24T02:28:55Z,8368.524,0.7306,-0.4681,-0.0436,327.351,0.05125,-0.08277,-0.10016,-1.0403,-1.5147,146.8793,0.70725
2014-09-24T02:28:56Z,8379.082,0.2383,-0.2975,0.0467,308.693,0.04833,-0.04264,-0.12078,-0.991,-1.5531,147.2698,0.70609
2014-09-24T02:28:57Z,8388.402,0.2698,-0.5384,0.1294,296.615,0.11244,-0.00182,-0.08688,-0.9037,-1.5604,147.2935,0.71473
2014-09-24T02:28:58Z,8398.59,0.8471,-0.5142,0.0378,328.74,0.03141,-0.04044,-0.1218,-0.9805,-1.5065,147.0283,0.7097
2014-09-24T02:28:59Z,8407.775,0.4158,-0.4958,0.1636,309.984,0.12002,-0.04268,-0.12405,-0.8667,-1.6392,147.2039,0.7248
2014-09-24T02:29:00Z,8417.896,0.1452,-0.3487,0.1045,292.604,0.07636,0.02727,-0.06315,-0.8569,-1.5975,147.3789,0.71856
2014-09-24T02:29:01Z,8427.736,0.4781,-0.341,-0.0312,324.506,0.09348,-0.01441,-0.09558,-0.9162,-1.6129,147.1277,0.72671
2014-09-24T02:29:02Z,8437.34,0.2148,-0.2744,0.0036,308.05,0.09022,-0.00083,-0.09313,-0.6842,-1.5566,147.2553,0.7272
2014-09-24T02:29:03Z,8447.319,0.4872,-0.2116,0.0584,336.526,0.08361,-0.01214,-0.08103,-0.8929,-1.6021,147.3057,0.72957
2014-09-24T02:29:04Z,8456.872,0.3188,-0.3604,-0.0273,311.498,0.10941,-0.02079,-0.06774,-0.6781,-1.6012,147.1218,0.71701
2014-09-24T02:29:05Z,8466.528,0.2841,-0.3032,0.1706,313.137,0.04048,0.00645,-0.10266,-0.9283,-1.5386,147.2179,0.72899
2014-09-24T02:29:06Z,8477.111,0.5909,-0.4713,-0.0934,321.421,0.0633,0.02216,-0.10228,-0.7398,-1.5896,147.115,0.71765
2014-09-24T02:29:07Z,8486.713,0.4341,-0.5077,0.049,310.528,0.04555,-0.06788,-0.10236,-0.8046,-1.558,147.2774,0.73142
2014-09-24T02:29:08Z,8495.879,0.4947,-0.5297,0.0909,313.041,0.02413,-0.02699,-0.0657,-0.7414,-1.6521,147.2246,0.73597
2014-09-24T02:29:09Z,8506.147,0.4135,-0.2062,-0.014,333.496,0.04966,-0.02751,-0.09462,-0.5245,-1.6337,147.3344,0.73245
2014-09-24T02:29:10Z,8515.494,0.2812,-0.3531,-0.0366,308.534,0.11265,-0.03748,-0.10036,-0.6772,-1.4087,147.387,0.72574
2014-09-24T02:29:11Z,8525.148,0.4391,-0.5818,0.0097,307.043,0.06115,-0.00253,-0.08349,-0.7178,-1.6323,147.4723,0.73219
2014-09-24T02:29:12Z,8535.737,0.5283,-0.3093,0.0984,329.65,0.11472,-0.02095,-0.04765,-0.5704,-1.7497,147.5766,0.71591
2014-09-24T02:29:13Z,8544.594,0.3668,-0.486,-0.0328,307.038,0.11692,0.02045,-0.09174,-0.6178,-1.5584,147.3741,0.71464
2014-09-24T02:29:14Z,8555.333,0.6163,-0.0484,-0.0897,355.512,0.13929,-0.00049,-0.1005,-0.5571,-1.6471,147.3317,0.73299
2014-09-24T02:29:15Z,8564.742,0.4732,-0.3831,0.1322,321.009,0.11168,0.00581,-0.04536,-0.6221,-1.5756,147.3359,0.74028
2014-09-24T02:29:16Z,8574.58,0.377,-0.1928,0.057,332.913,0.12263,-0.0586,-0.06085,-0.5979,-1.607,147.287,0.72055
2014-09-24T02:29:17Z,8584.625,0.3825,-0.1305,0.1178,341.165,0.07143,-0.04908,-0.06463,-0.5714,-1.5605,147.4384,0.73111
2014-09-24T02:29:18Z,8594.516,0.3649,-0.4358,0.0929,309.935,0.06863,-0.04733,-0.10693,-0.4241,-1.6172,147.3542,0.73511
2014-09-24T02:29:19Z,8603.857,0.1562,-0.28,0.235,299.154,0.06991,0.00353,-0.10956,-0.4857,-1.6322,147.4657,0.7273
2014-09-24T02:29:20Z,8614.234,0.3299,-0.2072,0.1284,327.87,0.06215,-0.05404,-0.14057,-0.5309,-1.527,147.3307,0.73014
2014-09-24T02:29:21Z,8623.863,0.3762,-0.2717,-0.0555,324.16,0.0655,-0.05361,-0.07075,-0.4136,-1.8011,147.3876,0.73841
2014-09-24T02:29:22Z,8633.226,0.2802,-0.2337,0.0639,320.167,0.08017,-0.0585,-0.0931,-0.3996,-1.7346,147.4877,0.73503
2014-09-24T02:29:23Z,8643.453,0.3928,-0.4861,-0.0389,308.938,0.04933,0.03806,-0.14019,-0.3394,-1.6994,147.4423,0.73574
2014-09-24T02:29:24Z,8653.845,0.3448,-0.2023,-0.0286,329.596,0.02613,-0.03463,-0.06527,-0.4031,-1.7737,147.273,0.72767
2014-09-24T02:29:25Z,8663.8,0.4572,-0.3572,-0.1245,322.004,0.06926,-0.01813,-0.10389,-0.3501,-1.6815,147.4739,0.73598
2014-09-24T02:29:26Z,8673.32,0.4402,-0.2307,-0.0119,332.344,0.04244,-0.06019,-0.10095,-0.2894,-1.6944,147.4056,0.73376
2014-09-24T02:29:27Z,8682.51,0.3655,-0.144,0.0712,338.495,0.04462,-0.00799,-0.13356,-0.3831,-1.5751,147.6143,0.73492
2014-09-24T02:29:28Z,8692.96,0.1348,-0.1805,0.01,306.761,0.05537,-0.07661,-0.08357,-0.2106,-1.6651,147.6037,0.73408
2014-09-24T02:29:29Z,8702.95,0.6081,-0.2273,-0.0934,339.503,0.04921,-0.05704,-0.08346,-0.2593,-1.6801,147.2887,0.73894
2014-09-24T02:29:30Z,8712.774,0.3177,-0.1821,-0.1358,330.175,0.08585,-0.05115,-0.09734,-0.3278,-1.6985,147.6076,0.73297
2014-09-24T02:29:31Z,8722.665,0.3264,-0.174,0.2277,331.934,0.0535,-0.02769,-0.10673,-0.3075,-1.7573,147.5769,0.74079
2014-09-24T02:29:32Z,8732.391,0.2868,-0.0518,0.049,349.752,0.08626,-0.05328,-0.03074,-0.2059,-1.607,147.4001,0.73856
2014-09-24T02:29:33Z,8742.115,0.2644,-0.2801,-0.066,313.349,0.06196,0.00436,-0.12661,-0.221,-1.5866,147.6468,0.73482
2014-09-24T02:29:34Z,8751.807,0.5689,-0.2493,0.0626,336.335,0.05416,-0.02146,-0.11468,-0.0956,-1.7855,147.4416,0.72749
2014-09-24T02:29:35Z,8761.239,0.5448,-0.133,0.2353,346.282,0.05989,-0.05157,-0.07906,-0.1579,-1.564,147.6947,0.75147
2014-09-24T02:29:36Z,8771.908,0.403,-0.3452,0.0784,319.422,0.02321,-0.00967,-0.12225,-0.0897,-1.7525,147.5262,0.75069
2014-09-24T02:29:37Z,8781.743,0.3198,-0.4708,-0.2624,304.189,0.0635,-0.04473,-0.12421,-0.1608,-1.7642,147.4497,0.73911
2014-09-24T02:29:38Z,8791.765,0.4284,-0.1954,0.2815,335.483,0.07583,-0.04995,-0.06883,-0.0737,-1.6714,147.8242,0.75185
2014-09-24T02:29:39Z,8800.996,0.3462,-0.2992,-0.1687,319.165,0.07892,-0.01308,-0.0821,0.0544,-1.6695,147.4682,0.73905
2014-09-24T02:29:40Z,8811.588,0.3061,-0.4482,-0.0044,304.326,0.01989,-0.09708,-0.08524,-0.0417,-1.7254,147.553,0.74565
2014-09-24T02:29:41Z,8821.983,0.3848,-0.1909,-0.0972,333.619,0.01527,-0.01767,-0.0929,-0.053,-1.7527,147.5834,0.74474
2014-09-24T02:29:42Z,8831.195,0.2676,-0.0502,-0.0579,349.369,0.03936,-0.05415,-0.11486,-0.0568,-1.6365,147.6096,0.74764
2014-09-24T02:29:43Z,8841.053,0.3711,-0.5082,0.0445,306.138,0.08693,-0.05447,-0.10397,0.0319,-1.7855,147.7359,0.75591
2014-09-24T02:29:44Z,8851.093,0.3635,-0.1093,-0.1911,343.26,0.05737,0.01207,-0.09974,0.1671,-1.7465,147.6826,0.74842
2014-09-24T02:29:45Z,8861.609,0.4228,-0.6421,0.007,303.363,0.03201,-0.05044,-0.0767,-0.0336,-1.6109,147.7881,0.74981
2014-09-24T02:29:46Z,8870.456,0.2391,-0.3205,0.1307,306.722,0.01458,-0.01354,-0.08731,0.0925,-1.8587,147.7358,0.75938
2014-09-24T02:29:47Z,8880.805,0.438,0.0167,-0.0684,2.183,0.03333,-0.03073,-0.12125,-0.0196,-1.7939,147.5422,0.75484
2014-09-24T02:29:48Z,8890.376,0.1952,-0.3076,-0.1231,302.396,0.03116,-0.02841,-0.0784,0.1057,-1.6806,147.7754,0.75053
2014-09-24T02:29:49Z,8900.39,0.2448,-0.2437,0.0019,315.122,0.07286,-0.04452,-0.1402,0.1805,-1.7258,147.7548,0.75811
2014-09-24T02:29:50Z,8910.492,0.2509,-0.1417,-0.018,330.54,0.0743,-0.0461,-0.10633,0.054,-1.702,147.6799,0.76505
2014-09-24T02:29:51Z,8920.912,0.1689,-0.5125,-0.0437,288.241,0.02225,-0.0006,-0.12696,0.1658,-1.8849,147.9608,0.76648
2014-09-24T02:29:52Z,8931.005,0.4816,-0.2431,-0.1031,333.215,0.06683,-0.01581,-0.11992,0.2456,-1.7589,147.8253,0.74837
2014-09-24T02:29:53Z,8940.469,0.1835,-0.2433,0.0676,307.029,0.06378,-0.05183,-0.05041,0.2538,-1.8129,147.8697,0.74971
2014-09-24T02:29:54Z,8950.121,0.2236,0.0275,0.0752,7.015,0.01752,-0.06575,-0.13542,0.2913,-1.6139,147.8843,0.76884
2014-09-24T02:29:55Z,8961.069,0.5162,-0.4361,-0.0909,319.811,0.04442,-0.05448,-0.11921,0.207,-1.7365,147.7557,0.75949
2014-09-24T02:29:56Z,8969.993,0.242,-0.3069,-0.0771,308.249,0.05453,-0.01559,-0.08604,0.329,-1.8086,147.8722,0.74513
2014-09-24T02:29:57Z,8979.892,0.2989,-0.3879,0.0292,307.615,0.04959,-0.01092,-0.11062,0.2786,-1.7896,147.8517,0.75784
2014-09-24T02:29:58Z,8989.423,0.1749,-0.4028,-0.081,293.472,0.00224,-0.02678,-0.09506,0.4045,-1.8138,147.7756,0.76111
2014-09-24T02:29:59Z,9000.489,0.4511,-0.0774,0.0334,350.265,0.04777,-0.08133,-0.06327,0.1832,-1.7679,147.7203,0.76307
